CREATE TABLE IF NOT EXISTS "account_emailaddress" ("id" integer NOT NULL PRIMARY KEY AUTOINCREMENT, "verified" bool NOT NULL, "primary" bool NOT NULL, "user_id" integer NOT NULL REFERENCES "auth_user" ("id") DEFERRABLE INITIALLY DEFERRED, "email" varchar(254) NOT NULL);
CREATE UNIQUE INDEX "auth_group_permissions_group_id_permission_id_0cd325b0_uniq" ON "auth_group_permissions" ("group_id", "permission_id");
CREATE INDEX IF NOT EXISTS "auth_group_permissions_group_id_b120cbf9" ON "auth_group_permissions" ("group_id");
CREATE INDEX IF NOT EXISTS "auth_group_permissions_permission_id_84c5c92e" ON "auth_group_permissions" ("permission_id");
CREATE UNIQUE INDEX "auth_user_groups_user_id_group_id_94350c0c_uniq" ON "auth_user_groups" ("user_id", "group_id");
CREATE INDEX IF NOT EXISTS "auth_user_groups_user_id_6a12ed8b" ON "auth_user_groups" ("user_id");
CREATE INDEX IF NOT EXISTS "auth_user_groups_group_id_97559544" ON "auth_user_groups" ("group_id");
CREATE UNIQUE INDEX "auth_user_user_permissions_user_id_permission_id_14a6b632_uniq" ON "auth_user_user_permissions" ("user_id", "permission_id");
CREATE INDEX IF NOT EXISTS "auth_user_user_permissions_user_id_a95ead1b" ON "auth_user_user_permissions" ("user_id");
CREATE INDEX IF NOT EXISTS "auth_user_user_permissions_permission_id_1fbb5f2c" ON "auth_user_user_permissions" ("permission_id");
CREATE INDEX IF NOT EXISTS "django_admin_log_content_type_id_c4bce8eb" ON "django_admin_log" ("content_type_id");
CREATE INDEX IF NOT EXISTS "django_admin_log_user_id_c564eba6" ON "django_admin_log" ("user_id");
CREATE UNIQUE INDEX "django_content_type_app_label_model_76bd3d3b_uniq" ON "django_content_type" ("app_label", "model");
CREATE UNIQUE INDEX "auth_permission_content_type_id_codename_01ab375a_uniq" ON "auth_permission" ("content_type_id", "codename");
CREATE INDEX IF NOT EXISTS "auth_permission_content_type_id_2f476e4b" ON "auth_permission" ("content_type_id");
CREATE INDEX IF NOT EXISTS "django_session_expire_date_a5c62663" ON "django_session" ("expire_date");
CREATE UNIQUE INDEX "knowledgebase_document_assocs_document_id_actor_id_0dba6674_uniq" ON "knowledgebase_document_assocs" ("document_id", "actor_id");
CREATE INDEX IF NOT EXISTS "knowledgebase_document_assocs_document_id_787a19cd" ON "knowledgebase_document_assocs" ("document_id");
CREATE INDEX IF NOT EXISTS "knowledgebase_document_assocs_actor_id_3ac84104" ON "knowledgebase_document_assocs" ("actor_id");
CREATE UNIQUE INDEX "knowledgebase_topic_products_topic_id_product_id_3f42bd5d_uniq" ON "knowledgebase_topic_products" ("topic_id", "product_id");
CREATE INDEX IF NOT EXISTS "knowledgebase_topic_products_topic_id_f888e9d9" ON "knowledgebase_topic_products" ("topic_id");
CREATE INDEX IF NOT EXISTS "knowledgebase_topic_products_product_id_8629a278" ON "knowledgebase_topic_products" ("product_id");
CREATE UNIQUE INDEX "knowledgebase_topic_locations_topic_id_location_id_f696a750_uniq" ON "knowledgebase_topic_locations" ("topic_id", "location_id");
CREATE INDEX IF NOT EXISTS "knowledgebase_topic_locations_topic_id_6aed79ba" ON "knowledgebase_topic_locations" ("topic_id");
CREATE INDEX IF NOT EXISTS "knowledgebase_topic_locations_location_id_8f9c03b8" ON "knowledgebase_topic_locations" ("location_id");
CREATE UNIQUE INDEX "knowledgebase_topic_activities_topic_id_activity_id_ec4b9f3e_uniq" ON "knowledgebase_topic_activities" ("topic_id", "activity_id");
CREATE INDEX IF NOT EXISTS "knowledgebase_topic_activities_topic_id_9de12ab5" ON "knowledgebase_topic_activities" ("topic_id");
CREATE INDEX IF NOT EXISTS "knowledgebase_topic_activities_activity_id_8baf0b60" ON "knowledgebase_topic_activities" ("activity_id");
CREATE UNIQUE INDEX "knowledgebase_topic_actors_topic_id_actor_id_95b82317_uniq" ON "knowledgebase_topic_actors" ("topic_id", "actor_id");
CREATE INDEX IF NOT EXISTS "knowledgebase_topic_actors_topic_id_8653ede0" ON "knowledgebase_topic_actors" ("topic_id");
CREATE INDEX IF NOT EXISTS "knowledgebase_topic_actors_actor_id_877d062b" ON "knowledgebase_topic_actors" ("actor_id");
CREATE UNIQUE INDEX "knowledgebase_topic_impacts_topic_id_impact_id_c9cfe9f2_uniq" ON "knowledgebase_topic_impacts" ("topic_id", "impact_id");
CREATE INDEX IF NOT EXISTS "knowledgebase_topic_impacts_topic_id_d750e6ab" ON "knowledgebase_topic_impacts" ("topic_id");
CREATE INDEX IF NOT EXISTS "knowledgebase_topic_impacts_impact_id_7b7ca3b9" ON "knowledgebase_topic_impacts" ("impact_id");
CREATE UNIQUE INDEX "knowledgebase_product_members_from_product_id_to_product_id_9a8ccd2c_uniq" ON "knowledgebase_product_members" ("from_product_id", "to_product_id");
CREATE INDEX IF NOT EXISTS "knowledgebase_product_members_from_product_id_c52d0ac5" ON "knowledgebase_product_members" ("from_product_id");
CREATE INDEX IF NOT EXISTS "knowledgebase_product_members_to_product_id_918c8808" ON "knowledgebase_product_members" ("to_product_id");
CREATE UNIQUE INDEX "knowledgebase_location_members_from_location_id_to_location_id_e45db455_uniq" ON "knowledgebase_location_members" ("from_location_id", "to_location_id");
CREATE INDEX IF NOT EXISTS "knowledgebase_location_members_from_location_id_7302ce95" ON "knowledgebase_location_members" ("from_location_id");
CREATE INDEX IF NOT EXISTS "knowledgebase_location_members_to_location_id_6ed01a55" ON "knowledgebase_location_members" ("to_location_id");
CREATE UNIQUE INDEX "knowledgebase_impact_members_from_impact_id_to_impact_id_a4d850d5_uniq" ON "knowledgebase_impact_members" ("from_impact_id", "to_impact_id");
CREATE INDEX IF NOT EXISTS "knowledgebase_impact_members_from_impact_id_105ca189" ON "knowledgebase_impact_members" ("from_impact_id");
CREATE INDEX IF NOT EXISTS "knowledgebase_impact_members_to_impact_id_8b695957" ON "knowledgebase_impact_members" ("to_impact_id");
CREATE UNIQUE INDEX "knowledgebase_activity_members_from_activity_id_to_activity_id_1eff765f_uniq" ON "knowledgebase_activity_members" ("from_activity_id", "to_activity_id");
CREATE INDEX IF NOT EXISTS "knowledgebase_activity_members_from_activity_id_c9a26e2e" ON "knowledgebase_activity_members" ("from_activity_id");
CREATE INDEX IF NOT EXISTS "knowledgebase_activity_members_to_activity_id_579436d7" ON "knowledgebase_activity_members" ("to_activity_id");
CREATE UNIQUE INDEX "knowledgebase_actor_members_from_actor_id_to_actor_id_e7ed223d_uniq" ON "knowledgebase_actor_members" ("from_actor_id", "to_actor_id");
CREATE INDEX IF NOT EXISTS "knowledgebase_actor_members_from_actor_id_f23e9112" ON "knowledgebase_actor_members" ("from_actor_id");
CREATE INDEX IF NOT EXISTS "knowledgebase_actor_members_to_actor_id_0201cd5c" ON "knowledgebase_actor_members" ("to_actor_id");
CREATE INDEX IF NOT EXISTS "rest_framework_api_key_apikey_created_c61872d9" ON "rest_framework_api_key_apikey" ("created");
CREATE INDEX IF NOT EXISTS "knowledgebase_actor_category_id_9ed600e2" ON "knowledgebase_actor" ("category_id");
CREATE INDEX IF NOT EXISTS "knowledgebase_product_category_id_e08a0e2f" ON "knowledgebase_product" ("category_id");
CREATE INDEX IF NOT EXISTS "account_emailconfirmation_email_address_id_5b7f8c58" ON "account_emailconfirmation" ("email_address_id");
CREATE UNIQUE INDEX "account_emailaddress_user_id_email_987c8728_uniq" ON "account_emailaddress" ("user_id", "email");
CREATE UNIQUE INDEX "unique_verified_email" ON "account_emailaddress" ("email") WHERE "verified";
CREATE INDEX IF NOT EXISTS "account_emailaddress_user_id_2c513194" ON "account_emailaddress" ("user_id");
CREATE INDEX IF NOT EXISTS "account_emailaddress_upper" ON "account_emailaddress" ((UPPER("email")));
CREATE UNIQUE INDEX "socialaccount_socialtoken_app_id_account_id_fca4e0ac_uniq" ON "socialaccount_socialtoken" ("app_id", "account_id");
CREATE INDEX IF NOT EXISTS "socialaccount_socialtoken_account_id_951f210e" ON "socialaccount_socialtoken" ("account_id");
CREATE INDEX IF NOT EXISTS "socialaccount_socialtoken_app_id_636a42d7" ON "socialaccount_socialtoken" ("app_id");
CREATE UNIQUE INDEX "socialaccount_socialaccount_provider_uid_fc810c6e_uniq" ON "socialaccount_socialaccount" ("provider", "uid");
CREATE INDEX IF NOT EXISTS "socialaccount_socialaccount_user_id_8146e70c" ON "socialaccount_socialaccount" ("user_id");
CREATE INDEX IF NOT EXISTS "knowledgebase_location_category_id_c7d20c2e" ON "knowledgebase_location" ("category_id");
CREATE INDEX IF NOT EXISTS "knowledgebase_evidence_document_id_c2f41197" ON "knowledgebase_evidence" ("document_id");
CREATE INDEX IF NOT EXISTS "knowledgebase_evidence_topic_id_0486bccd" ON "knowledgebase_evidence" ("topic_id");
CREATE TABLE IF NOT EXISTS "account_emailconfirmation" ("id" integer NOT NULL PRIMARY KEY AUTOINCREMENT, "created" datetime NOT NULL, "sent" datetime NULL, "key" varchar(64) NOT NULL UNIQUE, "email_address_id" integer NOT NULL REFERENCES "account_emailaddress" ("id") DEFERRABLE INITIALLY DEFERRED);
CREATE UNIQUE INDEX "auth_group_permissions_group_id_permission_id_0cd325b0_uniq" ON "auth_group_permissions" ("group_id", "permission_id");
CREATE INDEX IF NOT EXISTS "auth_group_permissions_group_id_b120cbf9" ON "auth_group_permissions" ("group_id");
CREATE INDEX IF NOT EXISTS "auth_group_permissions_permission_id_84c5c92e" ON "auth_group_permissions" ("permission_id");
CREATE UNIQUE INDEX "auth_user_groups_user_id_group_id_94350c0c_uniq" ON "auth_user_groups" ("user_id", "group_id");
CREATE INDEX IF NOT EXISTS "auth_user_groups_user_id_6a12ed8b" ON "auth_user_groups" ("user_id");
CREATE INDEX IF NOT EXISTS "auth_user_groups_group_id_97559544" ON "auth_user_groups" ("group_id");
CREATE UNIQUE INDEX "auth_user_user_permissions_user_id_permission_id_14a6b632_uniq" ON "auth_user_user_permissions" ("user_id", "permission_id");
CREATE INDEX IF NOT EXISTS "auth_user_user_permissions_user_id_a95ead1b" ON "auth_user_user_permissions" ("user_id");
CREATE INDEX IF NOT EXISTS "auth_user_user_permissions_permission_id_1fbb5f2c" ON "auth_user_user_permissions" ("permission_id");
CREATE INDEX IF NOT EXISTS "django_admin_log_content_type_id_c4bce8eb" ON "django_admin_log" ("content_type_id");
CREATE INDEX IF NOT EXISTS "django_admin_log_user_id_c564eba6" ON "django_admin_log" ("user_id");
CREATE UNIQUE INDEX "django_content_type_app_label_model_76bd3d3b_uniq" ON "django_content_type" ("app_label", "model");
CREATE UNIQUE INDEX "auth_permission_content_type_id_codename_01ab375a_uniq" ON "auth_permission" ("content_type_id", "codename");
CREATE INDEX IF NOT EXISTS "auth_permission_content_type_id_2f476e4b" ON "auth_permission" ("content_type_id");
CREATE INDEX IF NOT EXISTS "django_session_expire_date_a5c62663" ON "django_session" ("expire_date");
CREATE UNIQUE INDEX "knowledgebase_document_assocs_document_id_actor_id_0dba6674_uniq" ON "knowledgebase_document_assocs" ("document_id", "actor_id");
CREATE INDEX IF NOT EXISTS "knowledgebase_document_assocs_document_id_787a19cd" ON "knowledgebase_document_assocs" ("document_id");
CREATE INDEX IF NOT EXISTS "knowledgebase_document_assocs_actor_id_3ac84104" ON "knowledgebase_document_assocs" ("actor_id");
CREATE UNIQUE INDEX "knowledgebase_topic_products_topic_id_product_id_3f42bd5d_uniq" ON "knowledgebase_topic_products" ("topic_id", "product_id");
CREATE INDEX IF NOT EXISTS "knowledgebase_topic_products_topic_id_f888e9d9" ON "knowledgebase_topic_products" ("topic_id");
CREATE INDEX IF NOT EXISTS "knowledgebase_topic_products_product_id_8629a278" ON "knowledgebase_topic_products" ("product_id");
CREATE UNIQUE INDEX "knowledgebase_topic_locations_topic_id_location_id_f696a750_uniq" ON "knowledgebase_topic_locations" ("topic_id", "location_id");
CREATE INDEX IF NOT EXISTS "knowledgebase_topic_locations_topic_id_6aed79ba" ON "knowledgebase_topic_locations" ("topic_id");
CREATE INDEX IF NOT EXISTS "knowledgebase_topic_locations_location_id_8f9c03b8" ON "knowledgebase_topic_locations" ("location_id");
CREATE UNIQUE INDEX "knowledgebase_topic_activities_topic_id_activity_id_ec4b9f3e_uniq" ON "knowledgebase_topic_activities" ("topic_id", "activity_id");
CREATE INDEX IF NOT EXISTS "knowledgebase_topic_activities_topic_id_9de12ab5" ON "knowledgebase_topic_activities" ("topic_id");
CREATE INDEX IF NOT EXISTS "knowledgebase_topic_activities_activity_id_8baf0b60" ON "knowledgebase_topic_activities" ("activity_id");
CREATE UNIQUE INDEX "knowledgebase_topic_actors_topic_id_actor_id_95b82317_uniq" ON "knowledgebase_topic_actors" ("topic_id", "actor_id");
CREATE INDEX IF NOT EXISTS "knowledgebase_topic_actors_topic_id_8653ede0" ON "knowledgebase_topic_actors" ("topic_id");
CREATE INDEX IF NOT EXISTS "knowledgebase_topic_actors_actor_id_877d062b" ON "knowledgebase_topic_actors" ("actor_id");
CREATE UNIQUE INDEX "knowledgebase_topic_impacts_topic_id_impact_id_c9cfe9f2_uniq" ON "knowledgebase_topic_impacts" ("topic_id", "impact_id");
CREATE INDEX IF NOT EXISTS "knowledgebase_topic_impacts_topic_id_d750e6ab" ON "knowledgebase_topic_impacts" ("topic_id");
CREATE INDEX IF NOT EXISTS "knowledgebase_topic_impacts_impact_id_7b7ca3b9" ON "knowledgebase_topic_impacts" ("impact_id");
CREATE UNIQUE INDEX "knowledgebase_product_members_from_product_id_to_product_id_9a8ccd2c_uniq" ON "knowledgebase_product_members" ("from_product_id", "to_product_id");
CREATE INDEX IF NOT EXISTS "knowledgebase_product_members_from_product_id_c52d0ac5" ON "knowledgebase_product_members" ("from_product_id");
CREATE INDEX IF NOT EXISTS "knowledgebase_product_members_to_product_id_918c8808" ON "knowledgebase_product_members" ("to_product_id");
CREATE UNIQUE INDEX "knowledgebase_location_members_from_location_id_to_location_id_e45db455_uniq" ON "knowledgebase_location_members" ("from_location_id", "to_location_id");
CREATE INDEX IF NOT EXISTS "knowledgebase_location_members_from_location_id_7302ce95" ON "knowledgebase_location_members" ("from_location_id");
CREATE INDEX IF NOT EXISTS "knowledgebase_location_members_to_location_id_6ed01a55" ON "knowledgebase_location_members" ("to_location_id");
CREATE UNIQUE INDEX "knowledgebase_impact_members_from_impact_id_to_impact_id_a4d850d5_uniq" ON "knowledgebase_impact_members" ("from_impact_id", "to_impact_id");
CREATE INDEX IF NOT EXISTS "knowledgebase_impact_members_from_impact_id_105ca189" ON "knowledgebase_impact_members" ("from_impact_id");
CREATE INDEX IF NOT EXISTS "knowledgebase_impact_members_to_impact_id_8b695957" ON "knowledgebase_impact_members" ("to_impact_id");
CREATE UNIQUE INDEX "knowledgebase_activity_members_from_activity_id_to_activity_id_1eff765f_uniq" ON "knowledgebase_activity_members" ("from_activity_id", "to_activity_id");
CREATE INDEX IF NOT EXISTS "knowledgebase_activity_members_from_activity_id_c9a26e2e" ON "knowledgebase_activity_members" ("from_activity_id");
CREATE INDEX IF NOT EXISTS "knowledgebase_activity_members_to_activity_id_579436d7" ON "knowledgebase_activity_members" ("to_activity_id");
CREATE UNIQUE INDEX "knowledgebase_actor_members_from_actor_id_to_actor_id_e7ed223d_uniq" ON "knowledgebase_actor_members" ("from_actor_id", "to_actor_id");
CREATE INDEX IF NOT EXISTS "knowledgebase_actor_members_from_actor_id_f23e9112" ON "knowledgebase_actor_members" ("from_actor_id");
CREATE INDEX IF NOT EXISTS "knowledgebase_actor_members_to_actor_id_0201cd5c" ON "knowledgebase_actor_members" ("to_actor_id");
CREATE INDEX IF NOT EXISTS "rest_framework_api_key_apikey_created_c61872d9" ON "rest_framework_api_key_apikey" ("created");
CREATE INDEX IF NOT EXISTS "knowledgebase_actor_category_id_9ed600e2" ON "knowledgebase_actor" ("category_id");
CREATE INDEX IF NOT EXISTS "knowledgebase_product_category_id_e08a0e2f" ON "knowledgebase_product" ("category_id");
CREATE INDEX IF NOT EXISTS "account_emailconfirmation_email_address_id_5b7f8c58" ON "account_emailconfirmation" ("email_address_id");
CREATE UNIQUE INDEX "account_emailaddress_user_id_email_987c8728_uniq" ON "account_emailaddress" ("user_id", "email");
CREATE UNIQUE INDEX "unique_verified_email" ON "account_emailaddress" ("email") WHERE "verified";
CREATE INDEX IF NOT EXISTS "account_emailaddress_user_id_2c513194" ON "account_emailaddress" ("user_id");
CREATE INDEX IF NOT EXISTS "account_emailaddress_upper" ON "account_emailaddress" ((UPPER("email")));
CREATE UNIQUE INDEX "socialaccount_socialtoken_app_id_account_id_fca4e0ac_uniq" ON "socialaccount_socialtoken" ("app_id", "account_id");
CREATE INDEX IF NOT EXISTS "socialaccount_socialtoken_account_id_951f210e" ON "socialaccount_socialtoken" ("account_id");
CREATE INDEX IF NOT EXISTS "socialaccount_socialtoken_app_id_636a42d7" ON "socialaccount_socialtoken" ("app_id");
CREATE UNIQUE INDEX "socialaccount_socialaccount_provider_uid_fc810c6e_uniq" ON "socialaccount_socialaccount" ("provider", "uid");
CREATE INDEX IF NOT EXISTS "socialaccount_socialaccount_user_id_8146e70c" ON "socialaccount_socialaccount" ("user_id");
CREATE INDEX IF NOT EXISTS "knowledgebase_location_category_id_c7d20c2e" ON "knowledgebase_location" ("category_id");
CREATE INDEX IF NOT EXISTS "knowledgebase_evidence_document_id_c2f41197" ON "knowledgebase_evidence" ("document_id");
CREATE INDEX IF NOT EXISTS "knowledgebase_evidence_topic_id_0486bccd" ON "knowledgebase_evidence" ("topic_id");
CREATE TABLE IF NOT EXISTS "auth_group" ("id" integer NOT NULL PRIMARY KEY AUTOINCREMENT, "name" varchar(150) NOT NULL UNIQUE);
CREATE UNIQUE INDEX "auth_group_permissions_group_id_permission_id_0cd325b0_uniq" ON "auth_group_permissions" ("group_id", "permission_id");
CREATE INDEX IF NOT EXISTS "auth_group_permissions_group_id_b120cbf9" ON "auth_group_permissions" ("group_id");
CREATE INDEX IF NOT EXISTS "auth_group_permissions_permission_id_84c5c92e" ON "auth_group_permissions" ("permission_id");
CREATE UNIQUE INDEX "auth_user_groups_user_id_group_id_94350c0c_uniq" ON "auth_user_groups" ("user_id", "group_id");
CREATE INDEX IF NOT EXISTS "auth_user_groups_user_id_6a12ed8b" ON "auth_user_groups" ("user_id");
CREATE INDEX IF NOT EXISTS "auth_user_groups_group_id_97559544" ON "auth_user_groups" ("group_id");
CREATE UNIQUE INDEX "auth_user_user_permissions_user_id_permission_id_14a6b632_uniq" ON "auth_user_user_permissions" ("user_id", "permission_id");
CREATE INDEX IF NOT EXISTS "auth_user_user_permissions_user_id_a95ead1b" ON "auth_user_user_permissions" ("user_id");
CREATE INDEX IF NOT EXISTS "auth_user_user_permissions_permission_id_1fbb5f2c" ON "auth_user_user_permissions" ("permission_id");
CREATE INDEX IF NOT EXISTS "django_admin_log_content_type_id_c4bce8eb" ON "django_admin_log" ("content_type_id");
CREATE INDEX IF NOT EXISTS "django_admin_log_user_id_c564eba6" ON "django_admin_log" ("user_id");
CREATE UNIQUE INDEX "django_content_type_app_label_model_76bd3d3b_uniq" ON "django_content_type" ("app_label", "model");
CREATE UNIQUE INDEX "auth_permission_content_type_id_codename_01ab375a_uniq" ON "auth_permission" ("content_type_id", "codename");
CREATE INDEX IF NOT EXISTS "auth_permission_content_type_id_2f476e4b" ON "auth_permission" ("content_type_id");
CREATE INDEX IF NOT EXISTS "django_session_expire_date_a5c62663" ON "django_session" ("expire_date");
CREATE UNIQUE INDEX "knowledgebase_document_assocs_document_id_actor_id_0dba6674_uniq" ON "knowledgebase_document_assocs" ("document_id", "actor_id");
CREATE INDEX IF NOT EXISTS "knowledgebase_document_assocs_document_id_787a19cd" ON "knowledgebase_document_assocs" ("document_id");
CREATE INDEX IF NOT EXISTS "knowledgebase_document_assocs_actor_id_3ac84104" ON "knowledgebase_document_assocs" ("actor_id");
CREATE UNIQUE INDEX "knowledgebase_topic_products_topic_id_product_id_3f42bd5d_uniq" ON "knowledgebase_topic_products" ("topic_id", "product_id");
CREATE INDEX IF NOT EXISTS "knowledgebase_topic_products_topic_id_f888e9d9" ON "knowledgebase_topic_products" ("topic_id");
CREATE INDEX IF NOT EXISTS "knowledgebase_topic_products_product_id_8629a278" ON "knowledgebase_topic_products" ("product_id");
CREATE UNIQUE INDEX "knowledgebase_topic_locations_topic_id_location_id_f696a750_uniq" ON "knowledgebase_topic_locations" ("topic_id", "location_id");
CREATE INDEX IF NOT EXISTS "knowledgebase_topic_locations_topic_id_6aed79ba" ON "knowledgebase_topic_locations" ("topic_id");
CREATE INDEX IF NOT EXISTS "knowledgebase_topic_locations_location_id_8f9c03b8" ON "knowledgebase_topic_locations" ("location_id");
CREATE UNIQUE INDEX "knowledgebase_topic_activities_topic_id_activity_id_ec4b9f3e_uniq" ON "knowledgebase_topic_activities" ("topic_id", "activity_id");
CREATE INDEX IF NOT EXISTS "knowledgebase_topic_activities_topic_id_9de12ab5" ON "knowledgebase_topic_activities" ("topic_id");
CREATE INDEX IF NOT EXISTS "knowledgebase_topic_activities_activity_id_8baf0b60" ON "knowledgebase_topic_activities" ("activity_id");
CREATE UNIQUE INDEX "knowledgebase_topic_actors_topic_id_actor_id_95b82317_uniq" ON "knowledgebase_topic_actors" ("topic_id", "actor_id");
CREATE INDEX IF NOT EXISTS "knowledgebase_topic_actors_topic_id_8653ede0" ON "knowledgebase_topic_actors" ("topic_id");
CREATE INDEX IF NOT EXISTS "knowledgebase_topic_actors_actor_id_877d062b" ON "knowledgebase_topic_actors" ("actor_id");
CREATE UNIQUE INDEX "knowledgebase_topic_impacts_topic_id_impact_id_c9cfe9f2_uniq" ON "knowledgebase_topic_impacts" ("topic_id", "impact_id");
CREATE INDEX IF NOT EXISTS "knowledgebase_topic_impacts_topic_id_d750e6ab" ON "knowledgebase_topic_impacts" ("topic_id");
CREATE INDEX IF NOT EXISTS "knowledgebase_topic_impacts_impact_id_7b7ca3b9" ON "knowledgebase_topic_impacts" ("impact_id");
CREATE UNIQUE INDEX "knowledgebase_product_members_from_product_id_to_product_id_9a8ccd2c_uniq" ON "knowledgebase_product_members" ("from_product_id", "to_product_id");
CREATE INDEX IF NOT EXISTS "knowledgebase_product_members_from_product_id_c52d0ac5" ON "knowledgebase_product_members" ("from_product_id");
CREATE INDEX IF NOT EXISTS "knowledgebase_product_members_to_product_id_918c8808" ON "knowledgebase_product_members" ("to_product_id");
CREATE UNIQUE INDEX "knowledgebase_location_members_from_location_id_to_location_id_e45db455_uniq" ON "knowledgebase_location_members" ("from_location_id", "to_location_id");
CREATE INDEX IF NOT EXISTS "knowledgebase_location_members_from_location_id_7302ce95" ON "knowledgebase_location_members" ("from_location_id");
CREATE INDEX IF NOT EXISTS "knowledgebase_location_members_to_location_id_6ed01a55" ON "knowledgebase_location_members" ("to_location_id");
CREATE UNIQUE INDEX "knowledgebase_impact_members_from_impact_id_to_impact_id_a4d850d5_uniq" ON "knowledgebase_impact_members" ("from_impact_id", "to_impact_id");
CREATE INDEX IF NOT EXISTS "knowledgebase_impact_members_from_impact_id_105ca189" ON "knowledgebase_impact_members" ("from_impact_id");
CREATE INDEX IF NOT EXISTS "knowledgebase_impact_members_to_impact_id_8b695957" ON "knowledgebase_impact_members" ("to_impact_id");
CREATE UNIQUE INDEX "knowledgebase_activity_members_from_activity_id_to_activity_id_1eff765f_uniq" ON "knowledgebase_activity_members" ("from_activity_id", "to_activity_id");
CREATE INDEX IF NOT EXISTS "knowledgebase_activity_members_from_activity_id_c9a26e2e" ON "knowledgebase_activity_members" ("from_activity_id");
CREATE INDEX IF NOT EXISTS "knowledgebase_activity_members_to_activity_id_579436d7" ON "knowledgebase_activity_members" ("to_activity_id");
CREATE UNIQUE INDEX "knowledgebase_actor_members_from_actor_id_to_actor_id_e7ed223d_uniq" ON "knowledgebase_actor_members" ("from_actor_id", "to_actor_id");
CREATE INDEX IF NOT EXISTS "knowledgebase_actor_members_from_actor_id_f23e9112" ON "knowledgebase_actor_members" ("from_actor_id");
CREATE INDEX IF NOT EXISTS "knowledgebase_actor_members_to_actor_id_0201cd5c" ON "knowledgebase_actor_members" ("to_actor_id");
CREATE INDEX IF NOT EXISTS "rest_framework_api_key_apikey_created_c61872d9" ON "rest_framework_api_key_apikey" ("created");
CREATE INDEX IF NOT EXISTS "knowledgebase_actor_category_id_9ed600e2" ON "knowledgebase_actor" ("category_id");
CREATE INDEX IF NOT EXISTS "knowledgebase_product_category_id_e08a0e2f" ON "knowledgebase_product" ("category_id");
CREATE INDEX IF NOT EXISTS "account_emailconfirmation_email_address_id_5b7f8c58" ON "account_emailconfirmation" ("email_address_id");
CREATE UNIQUE INDEX "account_emailaddress_user_id_email_987c8728_uniq" ON "account_emailaddress" ("user_id", "email");
CREATE UNIQUE INDEX "unique_verified_email" ON "account_emailaddress" ("email") WHERE "verified";
CREATE INDEX IF NOT EXISTS "account_emailaddress_user_id_2c513194" ON "account_emailaddress" ("user_id");
CREATE INDEX IF NOT EXISTS "account_emailaddress_upper" ON "account_emailaddress" ((UPPER("email")));
CREATE UNIQUE INDEX "socialaccount_socialtoken_app_id_account_id_fca4e0ac_uniq" ON "socialaccount_socialtoken" ("app_id", "account_id");
CREATE INDEX IF NOT EXISTS "socialaccount_socialtoken_account_id_951f210e" ON "socialaccount_socialtoken" ("account_id");
CREATE INDEX IF NOT EXISTS "socialaccount_socialtoken_app_id_636a42d7" ON "socialaccount_socialtoken" ("app_id");
CREATE UNIQUE INDEX "socialaccount_socialaccount_provider_uid_fc810c6e_uniq" ON "socialaccount_socialaccount" ("provider", "uid");
CREATE INDEX IF NOT EXISTS "socialaccount_socialaccount_user_id_8146e70c" ON "socialaccount_socialaccount" ("user_id");
CREATE INDEX IF NOT EXISTS "knowledgebase_location_category_id_c7d20c2e" ON "knowledgebase_location" ("category_id");
CREATE INDEX IF NOT EXISTS "knowledgebase_evidence_document_id_c2f41197" ON "knowledgebase_evidence" ("document_id");
CREATE INDEX IF NOT EXISTS "knowledgebase_evidence_topic_id_0486bccd" ON "knowledgebase_evidence" ("topic_id");
CREATE TABLE IF NOT EXISTS "auth_group_permissions" ("id" integer NOT NULL PRIMARY KEY AUTOINCREMENT, "group_id" integer NOT NULL REFERENCES "auth_group" ("id") DEFERRABLE INITIALLY DEFERRED, "permission_id" integer NOT NULL REFERENCES "auth_permission" ("id") DEFERRABLE INITIALLY DEFERRED);
CREATE UNIQUE INDEX "auth_group_permissions_group_id_permission_id_0cd325b0_uniq" ON "auth_group_permissions" ("group_id", "permission_id");
CREATE INDEX IF NOT EXISTS "auth_group_permissions_group_id_b120cbf9" ON "auth_group_permissions" ("group_id");
CREATE INDEX IF NOT EXISTS "auth_group_permissions_permission_id_84c5c92e" ON "auth_group_permissions" ("permission_id");
CREATE UNIQUE INDEX "auth_user_groups_user_id_group_id_94350c0c_uniq" ON "auth_user_groups" ("user_id", "group_id");
CREATE INDEX IF NOT EXISTS "auth_user_groups_user_id_6a12ed8b" ON "auth_user_groups" ("user_id");
CREATE INDEX IF NOT EXISTS "auth_user_groups_group_id_97559544" ON "auth_user_groups" ("group_id");
CREATE UNIQUE INDEX "auth_user_user_permissions_user_id_permission_id_14a6b632_uniq" ON "auth_user_user_permissions" ("user_id", "permission_id");
CREATE INDEX IF NOT EXISTS "auth_user_user_permissions_user_id_a95ead1b" ON "auth_user_user_permissions" ("user_id");
CREATE INDEX IF NOT EXISTS "auth_user_user_permissions_permission_id_1fbb5f2c" ON "auth_user_user_permissions" ("permission_id");
CREATE INDEX IF NOT EXISTS "django_admin_log_content_type_id_c4bce8eb" ON "django_admin_log" ("content_type_id");
CREATE INDEX IF NOT EXISTS "django_admin_log_user_id_c564eba6" ON "django_admin_log" ("user_id");
CREATE UNIQUE INDEX "django_content_type_app_label_model_76bd3d3b_uniq" ON "django_content_type" ("app_label", "model");
CREATE UNIQUE INDEX "auth_permission_content_type_id_codename_01ab375a_uniq" ON "auth_permission" ("content_type_id", "codename");
CREATE INDEX IF NOT EXISTS "auth_permission_content_type_id_2f476e4b" ON "auth_permission" ("content_type_id");
CREATE INDEX IF NOT EXISTS "django_session_expire_date_a5c62663" ON "django_session" ("expire_date");
CREATE UNIQUE INDEX "knowledgebase_document_assocs_document_id_actor_id_0dba6674_uniq" ON "knowledgebase_document_assocs" ("document_id", "actor_id");
CREATE INDEX IF NOT EXISTS "knowledgebase_document_assocs_document_id_787a19cd" ON "knowledgebase_document_assocs" ("document_id");
CREATE INDEX IF NOT EXISTS "knowledgebase_document_assocs_actor_id_3ac84104" ON "knowledgebase_document_assocs" ("actor_id");
CREATE UNIQUE INDEX "knowledgebase_topic_products_topic_id_product_id_3f42bd5d_uniq" ON "knowledgebase_topic_products" ("topic_id", "product_id");
CREATE INDEX IF NOT EXISTS "knowledgebase_topic_products_topic_id_f888e9d9" ON "knowledgebase_topic_products" ("topic_id");
CREATE INDEX IF NOT EXISTS "knowledgebase_topic_products_product_id_8629a278" ON "knowledgebase_topic_products" ("product_id");
CREATE UNIQUE INDEX "knowledgebase_topic_locations_topic_id_location_id_f696a750_uniq" ON "knowledgebase_topic_locations" ("topic_id", "location_id");
CREATE INDEX IF NOT EXISTS "knowledgebase_topic_locations_topic_id_6aed79ba" ON "knowledgebase_topic_locations" ("topic_id");
CREATE INDEX IF NOT EXISTS "knowledgebase_topic_locations_location_id_8f9c03b8" ON "knowledgebase_topic_locations" ("location_id");
CREATE UNIQUE INDEX "knowledgebase_topic_activities_topic_id_activity_id_ec4b9f3e_uniq" ON "knowledgebase_topic_activities" ("topic_id", "activity_id");
CREATE INDEX IF NOT EXISTS "knowledgebase_topic_activities_topic_id_9de12ab5" ON "knowledgebase_topic_activities" ("topic_id");
CREATE INDEX IF NOT EXISTS "knowledgebase_topic_activities_activity_id_8baf0b60" ON "knowledgebase_topic_activities" ("activity_id");
CREATE UNIQUE INDEX "knowledgebase_topic_actors_topic_id_actor_id_95b82317_uniq" ON "knowledgebase_topic_actors" ("topic_id", "actor_id");
CREATE INDEX IF NOT EXISTS "knowledgebase_topic_actors_topic_id_8653ede0" ON "knowledgebase_topic_actors" ("topic_id");
CREATE INDEX IF NOT EXISTS "knowledgebase_topic_actors_actor_id_877d062b" ON "knowledgebase_topic_actors" ("actor_id");
CREATE UNIQUE INDEX "knowledgebase_topic_impacts_topic_id_impact_id_c9cfe9f2_uniq" ON "knowledgebase_topic_impacts" ("topic_id", "impact_id");
CREATE INDEX IF NOT EXISTS "knowledgebase_topic_impacts_topic_id_d750e6ab" ON "knowledgebase_topic_impacts" ("topic_id");
CREATE INDEX IF NOT EXISTS "knowledgebase_topic_impacts_impact_id_7b7ca3b9" ON "knowledgebase_topic_impacts" ("impact_id");
CREATE UNIQUE INDEX "knowledgebase_product_members_from_product_id_to_product_id_9a8ccd2c_uniq" ON "knowledgebase_product_members" ("from_product_id", "to_product_id");
CREATE INDEX IF NOT EXISTS "knowledgebase_product_members_from_product_id_c52d0ac5" ON "knowledgebase_product_members" ("from_product_id");
CREATE INDEX IF NOT EXISTS "knowledgebase_product_members_to_product_id_918c8808" ON "knowledgebase_product_members" ("to_product_id");
CREATE UNIQUE INDEX "knowledgebase_location_members_from_location_id_to_location_id_e45db455_uniq" ON "knowledgebase_location_members" ("from_location_id", "to_location_id");
CREATE INDEX IF NOT EXISTS "knowledgebase_location_members_from_location_id_7302ce95" ON "knowledgebase_location_members" ("from_location_id");
CREATE INDEX IF NOT EXISTS "knowledgebase_location_members_to_location_id_6ed01a55" ON "knowledgebase_location_members" ("to_location_id");
CREATE UNIQUE INDEX "knowledgebase_impact_members_from_impact_id_to_impact_id_a4d850d5_uniq" ON "knowledgebase_impact_members" ("from_impact_id", "to_impact_id");
CREATE INDEX IF NOT EXISTS "knowledgebase_impact_members_from_impact_id_105ca189" ON "knowledgebase_impact_members" ("from_impact_id");
CREATE INDEX IF NOT EXISTS "knowledgebase_impact_members_to_impact_id_8b695957" ON "knowledgebase_impact_members" ("to_impact_id");
CREATE UNIQUE INDEX "knowledgebase_activity_members_from_activity_id_to_activity_id_1eff765f_uniq" ON "knowledgebase_activity_members" ("from_activity_id", "to_activity_id");
CREATE INDEX IF NOT EXISTS "knowledgebase_activity_members_from_activity_id_c9a26e2e" ON "knowledgebase_activity_members" ("from_activity_id");
CREATE INDEX IF NOT EXISTS "knowledgebase_activity_members_to_activity_id_579436d7" ON "knowledgebase_activity_members" ("to_activity_id");
CREATE UNIQUE INDEX "knowledgebase_actor_members_from_actor_id_to_actor_id_e7ed223d_uniq" ON "knowledgebase_actor_members" ("from_actor_id", "to_actor_id");
CREATE INDEX IF NOT EXISTS "knowledgebase_actor_members_from_actor_id_f23e9112" ON "knowledgebase_actor_members" ("from_actor_id");
CREATE INDEX IF NOT EXISTS "knowledgebase_actor_members_to_actor_id_0201cd5c" ON "knowledgebase_actor_members" ("to_actor_id");
CREATE INDEX IF NOT EXISTS "rest_framework_api_key_apikey_created_c61872d9" ON "rest_framework_api_key_apikey" ("created");
CREATE INDEX IF NOT EXISTS "knowledgebase_actor_category_id_9ed600e2" ON "knowledgebase_actor" ("category_id");
CREATE INDEX IF NOT EXISTS "knowledgebase_product_category_id_e08a0e2f" ON "knowledgebase_product" ("category_id");
CREATE INDEX IF NOT EXISTS "account_emailconfirmation_email_address_id_5b7f8c58" ON "account_emailconfirmation" ("email_address_id");
CREATE UNIQUE INDEX "account_emailaddress_user_id_email_987c8728_uniq" ON "account_emailaddress" ("user_id", "email");
CREATE UNIQUE INDEX "unique_verified_email" ON "account_emailaddress" ("email") WHERE "verified";
CREATE INDEX IF NOT EXISTS "account_emailaddress_user_id_2c513194" ON "account_emailaddress" ("user_id");
CREATE INDEX IF NOT EXISTS "account_emailaddress_upper" ON "account_emailaddress" ((UPPER("email")));
CREATE UNIQUE INDEX "socialaccount_socialtoken_app_id_account_id_fca4e0ac_uniq" ON "socialaccount_socialtoken" ("app_id", "account_id");
CREATE INDEX IF NOT EXISTS "socialaccount_socialtoken_account_id_951f210e" ON "socialaccount_socialtoken" ("account_id");
CREATE INDEX IF NOT EXISTS "socialaccount_socialtoken_app_id_636a42d7" ON "socialaccount_socialtoken" ("app_id");
CREATE UNIQUE INDEX "socialaccount_socialaccount_provider_uid_fc810c6e_uniq" ON "socialaccount_socialaccount" ("provider", "uid");
CREATE INDEX IF NOT EXISTS "socialaccount_socialaccount_user_id_8146e70c" ON "socialaccount_socialaccount" ("user_id");
CREATE INDEX IF NOT EXISTS "knowledgebase_location_category_id_c7d20c2e" ON "knowledgebase_location" ("category_id");
CREATE INDEX IF NOT EXISTS "knowledgebase_evidence_document_id_c2f41197" ON "knowledgebase_evidence" ("document_id");
CREATE INDEX IF NOT EXISTS "knowledgebase_evidence_topic_id_0486bccd" ON "knowledgebase_evidence" ("topic_id");
CREATE TABLE IF NOT EXISTS "auth_permission" ("id" integer NOT NULL PRIMARY KEY AUTOINCREMENT, "content_type_id" integer NOT NULL REFERENCES "django_content_type" ("id") DEFERRABLE INITIALLY DEFERRED, "codename" varchar(100) NOT NULL, "name" varchar(255) NOT NULL);
INSERT INTO "auth_permission" VALUES(1,1,'add_logentry','Can add log entry');
INSERT INTO "auth_permission" VALUES(2,1,'change_logentry','Can change log entry');
INSERT INTO "auth_permission" VALUES(3,1,'delete_logentry','Can delete log entry');
INSERT INTO "auth_permission" VALUES(4,1,'view_logentry','Can view log entry');
INSERT INTO "auth_permission" VALUES(5,2,'add_permission','Can add permission');
INSERT INTO "auth_permission" VALUES(6,2,'change_permission','Can change permission');
INSERT INTO "auth_permission" VALUES(7,2,'delete_permission','Can delete permission');
INSERT INTO "auth_permission" VALUES(8,2,'view_permission','Can view permission');
INSERT INTO "auth_permission" VALUES(9,3,'add_group','Can add group');
INSERT INTO "auth_permission" VALUES(10,3,'change_group','Can change group');
INSERT INTO "auth_permission" VALUES(11,3,'delete_group','Can delete group');
INSERT INTO "auth_permission" VALUES(12,3,'view_group','Can view group');
INSERT INTO "auth_permission" VALUES(13,4,'add_user','Can add user');
INSERT INTO "auth_permission" VALUES(14,4,'change_user','Can change user');
INSERT INTO "auth_permission" VALUES(15,4,'delete_user','Can delete user');
INSERT INTO "auth_permission" VALUES(16,4,'view_user','Can view user');
INSERT INTO "auth_permission" VALUES(17,5,'add_contenttype','Can add content type');
INSERT INTO "auth_permission" VALUES(18,5,'change_contenttype','Can change content type');
INSERT INTO "auth_permission" VALUES(19,5,'delete_contenttype','Can delete content type');
INSERT INTO "auth_permission" VALUES(20,5,'view_contenttype','Can view content type');
INSERT INTO "auth_permission" VALUES(21,6,'add_session','Can add session');
INSERT INTO "auth_permission" VALUES(22,6,'change_session','Can change session');
INSERT INTO "auth_permission" VALUES(23,6,'delete_session','Can delete session');
INSERT INTO "auth_permission" VALUES(24,6,'view_session','Can view session');
INSERT INTO "auth_permission" VALUES(25,7,'add_document','Can add document');
INSERT INTO "auth_permission" VALUES(26,7,'change_document','Can change document');
INSERT INTO "auth_permission" VALUES(27,7,'delete_document','Can delete document');
INSERT INTO "auth_permission" VALUES(28,7,'view_document','Can view document');
INSERT INTO "auth_permission" VALUES(37,10,'add_location','Can add location');
INSERT INTO "auth_permission" VALUES(38,10,'change_location','Can change location');
INSERT INTO "auth_permission" VALUES(39,10,'delete_location','Can delete location');
INSERT INTO "auth_permission" VALUES(40,10,'view_location','Can view location');
INSERT INTO "auth_permission" VALUES(45,12,'add_locationcategory','Can add location category');
INSERT INTO "auth_permission" VALUES(46,12,'change_locationcategory','Can change location category');
INSERT INTO "auth_permission" VALUES(47,12,'delete_locationcategory','Can delete location category');
INSERT INTO "auth_permission" VALUES(48,12,'view_locationcategory','Can view location category');
INSERT INTO "auth_permission" VALUES(53,14,'add_productcategory','Can add product category');
INSERT INTO "auth_permission" VALUES(54,14,'change_productcategory','Can change product category');
INSERT INTO "auth_permission" VALUES(55,14,'delete_productcategory','Can delete product category');
INSERT INTO "auth_permission" VALUES(56,14,'view_productcategory','Can view product category');
INSERT INTO "auth_permission" VALUES(61,16,'add_product','Can add product');
INSERT INTO "auth_permission" VALUES(62,16,'change_product','Can change product');
INSERT INTO "auth_permission" VALUES(63,16,'delete_product','Can delete product');
INSERT INTO "auth_permission" VALUES(64,16,'view_product','Can view product');
INSERT INTO "auth_permission" VALUES(69,8,'add_actor','Can add actor');
INSERT INTO "auth_permission" VALUES(70,8,'change_actor','Can change actor');
INSERT INTO "auth_permission" VALUES(71,8,'delete_actor','Can delete actor');
INSERT INTO "auth_permission" VALUES(72,8,'view_actor','Can view actor');
INSERT INTO "auth_permission" VALUES(73,9,'add_actorcategory','Can add actor category');
INSERT INTO "auth_permission" VALUES(74,9,'change_actorcategory','Can change actor category');
INSERT INTO "auth_permission" VALUES(75,9,'delete_actorcategory','Can delete actor category');
INSERT INTO "auth_permission" VALUES(76,9,'view_actorcategory','Can view actor category');
INSERT INTO "auth_permission" VALUES(77,15,'add_topic','Can add topic');
INSERT INTO "auth_permission" VALUES(78,15,'change_topic','Can change topic');
INSERT INTO "auth_permission" VALUES(79,15,'delete_topic','Can delete topic');
INSERT INTO "auth_permission" VALUES(80,15,'view_topic','Can view topic');
INSERT INTO "auth_permission" VALUES(85,17,'add_evidence','Can add evidence');
INSERT INTO "auth_permission" VALUES(86,17,'change_evidence','Can change evidence');
INSERT INTO "auth_permission" VALUES(87,17,'delete_evidence','Can delete evidence');
INSERT INTO "auth_permission" VALUES(88,17,'view_evidence','Can view evidence');
INSERT INTO "auth_permission" VALUES(89,18,'add_impact','Can add impact');
INSERT INTO "auth_permission" VALUES(90,18,'change_impact','Can change impact');
INSERT INTO "auth_permission" VALUES(91,18,'delete_impact','Can delete impact');
INSERT INTO "auth_permission" VALUES(92,18,'view_impact','Can view impact');
INSERT INTO "auth_permission" VALUES(105,19,'add_activity','Can add activity');
INSERT INTO "auth_permission" VALUES(106,19,'change_activity','Can change activity');
INSERT INTO "auth_permission" VALUES(107,19,'delete_activity','Can delete activity');
INSERT INTO "auth_permission" VALUES(108,19,'view_activity','Can view activity');
INSERT INTO "auth_permission" VALUES(125,25,'add_apikey','Can add API key');
INSERT INTO "auth_permission" VALUES(126,25,'change_apikey','Can change API key');
INSERT INTO "auth_permission" VALUES(127,25,'delete_apikey','Can delete API key');
INSERT INTO "auth_permission" VALUES(128,25,'view_apikey','Can view API key');
INSERT INTO "auth_permission" VALUES(137,28,'add_emailaddress','Can add email address');
INSERT INTO "auth_permission" VALUES(138,28,'change_emailaddress','Can change email address');
INSERT INTO "auth_permission" VALUES(139,28,'delete_emailaddress','Can delete email address');
INSERT INTO "auth_permission" VALUES(140,28,'view_emailaddress','Can view email address');
INSERT INTO "auth_permission" VALUES(141,29,'add_emailconfirmation','Can add email confirmation');
INSERT INTO "auth_permission" VALUES(142,29,'change_emailconfirmation','Can change email confirmation');
INSERT INTO "auth_permission" VALUES(143,29,'delete_emailconfirmation','Can delete email confirmation');
INSERT INTO "auth_permission" VALUES(144,29,'view_emailconfirmation','Can view email confirmation');
INSERT INTO "auth_permission" VALUES(145,30,'add_socialaccount','Can add social account');
INSERT INTO "auth_permission" VALUES(146,30,'change_socialaccount','Can change social account');
INSERT INTO "auth_permission" VALUES(147,30,'delete_socialaccount','Can delete social account');
INSERT INTO "auth_permission" VALUES(148,30,'view_socialaccount','Can view social account');
INSERT INTO "auth_permission" VALUES(149,31,'add_socialapp','Can add social application');
INSERT INTO "auth_permission" VALUES(150,31,'change_socialapp','Can change social application');
INSERT INTO "auth_permission" VALUES(151,31,'delete_socialapp','Can delete social application');
INSERT INTO "auth_permission" VALUES(152,31,'view_socialapp','Can view social application');
INSERT INTO "auth_permission" VALUES(153,32,'add_socialtoken','Can add social application token');
INSERT INTO "auth_permission" VALUES(154,32,'change_socialtoken','Can change social application token');
INSERT INTO "auth_permission" VALUES(155,32,'delete_socialtoken','Can delete social application token');
INSERT INTO "auth_permission" VALUES(156,32,'view_socialtoken','Can view social application token');
CREATE UNIQUE INDEX "auth_group_permissions_group_id_permission_id_0cd325b0_uniq" ON "auth_group_permissions" ("group_id", "permission_id");
CREATE INDEX IF NOT EXISTS "auth_group_permissions_group_id_b120cbf9" ON "auth_group_permissions" ("group_id");
CREATE INDEX IF NOT EXISTS "auth_group_permissions_permission_id_84c5c92e" ON "auth_group_permissions" ("permission_id");
CREATE UNIQUE INDEX "auth_user_groups_user_id_group_id_94350c0c_uniq" ON "auth_user_groups" ("user_id", "group_id");
CREATE INDEX IF NOT EXISTS "auth_user_groups_user_id_6a12ed8b" ON "auth_user_groups" ("user_id");
CREATE INDEX IF NOT EXISTS "auth_user_groups_group_id_97559544" ON "auth_user_groups" ("group_id");
CREATE UNIQUE INDEX "auth_user_user_permissions_user_id_permission_id_14a6b632_uniq" ON "auth_user_user_permissions" ("user_id", "permission_id");
CREATE INDEX IF NOT EXISTS "auth_user_user_permissions_user_id_a95ead1b" ON "auth_user_user_permissions" ("user_id");
CREATE INDEX IF NOT EXISTS "auth_user_user_permissions_permission_id_1fbb5f2c" ON "auth_user_user_permissions" ("permission_id");
CREATE INDEX IF NOT EXISTS "django_admin_log_content_type_id_c4bce8eb" ON "django_admin_log" ("content_type_id");
CREATE INDEX IF NOT EXISTS "django_admin_log_user_id_c564eba6" ON "django_admin_log" ("user_id");
CREATE UNIQUE INDEX "django_content_type_app_label_model_76bd3d3b_uniq" ON "django_content_type" ("app_label", "model");
CREATE UNIQUE INDEX "auth_permission_content_type_id_codename_01ab375a_uniq" ON "auth_permission" ("content_type_id", "codename");
CREATE INDEX IF NOT EXISTS "auth_permission_content_type_id_2f476e4b" ON "auth_permission" ("content_type_id");
CREATE INDEX IF NOT EXISTS "django_session_expire_date_a5c62663" ON "django_session" ("expire_date");
CREATE UNIQUE INDEX "knowledgebase_document_assocs_document_id_actor_id_0dba6674_uniq" ON "knowledgebase_document_assocs" ("document_id", "actor_id");
CREATE INDEX IF NOT EXISTS "knowledgebase_document_assocs_document_id_787a19cd" ON "knowledgebase_document_assocs" ("document_id");
CREATE INDEX IF NOT EXISTS "knowledgebase_document_assocs_actor_id_3ac84104" ON "knowledgebase_document_assocs" ("actor_id");
CREATE UNIQUE INDEX "knowledgebase_topic_products_topic_id_product_id_3f42bd5d_uniq" ON "knowledgebase_topic_products" ("topic_id", "product_id");
CREATE INDEX IF NOT EXISTS "knowledgebase_topic_products_topic_id_f888e9d9" ON "knowledgebase_topic_products" ("topic_id");
CREATE INDEX IF NOT EXISTS "knowledgebase_topic_products_product_id_8629a278" ON "knowledgebase_topic_products" ("product_id");
CREATE UNIQUE INDEX "knowledgebase_topic_locations_topic_id_location_id_f696a750_uniq" ON "knowledgebase_topic_locations" ("topic_id", "location_id");
CREATE INDEX IF NOT EXISTS "knowledgebase_topic_locations_topic_id_6aed79ba" ON "knowledgebase_topic_locations" ("topic_id");
CREATE INDEX IF NOT EXISTS "knowledgebase_topic_locations_location_id_8f9c03b8" ON "knowledgebase_topic_locations" ("location_id");
CREATE UNIQUE INDEX "knowledgebase_topic_activities_topic_id_activity_id_ec4b9f3e_uniq" ON "knowledgebase_topic_activities" ("topic_id", "activity_id");
CREATE INDEX IF NOT EXISTS "knowledgebase_topic_activities_topic_id_9de12ab5" ON "knowledgebase_topic_activities" ("topic_id");
CREATE INDEX IF NOT EXISTS "knowledgebase_topic_activities_activity_id_8baf0b60" ON "knowledgebase_topic_activities" ("activity_id");
CREATE UNIQUE INDEX "knowledgebase_topic_actors_topic_id_actor_id_95b82317_uniq" ON "knowledgebase_topic_actors" ("topic_id", "actor_id");
CREATE INDEX IF NOT EXISTS "knowledgebase_topic_actors_topic_id_8653ede0" ON "knowledgebase_topic_actors" ("topic_id");
CREATE INDEX IF NOT EXISTS "knowledgebase_topic_actors_actor_id_877d062b" ON "knowledgebase_topic_actors" ("actor_id");
CREATE UNIQUE INDEX "knowledgebase_topic_impacts_topic_id_impact_id_c9cfe9f2_uniq" ON "knowledgebase_topic_impacts" ("topic_id", "impact_id");
CREATE INDEX IF NOT EXISTS "knowledgebase_topic_impacts_topic_id_d750e6ab" ON "knowledgebase_topic_impacts" ("topic_id");
CREATE INDEX IF NOT EXISTS "knowledgebase_topic_impacts_impact_id_7b7ca3b9" ON "knowledgebase_topic_impacts" ("impact_id");
CREATE UNIQUE INDEX "knowledgebase_product_members_from_product_id_to_product_id_9a8ccd2c_uniq" ON "knowledgebase_product_members" ("from_product_id", "to_product_id");
CREATE INDEX IF NOT EXISTS "knowledgebase_product_members_from_product_id_c52d0ac5" ON "knowledgebase_product_members" ("from_product_id");
CREATE INDEX IF NOT EXISTS "knowledgebase_product_members_to_product_id_918c8808" ON "knowledgebase_product_members" ("to_product_id");
CREATE UNIQUE INDEX "knowledgebase_location_members_from_location_id_to_location_id_e45db455_uniq" ON "knowledgebase_location_members" ("from_location_id", "to_location_id");
CREATE INDEX IF NOT EXISTS "knowledgebase_location_members_from_location_id_7302ce95" ON "knowledgebase_location_members" ("from_location_id");
CREATE INDEX IF NOT EXISTS "knowledgebase_location_members_to_location_id_6ed01a55" ON "knowledgebase_location_members" ("to_location_id");
CREATE UNIQUE INDEX "knowledgebase_impact_members_from_impact_id_to_impact_id_a4d850d5_uniq" ON "knowledgebase_impact_members" ("from_impact_id", "to_impact_id");
CREATE INDEX IF NOT EXISTS "knowledgebase_impact_members_from_impact_id_105ca189" ON "knowledgebase_impact_members" ("from_impact_id");
CREATE INDEX IF NOT EXISTS "knowledgebase_impact_members_to_impact_id_8b695957" ON "knowledgebase_impact_members" ("to_impact_id");
CREATE UNIQUE INDEX "knowledgebase_activity_members_from_activity_id_to_activity_id_1eff765f_uniq" ON "knowledgebase_activity_members" ("from_activity_id", "to_activity_id");
CREATE INDEX IF NOT EXISTS "knowledgebase_activity_members_from_activity_id_c9a26e2e" ON "knowledgebase_activity_members" ("from_activity_id");
CREATE INDEX IF NOT EXISTS "knowledgebase_activity_members_to_activity_id_579436d7" ON "knowledgebase_activity_members" ("to_activity_id");
CREATE UNIQUE INDEX "knowledgebase_actor_members_from_actor_id_to_actor_id_e7ed223d_uniq" ON "knowledgebase_actor_members" ("from_actor_id", "to_actor_id");
CREATE INDEX IF NOT EXISTS "knowledgebase_actor_members_from_actor_id_f23e9112" ON "knowledgebase_actor_members" ("from_actor_id");
CREATE INDEX IF NOT EXISTS "knowledgebase_actor_members_to_actor_id_0201cd5c" ON "knowledgebase_actor_members" ("to_actor_id");
CREATE INDEX IF NOT EXISTS "rest_framework_api_key_apikey_created_c61872d9" ON "rest_framework_api_key_apikey" ("created");
CREATE INDEX IF NOT EXISTS "knowledgebase_actor_category_id_9ed600e2" ON "knowledgebase_actor" ("category_id");
CREATE INDEX IF NOT EXISTS "knowledgebase_product_category_id_e08a0e2f" ON "knowledgebase_product" ("category_id");
CREATE INDEX IF NOT EXISTS "account_emailconfirmation_email_address_id_5b7f8c58" ON "account_emailconfirmation" ("email_address_id");
CREATE UNIQUE INDEX "account_emailaddress_user_id_email_987c8728_uniq" ON "account_emailaddress" ("user_id", "email");
CREATE UNIQUE INDEX "unique_verified_email" ON "account_emailaddress" ("email") WHERE "verified";
CREATE INDEX IF NOT EXISTS "account_emailaddress_user_id_2c513194" ON "account_emailaddress" ("user_id");
CREATE INDEX IF NOT EXISTS "account_emailaddress_upper" ON "account_emailaddress" ((UPPER("email")));
CREATE UNIQUE INDEX "socialaccount_socialtoken_app_id_account_id_fca4e0ac_uniq" ON "socialaccount_socialtoken" ("app_id", "account_id");
CREATE INDEX IF NOT EXISTS "socialaccount_socialtoken_account_id_951f210e" ON "socialaccount_socialtoken" ("account_id");
CREATE INDEX IF NOT EXISTS "socialaccount_socialtoken_app_id_636a42d7" ON "socialaccount_socialtoken" ("app_id");
CREATE UNIQUE INDEX "socialaccount_socialaccount_provider_uid_fc810c6e_uniq" ON "socialaccount_socialaccount" ("provider", "uid");
CREATE INDEX IF NOT EXISTS "socialaccount_socialaccount_user_id_8146e70c" ON "socialaccount_socialaccount" ("user_id");
CREATE INDEX IF NOT EXISTS "knowledgebase_location_category_id_c7d20c2e" ON "knowledgebase_location" ("category_id");
CREATE INDEX IF NOT EXISTS "knowledgebase_evidence_document_id_c2f41197" ON "knowledgebase_evidence" ("document_id");
CREATE INDEX IF NOT EXISTS "knowledgebase_evidence_topic_id_0486bccd" ON "knowledgebase_evidence" ("topic_id");
CREATE TABLE IF NOT EXISTS "auth_user" ("id" integer NOT NULL PRIMARY KEY AUTOINCREMENT, "password" varchar(128) NOT NULL, "last_login" datetime NULL, "is_superuser" bool NOT NULL, "username" varchar(150) NOT NULL UNIQUE, "last_name" varchar(150) NOT NULL, "email" varchar(254) NOT NULL, "is_staff" bool NOT NULL, "is_active" bool NOT NULL, "date_joined" datetime NOT NULL, "first_name" varchar(150) NOT NULL);
INSERT INTO "auth_user" VALUES(1,'pbkdf2_sha256$720000$uqA5Fgx7zCPqTRQNooiKBu$z/5ri3vquLUvmj4wObLJZJwdr4mesap3U0EyOf+NFA8=','2024-03-28 19:52:56.028341',1,'AdminSeba','','sebastian@jekutsch.de',1,1,'2023-04-16 17:16:17.263536','');
CREATE UNIQUE INDEX "auth_group_permissions_group_id_permission_id_0cd325b0_uniq" ON "auth_group_permissions" ("group_id", "permission_id");
CREATE INDEX IF NOT EXISTS "auth_group_permissions_group_id_b120cbf9" ON "auth_group_permissions" ("group_id");
CREATE INDEX IF NOT EXISTS "auth_group_permissions_permission_id_84c5c92e" ON "auth_group_permissions" ("permission_id");
CREATE UNIQUE INDEX "auth_user_groups_user_id_group_id_94350c0c_uniq" ON "auth_user_groups" ("user_id", "group_id");
CREATE INDEX IF NOT EXISTS "auth_user_groups_user_id_6a12ed8b" ON "auth_user_groups" ("user_id");
CREATE INDEX IF NOT EXISTS "auth_user_groups_group_id_97559544" ON "auth_user_groups" ("group_id");
CREATE UNIQUE INDEX "auth_user_user_permissions_user_id_permission_id_14a6b632_uniq" ON "auth_user_user_permissions" ("user_id", "permission_id");
CREATE INDEX IF NOT EXISTS "auth_user_user_permissions_user_id_a95ead1b" ON "auth_user_user_permissions" ("user_id");
CREATE INDEX IF NOT EXISTS "auth_user_user_permissions_permission_id_1fbb5f2c" ON "auth_user_user_permissions" ("permission_id");
CREATE INDEX IF NOT EXISTS "django_admin_log_content_type_id_c4bce8eb" ON "django_admin_log" ("content_type_id");
CREATE INDEX IF NOT EXISTS "django_admin_log_user_id_c564eba6" ON "django_admin_log" ("user_id");
CREATE UNIQUE INDEX "django_content_type_app_label_model_76bd3d3b_uniq" ON "django_content_type" ("app_label", "model");
CREATE UNIQUE INDEX "auth_permission_content_type_id_codename_01ab375a_uniq" ON "auth_permission" ("content_type_id", "codename");
CREATE INDEX IF NOT EXISTS "auth_permission_content_type_id_2f476e4b" ON "auth_permission" ("content_type_id");
CREATE INDEX IF NOT EXISTS "django_session_expire_date_a5c62663" ON "django_session" ("expire_date");
CREATE UNIQUE INDEX "knowledgebase_document_assocs_document_id_actor_id_0dba6674_uniq" ON "knowledgebase_document_assocs" ("document_id", "actor_id");
CREATE INDEX IF NOT EXISTS "knowledgebase_document_assocs_document_id_787a19cd" ON "knowledgebase_document_assocs" ("document_id");
CREATE INDEX IF NOT EXISTS "knowledgebase_document_assocs_actor_id_3ac84104" ON "knowledgebase_document_assocs" ("actor_id");
CREATE UNIQUE INDEX "knowledgebase_topic_products_topic_id_product_id_3f42bd5d_uniq" ON "knowledgebase_topic_products" ("topic_id", "product_id");
CREATE INDEX IF NOT EXISTS "knowledgebase_topic_products_topic_id_f888e9d9" ON "knowledgebase_topic_products" ("topic_id");
CREATE INDEX IF NOT EXISTS "knowledgebase_topic_products_product_id_8629a278" ON "knowledgebase_topic_products" ("product_id");
CREATE UNIQUE INDEX "knowledgebase_topic_locations_topic_id_location_id_f696a750_uniq" ON "knowledgebase_topic_locations" ("topic_id", "location_id");
CREATE INDEX IF NOT EXISTS "knowledgebase_topic_locations_topic_id_6aed79ba" ON "knowledgebase_topic_locations" ("topic_id");
CREATE INDEX IF NOT EXISTS "knowledgebase_topic_locations_location_id_8f9c03b8" ON "knowledgebase_topic_locations" ("location_id");
CREATE UNIQUE INDEX "knowledgebase_topic_activities_topic_id_activity_id_ec4b9f3e_uniq" ON "knowledgebase_topic_activities" ("topic_id", "activity_id");
CREATE INDEX IF NOT EXISTS "knowledgebase_topic_activities_topic_id_9de12ab5" ON "knowledgebase_topic_activities" ("topic_id");
CREATE INDEX IF NOT EXISTS "knowledgebase_topic_activities_activity_id_8baf0b60" ON "knowledgebase_topic_activities" ("activity_id");
CREATE UNIQUE INDEX "knowledgebase_topic_actors_topic_id_actor_id_95b82317_uniq" ON "knowledgebase_topic_actors" ("topic_id", "actor_id");
CREATE INDEX IF NOT EXISTS "knowledgebase_topic_actors_topic_id_8653ede0" ON "knowledgebase_topic_actors" ("topic_id");
CREATE INDEX IF NOT EXISTS "knowledgebase_topic_actors_actor_id_877d062b" ON "knowledgebase_topic_actors" ("actor_id");
CREATE UNIQUE INDEX "knowledgebase_topic_impacts_topic_id_impact_id_c9cfe9f2_uniq" ON "knowledgebase_topic_impacts" ("topic_id", "impact_id");
CREATE INDEX IF NOT EXISTS "knowledgebase_topic_impacts_topic_id_d750e6ab" ON "knowledgebase_topic_impacts" ("topic_id");
CREATE INDEX IF NOT EXISTS "knowledgebase_topic_impacts_impact_id_7b7ca3b9" ON "knowledgebase_topic_impacts" ("impact_id");
CREATE UNIQUE INDEX "knowledgebase_product_members_from_product_id_to_product_id_9a8ccd2c_uniq" ON "knowledgebase_product_members" ("from_product_id", "to_product_id");
CREATE INDEX IF NOT EXISTS "knowledgebase_product_members_from_product_id_c52d0ac5" ON "knowledgebase_product_members" ("from_product_id");
CREATE INDEX IF NOT EXISTS "knowledgebase_product_members_to_product_id_918c8808" ON "knowledgebase_product_members" ("to_product_id");
CREATE UNIQUE INDEX "knowledgebase_location_members_from_location_id_to_location_id_e45db455_uniq" ON "knowledgebase_location_members" ("from_location_id", "to_location_id");
CREATE INDEX IF NOT EXISTS "knowledgebase_location_members_from_location_id_7302ce95" ON "knowledgebase_location_members" ("from_location_id");
CREATE INDEX IF NOT EXISTS "knowledgebase_location_members_to_location_id_6ed01a55" ON "knowledgebase_location_members" ("to_location_id");
CREATE UNIQUE INDEX "knowledgebase_impact_members_from_impact_id_to_impact_id_a4d850d5_uniq" ON "knowledgebase_impact_members" ("from_impact_id", "to_impact_id");
CREATE INDEX IF NOT EXISTS "knowledgebase_impact_members_from_impact_id_105ca189" ON "knowledgebase_impact_members" ("from_impact_id");
CREATE INDEX IF NOT EXISTS "knowledgebase_impact_members_to_impact_id_8b695957" ON "knowledgebase_impact_members" ("to_impact_id");
CREATE UNIQUE INDEX "knowledgebase_activity_members_from_activity_id_to_activity_id_1eff765f_uniq" ON "knowledgebase_activity_members" ("from_activity_id", "to_activity_id");
CREATE INDEX IF NOT EXISTS "knowledgebase_activity_members_from_activity_id_c9a26e2e" ON "knowledgebase_activity_members" ("from_activity_id");
CREATE INDEX IF NOT EXISTS "knowledgebase_activity_members_to_activity_id_579436d7" ON "knowledgebase_activity_members" ("to_activity_id");
CREATE UNIQUE INDEX "knowledgebase_actor_members_from_actor_id_to_actor_id_e7ed223d_uniq" ON "knowledgebase_actor_members" ("from_actor_id", "to_actor_id");
CREATE INDEX IF NOT EXISTS "knowledgebase_actor_members_from_actor_id_f23e9112" ON "knowledgebase_actor_members" ("from_actor_id");
CREATE INDEX IF NOT EXISTS "knowledgebase_actor_members_to_actor_id_0201cd5c" ON "knowledgebase_actor_members" ("to_actor_id");
CREATE INDEX IF NOT EXISTS "rest_framework_api_key_apikey_created_c61872d9" ON "rest_framework_api_key_apikey" ("created");
CREATE INDEX IF NOT EXISTS "knowledgebase_actor_category_id_9ed600e2" ON "knowledgebase_actor" ("category_id");
CREATE INDEX IF NOT EXISTS "knowledgebase_product_category_id_e08a0e2f" ON "knowledgebase_product" ("category_id");
CREATE INDEX IF NOT EXISTS "account_emailconfirmation_email_address_id_5b7f8c58" ON "account_emailconfirmation" ("email_address_id");
CREATE UNIQUE INDEX "account_emailaddress_user_id_email_987c8728_uniq" ON "account_emailaddress" ("user_id", "email");
CREATE UNIQUE INDEX "unique_verified_email" ON "account_emailaddress" ("email") WHERE "verified";
CREATE INDEX IF NOT EXISTS "account_emailaddress_user_id_2c513194" ON "account_emailaddress" ("user_id");
CREATE INDEX IF NOT EXISTS "account_emailaddress_upper" ON "account_emailaddress" ((UPPER("email")));
CREATE UNIQUE INDEX "socialaccount_socialtoken_app_id_account_id_fca4e0ac_uniq" ON "socialaccount_socialtoken" ("app_id", "account_id");
CREATE INDEX IF NOT EXISTS "socialaccount_socialtoken_account_id_951f210e" ON "socialaccount_socialtoken" ("account_id");
CREATE INDEX IF NOT EXISTS "socialaccount_socialtoken_app_id_636a42d7" ON "socialaccount_socialtoken" ("app_id");
CREATE UNIQUE INDEX "socialaccount_socialaccount_provider_uid_fc810c6e_uniq" ON "socialaccount_socialaccount" ("provider", "uid");
CREATE INDEX IF NOT EXISTS "socialaccount_socialaccount_user_id_8146e70c" ON "socialaccount_socialaccount" ("user_id");
CREATE INDEX IF NOT EXISTS "knowledgebase_location_category_id_c7d20c2e" ON "knowledgebase_location" ("category_id");
CREATE INDEX IF NOT EXISTS "knowledgebase_evidence_document_id_c2f41197" ON "knowledgebase_evidence" ("document_id");
CREATE INDEX IF NOT EXISTS "knowledgebase_evidence_topic_id_0486bccd" ON "knowledgebase_evidence" ("topic_id");
CREATE TABLE IF NOT EXISTS "auth_user_groups" ("id" integer NOT NULL PRIMARY KEY AUTOINCREMENT, "user_id" integer NOT NULL REFERENCES "auth_user" ("id") DEFERRABLE INITIALLY DEFERRED, "group_id" integer NOT NULL REFERENCES "auth_group" ("id") DEFERRABLE INITIALLY DEFERRED);
CREATE UNIQUE INDEX "auth_group_permissions_group_id_permission_id_0cd325b0_uniq" ON "auth_group_permissions" ("group_id", "permission_id");
CREATE INDEX IF NOT EXISTS "auth_group_permissions_group_id_b120cbf9" ON "auth_group_permissions" ("group_id");
CREATE INDEX IF NOT EXISTS "auth_group_permissions_permission_id_84c5c92e" ON "auth_group_permissions" ("permission_id");
CREATE UNIQUE INDEX "auth_user_groups_user_id_group_id_94350c0c_uniq" ON "auth_user_groups" ("user_id", "group_id");
CREATE INDEX IF NOT EXISTS "auth_user_groups_user_id_6a12ed8b" ON "auth_user_groups" ("user_id");
CREATE INDEX IF NOT EXISTS "auth_user_groups_group_id_97559544" ON "auth_user_groups" ("group_id");
CREATE UNIQUE INDEX "auth_user_user_permissions_user_id_permission_id_14a6b632_uniq" ON "auth_user_user_permissions" ("user_id", "permission_id");
CREATE INDEX IF NOT EXISTS "auth_user_user_permissions_user_id_a95ead1b" ON "auth_user_user_permissions" ("user_id");
CREATE INDEX IF NOT EXISTS "auth_user_user_permissions_permission_id_1fbb5f2c" ON "auth_user_user_permissions" ("permission_id");
CREATE INDEX IF NOT EXISTS "django_admin_log_content_type_id_c4bce8eb" ON "django_admin_log" ("content_type_id");
CREATE INDEX IF NOT EXISTS "django_admin_log_user_id_c564eba6" ON "django_admin_log" ("user_id");
CREATE UNIQUE INDEX "django_content_type_app_label_model_76bd3d3b_uniq" ON "django_content_type" ("app_label", "model");
CREATE UNIQUE INDEX "auth_permission_content_type_id_codename_01ab375a_uniq" ON "auth_permission" ("content_type_id", "codename");
CREATE INDEX IF NOT EXISTS "auth_permission_content_type_id_2f476e4b" ON "auth_permission" ("content_type_id");
CREATE INDEX IF NOT EXISTS "django_session_expire_date_a5c62663" ON "django_session" ("expire_date");
CREATE UNIQUE INDEX "knowledgebase_document_assocs_document_id_actor_id_0dba6674_uniq" ON "knowledgebase_document_assocs" ("document_id", "actor_id");
CREATE INDEX IF NOT EXISTS "knowledgebase_document_assocs_document_id_787a19cd" ON "knowledgebase_document_assocs" ("document_id");
CREATE INDEX IF NOT EXISTS "knowledgebase_document_assocs_actor_id_3ac84104" ON "knowledgebase_document_assocs" ("actor_id");
CREATE UNIQUE INDEX "knowledgebase_topic_products_topic_id_product_id_3f42bd5d_uniq" ON "knowledgebase_topic_products" ("topic_id", "product_id");
CREATE INDEX IF NOT EXISTS "knowledgebase_topic_products_topic_id_f888e9d9" ON "knowledgebase_topic_products" ("topic_id");
CREATE INDEX IF NOT EXISTS "knowledgebase_topic_products_product_id_8629a278" ON "knowledgebase_topic_products" ("product_id");
CREATE UNIQUE INDEX "knowledgebase_topic_locations_topic_id_location_id_f696a750_uniq" ON "knowledgebase_topic_locations" ("topic_id", "location_id");
CREATE INDEX IF NOT EXISTS "knowledgebase_topic_locations_topic_id_6aed79ba" ON "knowledgebase_topic_locations" ("topic_id");
CREATE INDEX IF NOT EXISTS "knowledgebase_topic_locations_location_id_8f9c03b8" ON "knowledgebase_topic_locations" ("location_id");
CREATE UNIQUE INDEX "knowledgebase_topic_activities_topic_id_activity_id_ec4b9f3e_uniq" ON "knowledgebase_topic_activities" ("topic_id", "activity_id");
CREATE INDEX IF NOT EXISTS "knowledgebase_topic_activities_topic_id_9de12ab5" ON "knowledgebase_topic_activities" ("topic_id");
CREATE INDEX IF NOT EXISTS "knowledgebase_topic_activities_activity_id_8baf0b60" ON "knowledgebase_topic_activities" ("activity_id");
CREATE UNIQUE INDEX "knowledgebase_topic_actors_topic_id_actor_id_95b82317_uniq" ON "knowledgebase_topic_actors" ("topic_id", "actor_id");
CREATE INDEX IF NOT EXISTS "knowledgebase_topic_actors_topic_id_8653ede0" ON "knowledgebase_topic_actors" ("topic_id");
CREATE INDEX IF NOT EXISTS "knowledgebase_topic_actors_actor_id_877d062b" ON "knowledgebase_topic_actors" ("actor_id");
CREATE UNIQUE INDEX "knowledgebase_topic_impacts_topic_id_impact_id_c9cfe9f2_uniq" ON "knowledgebase_topic_impacts" ("topic_id", "impact_id");
CREATE INDEX IF NOT EXISTS "knowledgebase_topic_impacts_topic_id_d750e6ab" ON "knowledgebase_topic_impacts" ("topic_id");
CREATE INDEX IF NOT EXISTS "knowledgebase_topic_impacts_impact_id_7b7ca3b9" ON "knowledgebase_topic_impacts" ("impact_id");
CREATE UNIQUE INDEX "knowledgebase_product_members_from_product_id_to_product_id_9a8ccd2c_uniq" ON "knowledgebase_product_members" ("from_product_id", "to_product_id");
CREATE INDEX IF NOT EXISTS "knowledgebase_product_members_from_product_id_c52d0ac5" ON "knowledgebase_product_members" ("from_product_id");
CREATE INDEX IF NOT EXISTS "knowledgebase_product_members_to_product_id_918c8808" ON "knowledgebase_product_members" ("to_product_id");
CREATE UNIQUE INDEX "knowledgebase_location_members_from_location_id_to_location_id_e45db455_uniq" ON "knowledgebase_location_members" ("from_location_id", "to_location_id");
CREATE INDEX IF NOT EXISTS "knowledgebase_location_members_from_location_id_7302ce95" ON "knowledgebase_location_members" ("from_location_id");
CREATE INDEX IF NOT EXISTS "knowledgebase_location_members_to_location_id_6ed01a55" ON "knowledgebase_location_members" ("to_location_id");
CREATE UNIQUE INDEX "knowledgebase_impact_members_from_impact_id_to_impact_id_a4d850d5_uniq" ON "knowledgebase_impact_members" ("from_impact_id", "to_impact_id");
CREATE INDEX IF NOT EXISTS "knowledgebase_impact_members_from_impact_id_105ca189" ON "knowledgebase_impact_members" ("from_impact_id");
CREATE INDEX IF NOT EXISTS "knowledgebase_impact_members_to_impact_id_8b695957" ON "knowledgebase_impact_members" ("to_impact_id");
CREATE UNIQUE INDEX "knowledgebase_activity_members_from_activity_id_to_activity_id_1eff765f_uniq" ON "knowledgebase_activity_members" ("from_activity_id", "to_activity_id");
CREATE INDEX IF NOT EXISTS "knowledgebase_activity_members_from_activity_id_c9a26e2e" ON "knowledgebase_activity_members" ("from_activity_id");
CREATE INDEX IF NOT EXISTS "knowledgebase_activity_members_to_activity_id_579436d7" ON "knowledgebase_activity_members" ("to_activity_id");
CREATE UNIQUE INDEX "knowledgebase_actor_members_from_actor_id_to_actor_id_e7ed223d_uniq" ON "knowledgebase_actor_members" ("from_actor_id", "to_actor_id");
CREATE INDEX IF NOT EXISTS "knowledgebase_actor_members_from_actor_id_f23e9112" ON "knowledgebase_actor_members" ("from_actor_id");
CREATE INDEX IF NOT EXISTS "knowledgebase_actor_members_to_actor_id_0201cd5c" ON "knowledgebase_actor_members" ("to_actor_id");
CREATE INDEX IF NOT EXISTS "rest_framework_api_key_apikey_created_c61872d9" ON "rest_framework_api_key_apikey" ("created");
CREATE INDEX IF NOT EXISTS "knowledgebase_actor_category_id_9ed600e2" ON "knowledgebase_actor" ("category_id");
CREATE INDEX IF NOT EXISTS "knowledgebase_product_category_id_e08a0e2f" ON "knowledgebase_product" ("category_id");
CREATE INDEX IF NOT EXISTS "account_emailconfirmation_email_address_id_5b7f8c58" ON "account_emailconfirmation" ("email_address_id");
CREATE UNIQUE INDEX "account_emailaddress_user_id_email_987c8728_uniq" ON "account_emailaddress" ("user_id", "email");
CREATE UNIQUE INDEX "unique_verified_email" ON "account_emailaddress" ("email") WHERE "verified";
CREATE INDEX IF NOT EXISTS "account_emailaddress_user_id_2c513194" ON "account_emailaddress" ("user_id");
CREATE INDEX IF NOT EXISTS "account_emailaddress_upper" ON "account_emailaddress" ((UPPER("email")));
CREATE UNIQUE INDEX "socialaccount_socialtoken_app_id_account_id_fca4e0ac_uniq" ON "socialaccount_socialtoken" ("app_id", "account_id");
CREATE INDEX IF NOT EXISTS "socialaccount_socialtoken_account_id_951f210e" ON "socialaccount_socialtoken" ("account_id");
CREATE INDEX IF NOT EXISTS "socialaccount_socialtoken_app_id_636a42d7" ON "socialaccount_socialtoken" ("app_id");
CREATE UNIQUE INDEX "socialaccount_socialaccount_provider_uid_fc810c6e_uniq" ON "socialaccount_socialaccount" ("provider", "uid");
CREATE INDEX IF NOT EXISTS "socialaccount_socialaccount_user_id_8146e70c" ON "socialaccount_socialaccount" ("user_id");
CREATE INDEX IF NOT EXISTS "knowledgebase_location_category_id_c7d20c2e" ON "knowledgebase_location" ("category_id");
CREATE INDEX IF NOT EXISTS "knowledgebase_evidence_document_id_c2f41197" ON "knowledgebase_evidence" ("document_id");
CREATE INDEX IF NOT EXISTS "knowledgebase_evidence_topic_id_0486bccd" ON "knowledgebase_evidence" ("topic_id");
CREATE TABLE IF NOT EXISTS "auth_user_user_permissions" ("id" integer NOT NULL PRIMARY KEY AUTOINCREMENT, "user_id" integer NOT NULL REFERENCES "auth_user" ("id") DEFERRABLE INITIALLY DEFERRED, "permission_id" integer NOT NULL REFERENCES "auth_permission" ("id") DEFERRABLE INITIALLY DEFERRED);
CREATE UNIQUE INDEX "auth_group_permissions_group_id_permission_id_0cd325b0_uniq" ON "auth_group_permissions" ("group_id", "permission_id");
CREATE INDEX IF NOT EXISTS "auth_group_permissions_group_id_b120cbf9" ON "auth_group_permissions" ("group_id");
CREATE INDEX IF NOT EXISTS "auth_group_permissions_permission_id_84c5c92e" ON "auth_group_permissions" ("permission_id");
CREATE UNIQUE INDEX "auth_user_groups_user_id_group_id_94350c0c_uniq" ON "auth_user_groups" ("user_id", "group_id");
CREATE INDEX IF NOT EXISTS "auth_user_groups_user_id_6a12ed8b" ON "auth_user_groups" ("user_id");
CREATE INDEX IF NOT EXISTS "auth_user_groups_group_id_97559544" ON "auth_user_groups" ("group_id");
CREATE UNIQUE INDEX "auth_user_user_permissions_user_id_permission_id_14a6b632_uniq" ON "auth_user_user_permissions" ("user_id", "permission_id");
CREATE INDEX IF NOT EXISTS "auth_user_user_permissions_user_id_a95ead1b" ON "auth_user_user_permissions" ("user_id");
CREATE INDEX IF NOT EXISTS "auth_user_user_permissions_permission_id_1fbb5f2c" ON "auth_user_user_permissions" ("permission_id");
CREATE INDEX IF NOT EXISTS "django_admin_log_content_type_id_c4bce8eb" ON "django_admin_log" ("content_type_id");
CREATE INDEX IF NOT EXISTS "django_admin_log_user_id_c564eba6" ON "django_admin_log" ("user_id");
CREATE UNIQUE INDEX "django_content_type_app_label_model_76bd3d3b_uniq" ON "django_content_type" ("app_label", "model");
CREATE UNIQUE INDEX "auth_permission_content_type_id_codename_01ab375a_uniq" ON "auth_permission" ("content_type_id", "codename");
CREATE INDEX IF NOT EXISTS "auth_permission_content_type_id_2f476e4b" ON "auth_permission" ("content_type_id");
CREATE INDEX IF NOT EXISTS "django_session_expire_date_a5c62663" ON "django_session" ("expire_date");
CREATE UNIQUE INDEX "knowledgebase_document_assocs_document_id_actor_id_0dba6674_uniq" ON "knowledgebase_document_assocs" ("document_id", "actor_id");
CREATE INDEX IF NOT EXISTS "knowledgebase_document_assocs_document_id_787a19cd" ON "knowledgebase_document_assocs" ("document_id");
CREATE INDEX IF NOT EXISTS "knowledgebase_document_assocs_actor_id_3ac84104" ON "knowledgebase_document_assocs" ("actor_id");
CREATE UNIQUE INDEX "knowledgebase_topic_products_topic_id_product_id_3f42bd5d_uniq" ON "knowledgebase_topic_products" ("topic_id", "product_id");
CREATE INDEX IF NOT EXISTS "knowledgebase_topic_products_topic_id_f888e9d9" ON "knowledgebase_topic_products" ("topic_id");
CREATE INDEX IF NOT EXISTS "knowledgebase_topic_products_product_id_8629a278" ON "knowledgebase_topic_products" ("product_id");
CREATE UNIQUE INDEX "knowledgebase_topic_locations_topic_id_location_id_f696a750_uniq" ON "knowledgebase_topic_locations" ("topic_id", "location_id");
CREATE INDEX IF NOT EXISTS "knowledgebase_topic_locations_topic_id_6aed79ba" ON "knowledgebase_topic_locations" ("topic_id");
CREATE INDEX IF NOT EXISTS "knowledgebase_topic_locations_location_id_8f9c03b8" ON "knowledgebase_topic_locations" ("location_id");
CREATE UNIQUE INDEX "knowledgebase_topic_activities_topic_id_activity_id_ec4b9f3e_uniq" ON "knowledgebase_topic_activities" ("topic_id", "activity_id");
CREATE INDEX IF NOT EXISTS "knowledgebase_topic_activities_topic_id_9de12ab5" ON "knowledgebase_topic_activities" ("topic_id");
CREATE INDEX IF NOT EXISTS "knowledgebase_topic_activities_activity_id_8baf0b60" ON "knowledgebase_topic_activities" ("activity_id");
CREATE UNIQUE INDEX "knowledgebase_topic_actors_topic_id_actor_id_95b82317_uniq" ON "knowledgebase_topic_actors" ("topic_id", "actor_id");
CREATE INDEX IF NOT EXISTS "knowledgebase_topic_actors_topic_id_8653ede0" ON "knowledgebase_topic_actors" ("topic_id");
CREATE INDEX IF NOT EXISTS "knowledgebase_topic_actors_actor_id_877d062b" ON "knowledgebase_topic_actors" ("actor_id");
CREATE UNIQUE INDEX "knowledgebase_topic_impacts_topic_id_impact_id_c9cfe9f2_uniq" ON "knowledgebase_topic_impacts" ("topic_id", "impact_id");
CREATE INDEX IF NOT EXISTS "knowledgebase_topic_impacts_topic_id_d750e6ab" ON "knowledgebase_topic_impacts" ("topic_id");
CREATE INDEX IF NOT EXISTS "knowledgebase_topic_impacts_impact_id_7b7ca3b9" ON "knowledgebase_topic_impacts" ("impact_id");
CREATE UNIQUE INDEX "knowledgebase_product_members_from_product_id_to_product_id_9a8ccd2c_uniq" ON "knowledgebase_product_members" ("from_product_id", "to_product_id");
CREATE INDEX IF NOT EXISTS "knowledgebase_product_members_from_product_id_c52d0ac5" ON "knowledgebase_product_members" ("from_product_id");
CREATE INDEX IF NOT EXISTS "knowledgebase_product_members_to_product_id_918c8808" ON "knowledgebase_product_members" ("to_product_id");
CREATE UNIQUE INDEX "knowledgebase_location_members_from_location_id_to_location_id_e45db455_uniq" ON "knowledgebase_location_members" ("from_location_id", "to_location_id");
CREATE INDEX IF NOT EXISTS "knowledgebase_location_members_from_location_id_7302ce95" ON "knowledgebase_location_members" ("from_location_id");
CREATE INDEX IF NOT EXISTS "knowledgebase_location_members_to_location_id_6ed01a55" ON "knowledgebase_location_members" ("to_location_id");
CREATE UNIQUE INDEX "knowledgebase_impact_members_from_impact_id_to_impact_id_a4d850d5_uniq" ON "knowledgebase_impact_members" ("from_impact_id", "to_impact_id");
CREATE INDEX IF NOT EXISTS "knowledgebase_impact_members_from_impact_id_105ca189" ON "knowledgebase_impact_members" ("from_impact_id");
CREATE INDEX IF NOT EXISTS "knowledgebase_impact_members_to_impact_id_8b695957" ON "knowledgebase_impact_members" ("to_impact_id");
CREATE UNIQUE INDEX "knowledgebase_activity_members_from_activity_id_to_activity_id_1eff765f_uniq" ON "knowledgebase_activity_members" ("from_activity_id", "to_activity_id");
CREATE INDEX IF NOT EXISTS "knowledgebase_activity_members_from_activity_id_c9a26e2e" ON "knowledgebase_activity_members" ("from_activity_id");
CREATE INDEX IF NOT EXISTS "knowledgebase_activity_members_to_activity_id_579436d7" ON "knowledgebase_activity_members" ("to_activity_id");
CREATE UNIQUE INDEX "knowledgebase_actor_members_from_actor_id_to_actor_id_e7ed223d_uniq" ON "knowledgebase_actor_members" ("from_actor_id", "to_actor_id");
CREATE INDEX IF NOT EXISTS "knowledgebase_actor_members_from_actor_id_f23e9112" ON "knowledgebase_actor_members" ("from_actor_id");
CREATE INDEX IF NOT EXISTS "knowledgebase_actor_members_to_actor_id_0201cd5c" ON "knowledgebase_actor_members" ("to_actor_id");
CREATE INDEX IF NOT EXISTS "rest_framework_api_key_apikey_created_c61872d9" ON "rest_framework_api_key_apikey" ("created");
CREATE INDEX IF NOT EXISTS "knowledgebase_actor_category_id_9ed600e2" ON "knowledgebase_actor" ("category_id");
CREATE INDEX IF NOT EXISTS "knowledgebase_product_category_id_e08a0e2f" ON "knowledgebase_product" ("category_id");
CREATE INDEX IF NOT EXISTS "account_emailconfirmation_email_address_id_5b7f8c58" ON "account_emailconfirmation" ("email_address_id");
CREATE UNIQUE INDEX "account_emailaddress_user_id_email_987c8728_uniq" ON "account_emailaddress" ("user_id", "email");
CREATE UNIQUE INDEX "unique_verified_email" ON "account_emailaddress" ("email") WHERE "verified";
CREATE INDEX IF NOT EXISTS "account_emailaddress_user_id_2c513194" ON "account_emailaddress" ("user_id");
CREATE INDEX IF NOT EXISTS "account_emailaddress_upper" ON "account_emailaddress" ((UPPER("email")));
CREATE UNIQUE INDEX "socialaccount_socialtoken_app_id_account_id_fca4e0ac_uniq" ON "socialaccount_socialtoken" ("app_id", "account_id");
CREATE INDEX IF NOT EXISTS "socialaccount_socialtoken_account_id_951f210e" ON "socialaccount_socialtoken" ("account_id");
CREATE INDEX IF NOT EXISTS "socialaccount_socialtoken_app_id_636a42d7" ON "socialaccount_socialtoken" ("app_id");
CREATE UNIQUE INDEX "socialaccount_socialaccount_provider_uid_fc810c6e_uniq" ON "socialaccount_socialaccount" ("provider", "uid");
CREATE INDEX IF NOT EXISTS "socialaccount_socialaccount_user_id_8146e70c" ON "socialaccount_socialaccount" ("user_id");
CREATE INDEX IF NOT EXISTS "knowledgebase_location_category_id_c7d20c2e" ON "knowledgebase_location" ("category_id");
CREATE INDEX IF NOT EXISTS "knowledgebase_evidence_document_id_c2f41197" ON "knowledgebase_evidence" ("document_id");
CREATE INDEX IF NOT EXISTS "knowledgebase_evidence_topic_id_0486bccd" ON "knowledgebase_evidence" ("topic_id");
CREATE TABLE IF NOT EXISTS "django_admin_log" ("id" integer NOT NULL PRIMARY KEY AUTOINCREMENT, "object_id" text NULL, "object_repr" varchar(200) NOT NULL, "action_flag" smallint unsigned NOT NULL CHECK ("action_flag" >= 0), "change_message" text NOT NULL, "content_type_id" integer NULL REFERENCES "django_content_type" ("id") DEFERRABLE INITIALLY DEFERRED, "user_id" integer NOT NULL REFERENCES "auth_user" ("id") DEFERRABLE INITIALLY DEFERRED, "action_time" datetime NOT NULL);
INSERT INTO "django_admin_log" VALUES(1,'1','Stakeholder object (1)',1,'[{"added": {}}]',8,1,'2023-04-16 17:36:38.978891');
INSERT INTO "django_admin_log" VALUES(2,'1','Stakeholder object (1)',2,'[]',8,1,'2023-04-16 17:36:55.720011');
INSERT INTO "django_admin_log" VALUES(3,'1','Doc Title',2,'[{"changed": {"fields": ["Author"]}}]',7,1,'2023-04-16 17:38:07.848519');
INSERT INTO "django_admin_log" VALUES(4,'2','3 Autor',1,'[{"added": {}}]',8,1,'2023-04-16 18:00:43.642415');
INSERT INTO "django_admin_log" VALUES(5,'2','2nd Doc from 3 Autor',2,'[{"changed": {"fields": ["Authors"]}}]',7,1,'2023-04-16 19:41:36.096957');
INSERT INTO "django_admin_log" VALUES(6,'3','3rd from 3 Autor,Stakeholder 1',2,'[{"changed": {"fields": ["Authors"]}}]',7,1,'2023-04-16 19:41:51.073652');
INSERT INTO "django_admin_log" VALUES(7,'1','Environmental',1,'[{"added": {}}]',NULL,1,'2023-04-17 19:05:12.193853');
INSERT INTO "django_admin_log" VALUES(8,'2','Governance',1,'[{"added": {}}]',NULL,1,'2023-04-17 19:05:25.751128');
INSERT INTO "django_admin_log" VALUES(9,'3','Social',1,'[{"added": {}}]',NULL,1,'2023-04-17 19:05:31.118307');
INSERT INTO "django_admin_log" VALUES(10,'4','Child Labour',1,'[{"added": {}}]',NULL,1,'2023-04-17 19:05:42.332386');
INSERT INTO "django_admin_log" VALUES(11,'5','Forced Labour',1,'[{"added": {}}]',NULL,1,'2023-04-17 19:06:31.782708');
INSERT INTO "django_admin_log" VALUES(12,'6','Wage',1,'[{"added": {}}]',NULL,1,'2023-04-17 19:06:38.476371');
INSERT INTO "django_admin_log" VALUES(13,'1','Factory',1,'[{"added": {}}]',12,1,'2023-04-17 19:30:43.953211');
INSERT INTO "django_admin_log" VALUES(14,'2','Mine',1,'[{"added": {}}]',12,1,'2023-04-17 19:30:48.605061');
INSERT INTO "django_admin_log" VALUES(15,'3','Province',1,'[{"added": {}}]',12,1,'2023-04-17 19:30:59.525505');
INSERT INTO "django_admin_log" VALUES(16,'4','Region',1,'[{"added": {}}]',12,1,'2023-04-17 19:31:05.145873');
INSERT INTO "django_admin_log" VALUES(17,'5','State',1,'[{"added": {}}]',12,1,'2023-04-17 19:31:11.053822');
INSERT INTO "django_admin_log" VALUES(18,'6','Town',1,'[{"added": {}}]',12,1,'2023-04-17 19:31:16.268957');
INSERT INTO "django_admin_log" VALUES(19,'1','Device',1,'[{"added": {}}]',14,1,'2023-04-17 19:31:28.017280');
INSERT INTO "django_admin_log" VALUES(20,'2','Material',1,'[{"added": {}}]',14,1,'2023-04-17 19:31:37.537195');
INSERT INTO "django_admin_log" VALUES(21,'3','Part',1,'[{"added": {}}]',14,1,'2023-04-17 19:31:42.009273');
INSERT INTO "django_admin_log" VALUES(22,'4','Resource',1,'[{"added": {}}]',14,1,'2023-04-17 19:31:47.926377');
INSERT INTO "django_admin_log" VALUES(23,'1','Commercial',1,'[{"added": {}}]',9,1,'2023-04-17 19:32:01.093696');
INSERT INTO "django_admin_log" VALUES(24,'2','Component Firm',1,'[{"added": {}}]',9,1,'2023-04-17 19:32:12.603678');
INSERT INTO "django_admin_log" VALUES(25,'3','Contract Manufacturer',1,'[{"added": {}}]',9,1,'2023-04-17 19:32:31.816731');
INSERT INTO "django_admin_log" VALUES(26,'4','Mining Company',1,'[{"added": {}}]',9,1,'2023-04-17 19:32:40.452043');
INSERT INTO "django_admin_log" VALUES(27,'5','Semi Producer',1,'[{"added": {}}]',9,1,'2023-04-17 19:32:52.671973');
INSERT INTO "django_admin_log" VALUES(28,'6','Smelter / Refiner',1,'[{"added": {}}]',9,1,'2023-04-17 19:33:02.027151');
INSERT INTO "django_admin_log" VALUES(29,'7','Technology Brand',1,'[{"added": {}}]',9,1,'2023-04-17 19:33:12.279354');
INSERT INTO "django_admin_log" VALUES(30,'8','Govermental',1,'[{"added": {}}]',9,1,'2023-04-17 19:33:27.104202');
INSERT INTO "django_admin_log" VALUES(31,'9','Non-Governmental',1,'[{"added": {}}]',9,1,'2023-04-17 19:33:40.458906');
INSERT INTO "django_admin_log" VALUES(32,'8','Governmental',2,'[{"changed": {"fields": ["Name"]}}]',9,1,'2023-04-17 19:33:50.648704');
INSERT INTO "django_admin_log" VALUES(33,'10','Non-Profit',1,'[{"added": {}}]',9,1,'2023-04-17 19:34:01.414152');
INSERT INTO "django_admin_log" VALUES(34,'2','3 Autor',3,'',8,1,'2023-04-17 19:56:49.747259');
INSERT INTO "django_admin_log" VALUES(35,'1','Stakeholder 1',3,'',8,1,'2023-04-17 19:56:49.754443');
INSERT INTO "django_admin_log" VALUES(36,'3','Catapa',1,'[{"added": {}}]',8,1,'2023-04-17 19:57:53.439061');
INSERT INTO "django_admin_log" VALUES(37,'4','Antofagasta Minerals',1,'[{"added": {}}]',8,1,'2023-04-17 19:58:07.502412');
INSERT INTO "django_admin_log" VALUES(38,'5','Make ICT Fair',1,'[{"added": {}}]',8,1,'2023-04-17 19:58:29.156079');
INSERT INTO "django_admin_log" VALUES(39,'6','War on Want',1,'[{"added": {}}]',8,1,'2023-04-17 19:58:41.042586');
INSERT INTO "django_admin_log" VALUES(40,'1','Copper',1,'[{"added": {}}]',16,1,'2023-04-17 20:10:39.596442');
INSERT INTO "django_admin_log" VALUES(41,'2','Copper Ore',1,'[{"added": {}}]',16,1,'2023-04-17 20:10:50.754226');
INSERT INTO "django_admin_log" VALUES(42,'1','Los Pelambres',1,'[{"added": {}}]',10,1,'2023-04-17 20:12:02.523025');
INSERT INTO "django_admin_log" VALUES(43,'2','Chile',1,'[{"added": {}}]',10,1,'2023-04-17 20:16:08.018053');
INSERT INTO "django_admin_log" VALUES(44,'1','Los Pelambres',2,'[{"changed": {"fields": ["Within"]}}]',10,1,'2023-04-17 20:16:15.584958');
INSERT INTO "django_admin_log" VALUES(45,'3','3rd from ',3,'',7,1,'2023-04-17 20:17:10.599142');
INSERT INTO "django_admin_log" VALUES(46,'2','2nd Doc from ',3,'',7,1,'2023-04-17 20:17:10.606564');
INSERT INTO "django_admin_log" VALUES(47,'1','Doc Title from ',3,'',7,1,'2023-04-17 20:17:10.612233');
INSERT INTO "django_admin_log" VALUES(48,'4','Copper, Information and Communication Technologies (ICT) and Human Rights in Chile from Catapa, Make ICT Fair, War on Want',1,'[{"added": {}}]',7,1,'2023-04-17 20:19:00.354830');
INSERT INTO "django_admin_log" VALUES(49,'1','Copper Ore / Los Pelambres / Antofagasta Minerals',1,'[{"added": {}}]',NULL,1,'2023-04-17 20:25:30.805066');
INSERT INTO "django_admin_log" VALUES(50,'1','Child Labour',1,'[{"added": {}}]',18,1,'2023-04-18 20:20:19.011963');
INSERT INTO "django_admin_log" VALUES(51,'2','Forced Labour',1,'[{"added": {}}]',18,1,'2023-04-18 20:20:34.266299');
INSERT INTO "django_admin_log" VALUES(52,'1','Copper Ore / Los Pelambres / Antofagasta Minerals / None',1,'[{"added": {}}]',15,1,'2023-04-18 20:41:51.522145');
INSERT INTO "django_admin_log" VALUES(53,'4','Living under risk from Catapa, Make ICT Fair, War on Want',2,'[{"changed": {"fields": ["Title", "Subtitle", "Note"]}}]',7,1,'2023-04-18 20:46:38.457681');
INSERT INTO "django_admin_log" VALUES(54,'4','Living under risk from Catapa, Make ICT Fair, War on Want',2,'[{"added": {"name": "Evidence", "object": "Copper Ore / Los Pelambres / Antofagasta Minerals / None in Living under risk from Catapa, Make ICT Fair, War on Want"}}]',7,1,'2023-04-18 20:58:53.752133');
INSERT INTO "django_admin_log" VALUES(55,'1','Copper Ore / Los Pelambres / Antofagasta Minerals / None',3,'',15,1,'2023-04-19 17:30:14.810586');
INSERT INTO "django_admin_log" VALUES(56,'1','Copper Ore / Los Pelambres / Antofagasta Minerals / None',3,'',15,1,'2023-04-19 17:31:56.130531');
INSERT INTO "django_admin_log" VALUES(57,'4','Living under risk from Catapa, Make ICT Fair, War on Want',3,'',7,1,'2023-04-19 17:32:05.480446');
INSERT INTO "django_admin_log" VALUES(58,'2','Copper / Chile / None / None',1,'[{"added": {}}, {"added": {"name": "Evidence", "object": "Copper / Chile / None / None in Living under risk from Catapa, Make ICT Fair, War on Want"}}]',15,1,'2023-04-19 17:40:05.931318');
INSERT INTO "django_admin_log" VALUES(59,'4','Living under risk from Catapa, Make ICT Fair, War on Want',2,'[{"changed": {"name": "Evidence", "object": "Copper Ore / Los Pelambres / Antofagasta Minerals /  in Living under risk from Catapa, Make ICT Fair, War on Want", "fields": ["Reference", "Relevance"]}}]',7,1,'2023-04-19 17:52:35.387897');
INSERT INTO "django_admin_log" VALUES(60,'1','Protest',1,'[{"added": {}}]',19,1,'2023-04-19 17:58:41.035469');
INSERT INTO "django_admin_log" VALUES(61,'11','People',1,'[{"added": {}}]',9,1,'2023-04-19 18:03:20.576470');
INSERT INTO "django_admin_log" VALUES(62,'7','People',1,'[{"added": {}}]',8,1,'2023-04-19 18:03:26.983241');
INSERT INTO "django_admin_log" VALUES(63,'3',' / Los Pelambres / People /  / Protest',1,'[{"added": {}}]',15,1,'2023-04-19 18:03:35.008062');
INSERT INTO "django_admin_log" VALUES(64,'4','Living under risk from Catapa, Make ICT Fair, War on Want',2,'[{"added": {"name": "Evidence", "object": " / Los Pelambres / People /  / Protest in Living under risk from Catapa, Make ICT Fair, War on Want"}}, {"changed": {"name": "Evidence", "object": "Copper Ore / Los Pelambres / Antofagasta Minerals /  /  in Living under risk from Catapa, Make ICT Fair, War on Want", "fields": ["Reference"]}}]',7,1,'2023-04-19 18:03:54.972980');
INSERT INTO "django_admin_log" VALUES(65,'4','Living under risk from Catapa, Make ICT Fair, War on Want',2,'[{"changed": {"fields": ["Todo"]}}]',7,1,'2023-04-19 19:10:09.491420');
INSERT INTO "django_admin_log" VALUES(66,'3','Workload',1,'[{"added": {}}]',18,1,'2023-04-19 19:19:38.735359');
INSERT INTO "django_admin_log" VALUES(67,'4','Health and Safety',1,'[{"added": {}}]',18,1,'2023-04-19 19:20:08.664562');
INSERT INTO "django_admin_log" VALUES(68,'5','Labour Conditions',1,'[{"added": {}}]',18,1,'2023-04-19 19:20:46.029315');
INSERT INTO "django_admin_log" VALUES(69,'6','Pollution',1,'[{"added": {}}]',18,1,'2023-04-19 19:21:16.796258');
INSERT INTO "django_admin_log" VALUES(70,'7','Occupational Accident',1,'[{"added": {}}]',18,1,'2023-04-19 19:22:36.126907');
INSERT INTO "django_admin_log" VALUES(71,'8','Human Trafficking',1,'[{"added": {}}]',18,1,'2023-04-19 19:22:58.176403');
INSERT INTO "django_admin_log" VALUES(72,'9','Wages',1,'[{"added": {}}]',18,1,'2023-04-19 19:24:00.905613');
INSERT INTO "django_admin_log" VALUES(73,'10','Union Busting',1,'[{"added": {}}]',18,1,'2023-04-19 19:24:20.443914');
INSERT INTO "django_admin_log" VALUES(74,'11','Social Benefits',1,'[{"added": {}}]',18,1,'2023-04-19 19:25:10.486218');
INSERT INTO "django_admin_log" VALUES(75,'12','Discrimination',1,'[{"added": {}}]',18,1,'2023-04-19 19:25:17.296623');
INSERT INTO "django_admin_log" VALUES(76,'1','Copper',2,'[{"changed": {"fields": ["Slug"]}}]',16,1,'2023-04-19 19:56:04.800621');
INSERT INTO "django_admin_log" VALUES(77,'2','Copper Ore',2,'[{"changed": {"fields": ["Slug"]}}]',16,1,'2023-04-19 19:56:16.867435');
INSERT INTO "django_admin_log" VALUES(78,'2','Chile',2,'[{"changed": {"fields": ["Slug"]}}]',10,1,'2023-04-19 20:22:31.797976');
INSERT INTO "django_admin_log" VALUES(79,'1','Los Pelambres',2,'[{"changed": {"fields": ["Slug"]}}]',10,1,'2023-04-19 20:22:55.644875');
INSERT INTO "django_admin_log" VALUES(80,'5','Country',2,'[{"changed": {"fields": ["Name"]}}]',12,1,'2023-04-25 18:55:55.612743');
INSERT INTO "django_admin_log" VALUES(81,'6','Town',2,'[]',12,1,'2023-04-25 18:58:52.090200');
INSERT INTO "django_admin_log" VALUES(82,'5','Country',2,'[]',12,1,'2023-04-25 18:58:58.648314');
INSERT INTO "django_admin_log" VALUES(83,'4','Region',2,'[]',12,1,'2023-04-25 18:59:02.210024');
INSERT INTO "django_admin_log" VALUES(84,'3','Province',2,'[]',12,1,'2023-04-25 18:59:05.022457');
INSERT INTO "django_admin_log" VALUES(85,'2','Mine',2,'[]',12,1,'2023-04-25 18:59:07.445598');
INSERT INTO "django_admin_log" VALUES(86,'1','Factory',2,'[]',12,1,'2023-04-25 18:59:09.762816');
INSERT INTO "django_admin_log" VALUES(87,'8','Human Rights Watch',1,'[{"added": {}}]',8,1,'2023-04-25 19:14:19.338383');
INSERT INTO "django_admin_log" VALUES(88,'4','Lead Ore',1,'[{"added": {}}]',16,1,'2023-04-25 19:17:24.987644');
INSERT INTO "django_admin_log" VALUES(89,'3','Zambia',1,'[{"added": {}}]',10,1,'2023-04-25 19:17:53.062761');
INSERT INTO "django_admin_log" VALUES(90,'4','Kabwe (Province in Zambia)',1,'[{"added": {}}]',10,1,'2023-04-25 19:17:54.564421');
INSERT INTO "django_admin_log" VALUES(91,'4','Lead Ore / Kabwe (Province in Zambia) /  /  / ',1,'[{"added": {}}]',15,1,'2023-04-25 19:18:34.306161');
INSERT INTO "django_admin_log" VALUES(92,'5','"We Have to Be Worried" by Human Rights Watch',1,'[{"added": {}}, {"added": {"name": "Evidence", "object": "Lead Ore / Kabwe (Province in Zambia) /  /  /  in \"We Have to Be Worried\""}}]',7,1,'2023-04-25 19:19:51.663412');
INSERT INTO "django_admin_log" VALUES(93,'5','"We Have to Be Worried" by Human Rights Watch',2,'[{"changed": {"name": "Evidence", "object": "Lead Ore / Kabwe (Province in Zambia) /  /  /  in \"We Have to Be Worried\"", "fields": ["Relevance"]}}]',7,1,'2023-04-25 19:23:03.084865');
INSERT INTO "django_admin_log" VALUES(94,'5','"We Have to Be Worried" by Human Rights Watch',2,'[]',7,1,'2023-04-25 19:27:36.125614');
INSERT INTO "django_admin_log" VALUES(95,'9','International Federation for Human Rights (fidh)',1,'[{"added": {}}]',8,1,'2023-04-25 19:28:38.962315');
INSERT INTO "django_admin_log" VALUES(96,'10','Justiça nos Trilhos',1,'[{"added": {}}]',8,1,'2023-04-25 19:28:57.761256');
INSERT INTO "django_admin_log" VALUES(97,'5','Iron Ore',1,'[{"added": {}}]',16,1,'2023-04-25 19:35:10.974462');
INSERT INTO "django_admin_log" VALUES(98,'5','Brazil',1,'[{"added": {}}]',10,1,'2023-04-25 19:35:33.737408');
INSERT INTO "django_admin_log" VALUES(99,'6','Carajás (Mine in Brazil)',1,'[{"added": {}}]',10,1,'2023-04-25 19:35:35.464985');
INSERT INTO "django_admin_log" VALUES(100,'5','Iron Ore / Carajás (Mine in Brazil) /  /  / ',1,'[{"added": {}}]',15,1,'2023-04-25 19:35:49.041718');
INSERT INTO "django_admin_log" VALUES(101,'6','"Heavy metal" by International Federation for Human Rights (fidh), Justiça nos Trilhos',1,'[{"added": {}}, {"added": {"name": "Evidence", "object": "Iron Ore / Caraj\u00e1s (Mine in Brazil) /  /  /  in \"Heavy metal\""}}]',7,1,'2023-04-25 19:36:10.347610');
INSERT INTO "django_admin_log" VALUES(102,'11','People',2,'[{"changed": {"fields": ["Slug"]}}]',9,1,'2023-04-28 12:46:59.579940');
INSERT INTO "django_admin_log" VALUES(103,'5','Iron Ore / Carajás (Mine in Brazil) / * / * / * in "Heavy metal"',2,'[{"changed": {"fields": ["Period"]}}]',17,1,'2023-05-02 18:21:25.188886');
INSERT INTO "django_admin_log" VALUES(104,'4','Lead Ore / Kabwe (Province in Zambia) / * / * / * in "We Have to Be Worried"',2,'[{"changed": {"fields": ["Period"]}}]',17,1,'2023-05-02 18:21:35.983201');
INSERT INTO "django_admin_log" VALUES(105,'3','* / Los Pelambres (Mine in Chile) / People / * / Protest in "Living under risk"',2,'[{"changed": {"fields": ["Period"]}}]',17,1,'2023-05-02 18:21:40.730704');
INSERT INTO "django_admin_log" VALUES(106,'1','Copper Ore / Los Pelambres (Mine in Chile) / Antofagasta Minerals / * / * in "Living under risk"',2,'[{"changed": {"fields": ["Period"]}}]',17,1,'2023-05-02 18:21:45.490030');
INSERT INTO "django_admin_log" VALUES(107,'2','Copper / Chile / * / * / * in "Living under risk"',2,'[{"changed": {"fields": ["Period"]}}]',17,1,'2023-05-02 18:21:49.520252');
INSERT INTO "django_admin_log" VALUES(108,'4','"Living under risk" by Catapa, Make ICT Fair, War on Want',2,'[{"changed": {"fields": ["File"]}}]',7,1,'2023-05-02 18:22:22.205836');
INSERT INTO "django_admin_log" VALUES(109,'6','"Heavy metal" by International Federation for Human Rights (fidh), Justiça nos Trilhos',2,'[{"changed": {"fields": ["File"]}}]',7,1,'2023-05-02 18:43:36.750222');
INSERT INTO "django_admin_log" VALUES(110,'7','"Neu" by ',1,'[{"added": {}}]',7,1,'2023-05-02 18:45:47.564785');
INSERT INTO "django_admin_log" VALUES(111,'7','"Neu" by ',3,'',7,1,'2023-05-02 18:46:24.121505');
INSERT INTO "django_admin_log" VALUES(112,'8','"Neu" by ',1,'[{"added": {}}]',7,1,'2023-05-02 18:54:15.382774');
INSERT INTO "django_admin_log" VALUES(113,'9','"Neu" by ',1,'[{"added": {}}]',7,1,'2023-05-02 18:54:31.819951');
INSERT INTO "django_admin_log" VALUES(114,'9','"Neu" by ',3,'',7,1,'2023-05-02 18:56:49.523361');
INSERT INTO "django_admin_log" VALUES(115,'8','"Neu" by ',3,'',7,1,'2023-05-02 18:56:49.538842');
INSERT INTO "django_admin_log" VALUES(116,'4','"Living under risk" by Catapa, Make ICT Fair, War on Want',2,'[{"changed": {"fields": ["File"]}}]',7,1,'2023-05-02 19:24:49.138533');
INSERT INTO "django_admin_log" VALUES(117,'5','"We Have to Be Worried" by Human Rights Watch',2,'[{"changed": {"fields": ["File"]}}]',7,1,'2023-05-02 19:35:45.419966');
INSERT INTO "django_admin_log" VALUES(118,'10','"NNN" by ',1,'[{"added": {}}]',7,1,'2023-05-02 19:36:23.348624');
INSERT INTO "django_admin_log" VALUES(119,'10','"NNN" by ',3,'',7,1,'2023-05-02 19:36:41.232785');
INSERT INTO "django_admin_log" VALUES(120,'1','Commercial',3,'',9,1,'2023-05-04 09:08:51.679787');
INSERT INTO "django_admin_log" VALUES(121,'7','"Neu" by ',1,'[{"added": {}}]',7,1,'2023-05-04 12:27:06.721144');
INSERT INTO "django_admin_log" VALUES(122,'7','"Neu" by ',3,'',7,1,'2023-05-04 12:28:06.590978');
INSERT INTO "django_admin_log" VALUES(123,'8','"Neuu" by ',1,'[{"added": {}}]',7,1,'2023-05-04 12:28:22.145538');
INSERT INTO "django_admin_log" VALUES(124,'9','"asdfasdf" by ',1,'[{"added": {}}]',7,1,'2023-05-04 12:29:07.380357');
INSERT INTO "django_admin_log" VALUES(125,'10','"qqqqqqqqqq" by ',1,'[{"added": {}}]',7,1,'2023-05-04 12:31:58.925603');
INSERT INTO "django_admin_log" VALUES(126,'11','"gggggggg" by ',1,'[{"added": {}}]',7,1,'2023-05-04 12:33:58.168122');
INSERT INTO "django_admin_log" VALUES(127,'12','"jjjjjjjjj" by ',1,'[{"added": {}}]',7,1,'2023-05-04 12:34:22.842167');
INSERT INTO "django_admin_log" VALUES(128,'12','"jjjjjjjjj" by ',3,'',7,1,'2023-05-04 12:34:36.534445');
INSERT INTO "django_admin_log" VALUES(129,'11','"gggggggg" by ',3,'',7,1,'2023-05-04 12:34:36.542385');
INSERT INTO "django_admin_log" VALUES(130,'10','"qqqqqqqqqq" by ',3,'',7,1,'2023-05-04 12:34:36.548525');
INSERT INTO "django_admin_log" VALUES(131,'9','"asdfasdf" by ',3,'',7,1,'2023-05-04 12:34:36.554939');
INSERT INTO "django_admin_log" VALUES(132,'8','"Neuu" by ',3,'',7,1,'2023-05-04 12:34:36.560417');
INSERT INTO "django_admin_log" VALUES(133,'13','"lll" by ',1,'[{"added": {}}]',7,1,'2023-05-04 12:35:09.322278');
INSERT INTO "django_admin_log" VALUES(134,'13','"lll" by ',3,'',7,1,'2023-05-04 12:35:17.729105');
INSERT INTO "django_admin_log" VALUES(135,'6','* / * / * / * / *',1,'[{"added": {}}]',15,1,'2023-05-04 13:39:38.370458');
INSERT INTO "django_admin_log" VALUES(136,'6','Copper / * / * / * / *',2,'[{"changed": {"fields": ["Product"]}}]',15,1,'2023-05-04 13:39:50.799175');
INSERT INTO "django_admin_log" VALUES(137,'6','Copper Ore / * / * / * / *',2,'[{"changed": {"fields": ["Product"]}}]',15,1,'2023-05-04 13:42:37.967242');
INSERT INTO "django_admin_log" VALUES(138,'6','* / * / * / * / *',2,'[{"changed": {"fields": ["Product"]}}]',15,1,'2023-05-04 13:44:33.334545');
INSERT INTO "django_admin_log" VALUES(139,'6','* / * / * / * / *',2,'[{"changed": {"fields": ["Slug"]}}]',15,1,'2023-05-04 13:44:53.542353');
INSERT INTO "django_admin_log" VALUES(140,'6','"Heavy metal" by International Federation for Human Rights (fidh), Justiça nos Trilhos',2,'[{"changed": {"fields": ["File"]}}]',7,1,'2023-05-04 16:39:37.657856');
INSERT INTO "django_admin_log" VALUES(141,'5','"We Have to Be Worried" by Human Rights Watch',2,'[{"changed": {"fields": ["File"]}}]',7,1,'2023-05-04 18:10:36.147985');
INSERT INTO "django_admin_log" VALUES(142,'5','"We Have to Be Worried" by Human Rights Watch',2,'[{"changed": {"fields": ["File"]}}]',7,1,'2023-05-04 18:11:18.617289');
INSERT INTO "django_admin_log" VALUES(143,'4','"Living under risk" by Catapa, Make ICT Fair, War on Want',2,'[{"changed": {"fields": ["File"]}}]',7,1,'2023-05-04 18:16:09.901203');
INSERT INTO "django_admin_log" VALUES(144,'4','"Living under risk" by Catapa, Make ICT Fair, War on Want',2,'[{"changed": {"fields": ["File"]}}]',7,1,'2023-05-04 18:17:26.226537');
INSERT INTO "django_admin_log" VALUES(145,'6','"Heavy metal" by International Federation for Human Rights (fidh), Justiça nos Trilhos',2,'[{"changed": {"fields": ["File"]}}]',7,1,'2023-05-04 18:33:58.593516');
INSERT INTO "django_admin_log" VALUES(146,'6','"Heavy metal" by International Federation for Human Rights (fidh), Justiça nos Trilhos',2,'[{"changed": {"fields": ["File"]}}]',7,1,'2023-05-04 18:34:27.049227');
INSERT INTO "django_admin_log" VALUES(147,'6','"Heavy metal" by International Federation for Human Rights (fidh), Justiça nos Trilhos',2,'[{"changed": {"fields": ["File"]}}]',7,1,'2023-05-04 18:40:47.188301');
INSERT INTO "django_admin_log" VALUES(148,'6','"Heavy metal" by International Federation for Human Rights (fidh), Justiça nos Trilhos',2,'[{"changed": {"fields": ["File"]}}]',7,1,'2023-05-04 18:41:09.948503');
INSERT INTO "django_admin_log" VALUES(149,'6','"Heavy metal" by International Federation for Human Rights (fidh), Justiça nos Trilhos',2,'[{"changed": {"fields": ["File"]}}]',7,1,'2023-05-04 18:45:18.106947');
INSERT INTO "django_admin_log" VALUES(150,'6','"Heavy metal" by International Federation for Human Rights (fidh), Justiça nos Trilhos',2,'[{"changed": {"fields": ["File"]}}]',7,1,'2023-05-04 18:45:33.785828');
INSERT INTO "django_admin_log" VALUES(151,'5','"We Have to Be Worried" by Human Rights Watch',2,'[]',7,1,'2023-05-04 18:50:46.265935');
INSERT INTO "django_admin_log" VALUES(152,'11','Southern Africa Resource Watch (SARW)',1,'[{"added": {}}]',8,1,'2023-05-04 18:57:17.768293');
INSERT INTO "django_admin_log" VALUES(153,'12','Open Society Initiative for Southern Africa (OSISA',1,'[{"added": {}}]',8,1,'2023-05-04 19:00:26.558106');
INSERT INTO "django_admin_log" VALUES(154,'7','"Completing Report No. 3" by Open Society Initiative for Southern Africa (OSISA, Southern Africa Resource Watch (SARW)',1,'[{"added": {}}]',7,1,'2023-05-04 19:03:15.995654');
INSERT INTO "django_admin_log" VALUES(155,'6','Gold',1,'[{"added": {}}]',16,1,'2023-05-04 19:06:06.762152');
INSERT INTO "django_admin_log" VALUES(156,'7','D.R. Congo',1,'[{"added": {}}]',10,1,'2023-05-04 19:06:27.980776');
INSERT INTO "django_admin_log" VALUES(157,'7','Gold / D.R. Congo / * / * / *',1,'[{"added": {}}]',15,1,'2023-05-04 19:06:49.427499');
INSERT INTO "django_admin_log" VALUES(158,'13','Congolese Government',1,'[{"added": {}}]',8,1,'2023-05-04 19:08:07.943732');
INSERT INTO "django_admin_log" VALUES(159,'13','Corruption',1,'[{"added": {}}]',18,1,'2023-05-04 19:08:20.318118');
INSERT INTO "django_admin_log" VALUES(160,'8','* / * / Congolese Government / Corruption / *',1,'[{"added": {}}]',15,1,'2023-05-04 19:08:24.899167');
INSERT INTO "django_admin_log" VALUES(161,'7','"Completing Report No. 3" by Open Society Initiative for Southern Africa (OSISA, Southern Africa Resource Watch (SARW)',2,'[{"changed": {"fields": ["Todo"]}}, {"added": {"name": "Evidence", "object": "Gold / D.R. Congo / * / * / * in \"Completing Report No. 3\""}}, {"added": {"name": "Evidence", "object": "* / * / Congolese Government / Corruption / * in \"Completing Report No. 3\""}}]',7,1,'2023-05-04 19:09:13.598927');
INSERT INTO "django_admin_log" VALUES(162,'7','"(Completing Report No. 3)" by Open Society Initiative for Southern Africa (OSISA, Southern Africa Resource Watch (SARW)',2,'[{"changed": {"fields": ["Title"]}}]',7,1,'2023-05-04 19:09:31.603629');
INSERT INTO "django_admin_log" VALUES(163,'12','Consulting',1,'[{"added": {}}]',9,1,'2023-05-04 19:11:16.149168');
INSERT INTO "django_admin_log" VALUES(164,'14','Five Winds International',1,'[{"added": {}}]',8,1,'2023-05-04 19:11:17.558763');
INSERT INTO "django_admin_log" VALUES(165,'13','Industry Body',1,'[{"added": {}}]',9,1,'2023-05-04 19:15:00.270583');
INSERT INTO "django_admin_log" VALUES(166,'15','International Council on Mining and Metals (ICMM)',1,'[{"added": {}}]',8,1,'2023-05-04 19:15:03.799949');
INSERT INTO "django_admin_log" VALUES(167,'8','"Sustainable Development and the Global Copper Supply Chain: International research team report" by Five Winds International, International Council on Mining and Metals (ICMM)',1,'[{"added": {}}]',7,1,'2023-05-04 19:17:12.701895');
INSERT INTO "django_admin_log" VALUES(168,'16','International Institute for Sustainable Development (IISD)',1,'[{"added": {}}]',8,1,'2023-05-04 19:18:34.266573');
INSERT INTO "django_admin_log" VALUES(169,'8','China',1,'[{"added": {}}]',10,1,'2023-05-04 19:20:27.387467');
INSERT INTO "django_admin_log" VALUES(170,'9','Copper / China / * / * / *',1,'[{"added": {}}]',15,1,'2023-05-04 19:20:31.082621');
INSERT INTO "django_admin_log" VALUES(171,'8','"Sustainable Development and the Global Copper Supply Chain: International research team report" by Five Winds International, International Council on Mining and Metals (ICMM), International Institute',2,'[{"changed": {"fields": ["Authors", "Abstract", "Note"]}}, {"added": {"name": "Evidence", "object": "Copper / China / * / * / * in \"Sustainable Development and the Global Copper Supply Chain: International research team report\""}}]',7,1,'2023-05-04 19:22:13.490821');
INSERT INTO "django_admin_log" VALUES(172,'8','"Sustainable Development and the Global Copper Supply Chain" by Five Winds International, International Council on Mining and Metals (ICMM), International Institute for Sustainable Development (IISD)',2,'[{"changed": {"fields": ["Title", "Subtitle"]}}]',7,1,'2023-05-04 19:22:32.727723');
INSERT INTO "django_admin_log" VALUES(173,'7','"(Completing Report No. 3)" by Open Society Initiative for Southern Africa (OSISA, Southern Africa Resource Watch (SARW)',2,'[{"changed": {"name": "Evidence", "object": "Gold / D.R. Congo / * / * / * in \"(Completing Report No. 3)\"", "fields": ["Relevance"]}}, {"changed": {"name": "Evidence", "object": "* / * / Congolese Government / Corruption / * in \"(Completing Report No. 3)\"", "fields": ["Relevance"]}}]',7,1,'2023-05-04 19:23:14.643388');
INSERT INTO "django_admin_log" VALUES(174,'7','"(Completing Report No. 3)" by Open Society Initiative for Southern Africa (OSISA, Southern Africa Resource Watch (SARW)',2,'[{"changed": {"fields": ["Volume"]}}]',7,1,'2023-05-04 19:23:56.985924');
INSERT INTO "django_admin_log" VALUES(175,'8','"Sustainable Development and the Global Copper Supply Chain" by Five Winds International, International Council on Mining and Metals (ICMM), International Institute for Sustainable Development (IISD)',2,'[{"changed": {"fields": ["File"]}}]',7,1,'2023-05-04 19:24:47.518994');
INSERT INTO "django_admin_log" VALUES(176,'14','Research',1,'[{"added": {}}]',9,1,'2023-05-04 19:26:09.919581');
INSERT INTO "django_admin_log" VALUES(177,'17','Clinton Ebimobowei Ebikemefa',1,'[{"added": {}}]',8,1,'2023-05-04 19:26:55.874373');
INSERT INTO "django_admin_log" VALUES(178,'7','Area',1,'[{"added": {}}]',12,1,'2023-05-04 19:30:35.975946');
INSERT INTO "django_admin_log" VALUES(179,'9','Nigeria',1,'[{"added": {}}]',10,1,'2023-05-04 19:30:53.823227');
INSERT INTO "django_admin_log" VALUES(180,'10','Jos Plateau (Area in Nigeria)',1,'[{"added": {}}]',10,1,'2023-05-04 19:31:04.425115');
INSERT INTO "django_admin_log" VALUES(181,'14','Chances',1,'[{"added": {}}]',18,1,'2023-05-04 19:32:26.045296');
INSERT INTO "django_admin_log" VALUES(182,'10','* / Jos Plateau (Area in Nigeria) / * / Chances / *',1,'[{"added": {}}]',15,1,'2023-05-04 19:32:35.640010');
INSERT INTO "django_admin_log" VALUES(183,'9','"Benefits of cassiterite mining by artisanal miners in Jos Plateau, Nigeria" by Clinton Ebimobowei Ebikemefa',1,'[{"added": {}}, {"added": {"name": "Evidence", "object": "* / Jos Plateau (Area in Nigeria) / * / Chances / * in \"Benefits of cassiterite mining by artisanal miners in Jos Plateau, Nigeria\""}}]',7,1,'2023-05-04 19:35:03.631122');
INSERT INTO "django_admin_log" VALUES(184,'9','"Benefits of cassiterite mining by artisanal miners in Jos Plateau, Nigeria" by Clinton Ebimobowei Ebikemefa',2,'[]',7,1,'2023-05-04 19:37:55.434003');
INSERT INTO "django_admin_log" VALUES(185,'18','global witness',1,'[{"added": {}}]',8,1,'2023-05-04 19:39:12.024823');
INSERT INTO "django_admin_log" VALUES(186,'7','Democratic Republic of Congo',2,'[{"changed": {"fields": ["Name"]}}]',10,1,'2023-05-04 19:41:26.178666');
INSERT INTO "django_admin_log" VALUES(187,'11','Eastern Democratic Republic of Congo (Region in Democratic Republic of Congo)',1,'[{"added": {}}]',10,1,'2023-05-04 19:41:28.645844');
INSERT INTO "django_admin_log" VALUES(188,'11','Eastern DRC (Region in Democratic Republic of Congo)',2,'[{"changed": {"fields": ["Name"]}}]',10,1,'2023-05-04 19:41:52.884146');
INSERT INTO "django_admin_log" VALUES(189,'7','Tin Ore',1,'[{"added": {}}]',16,1,'2023-05-04 19:42:45.687569');
INSERT INTO "django_admin_log" VALUES(190,'15','Militarisation',1,'[{"added": {}}]',18,1,'2023-05-04 19:43:13.997456');
INSERT INTO "django_admin_log" VALUES(191,'11','Tin Ore / Eastern DRC (Region in Democratic Republic of Congo) / * / Militarisation / *',1,'[{"added": {}}]',15,1,'2023-05-04 19:45:40.539967');
INSERT INTO "django_admin_log" VALUES(192,'11','Tin Ore / Eastern DRC (Region in Democratic Republic of Congo) / * / Militarisation / *',2,'[]',15,1,'2023-05-04 19:50:27.928565');
INSERT INTO "django_admin_log" VALUES(193,'12','Gold / Eastern DRC (Region in Democratic Republic of Congo) / * / Militarisation / *',1,'[{"added": {}}]',15,1,'2023-05-04 19:51:15.047310');
INSERT INTO "django_admin_log" VALUES(194,'8','Coltan',1,'[{"added": {}}]',16,1,'2023-05-04 19:51:50.098128');
INSERT INTO "django_admin_log" VALUES(195,'13','Coltan / Eastern DRC (Region in Democratic Republic of Congo) / * / Militarisation / *',1,'[{"added": {}}]',15,1,'2023-05-04 19:52:12.352487');
INSERT INTO "django_admin_log" VALUES(196,'9','Wolframite',1,'[{"added": {}}]',16,1,'2023-05-04 19:52:33.423545');
INSERT INTO "django_admin_log" VALUES(197,'14','Wolframite / Eastern DRC (Region in Democratic Republic of Congo) / * / Militarisation / *',1,'[{"added": {}}]',15,1,'2023-05-04 19:52:48.574655');
INSERT INTO "django_admin_log" VALUES(198,'10','"Faced with a gun, what can you do?" by global witness',1,'[{"added": {}}, {"added": {"name": "Evidence", "object": "Tin Ore / Eastern DRC (Region in Democratic Republic of Congo) / * / Militarisation / * in \"Faced with a gun, what can you do?\""}}, {"added": {"name": "Evidence", "object": "Gold / Eastern DRC (Region in Democratic Republic of Congo) / * / Militarisation / * in \"Faced with a gun, what can you do?\""}}, {"added": {"name": "Evidence", "object": "Coltan / Eastern DRC (Region in Democratic Republic of Congo) / * / Militarisation / * in \"Faced with a gun, what can you do?\""}}, {"added": {"name": "Evidence", "object": "Wolframite / Eastern DRC (Region in Democratic Republic of Congo) / * / Militarisation / * in \"Faced with a gun, what can you do?\""}}]',7,1,'2023-05-04 19:54:55.466635');
INSERT INTO "django_admin_log" VALUES(199,'11','"Digging in the shadows" by ',1,'[{"added": {}}]',7,1,'2023-05-04 20:12:31.182838');
INSERT INTO "django_admin_log" VALUES(200,'19','Business & Human Rights Resource Centre (BHRRC)',1,'[{"added": {}}]',8,1,'2023-05-04 20:15:40.832147');
INSERT INTO "django_admin_log" VALUES(201,'11','"Digging in the shadows" by ',3,'',7,1,'2023-05-04 20:38:43.640705');
INSERT INTO "django_admin_log" VALUES(202,'20','Brot für die Welt',1,'[{"added": {}}]',8,1,'2023-05-04 20:39:30.903035');
INSERT INTO "django_admin_log" VALUES(203,'12','South Africa',1,'[{"added": {}}]',10,1,'2023-05-04 20:42:10.039981');
INSERT INTO "django_admin_log" VALUES(204,'13','Marikana (Town in South Africa)',1,'[{"added": {}}]',10,1,'2023-05-04 20:42:11.133572');
INSERT INTO "django_admin_log" VALUES(205,'10','Platin',1,'[{"added": {}}]',16,1,'2023-05-04 20:42:35.779073');
INSERT INTO "django_admin_log" VALUES(206,'10','Platin',2,'[{"changed": {"fields": ["Category"]}}]',16,1,'2023-05-04 20:43:04.076011');
INSERT INTO "django_admin_log" VALUES(207,'21','Lonmin',1,'[{"added": {}}]',8,1,'2023-05-04 20:44:26.672416');
INSERT INTO "django_admin_log" VALUES(208,'15','Platin / Marikana (Town in South Africa) / Lonmin / * / *',1,'[{"added": {}}]',15,1,'2023-05-04 20:44:33.614881');
INSERT INTO "django_admin_log" VALUES(209,'22','Police',1,'[{"added": {}}]',8,1,'2023-05-04 20:46:42.363536');
INSERT INTO "django_admin_log" VALUES(210,'16','Killing',1,'[{"added": {}}]',18,1,'2023-05-04 20:49:07.423937');
INSERT INTO "django_admin_log" VALUES(211,'16','Platin (Resource) / Marikana (Town in South Africa) / Police / Killing / *',1,'[{"added": {}}]',15,1,'2023-05-04 20:49:12.701115');
INSERT INTO "django_admin_log" VALUES(212,'12','"Warten auf gerechtigkeit" by Brot für die Welt',1,'[{"added": {}}, {"added": {"name": "Evidence", "object": "Platin (Resource) / Marikana (Town in South Africa) / Lonmin / * / * in \"Warten auf gerechtigkeit\""}}, {"added": {"name": "Evidence", "object": "Platin (Resource) / Marikana (Town in South Africa) / Police / Killing / * in \"Warten auf gerechtigkeit\""}}]',7,1,'2023-05-04 20:50:13.416001');
INSERT INTO "django_admin_log" VALUES(213,'12','"Warten auf Gerechtigkeit" by Brot für die Welt',2,'[{"changed": {"fields": ["Title", "Subtitle"]}}]',7,1,'2023-05-04 20:51:45.320295');
INSERT INTO "django_admin_log" VALUES(214,'12','"Warten auf Gerechtigkeit" by Brot für die Welt',2,'[]',7,1,'2023-05-04 20:57:47.087083');
INSERT INTO "django_admin_log" VALUES(215,'15','Reporter',1,'[{"added": {}}]',9,1,'2023-05-04 20:58:52.818088');
INSERT INTO "django_admin_log" VALUES(216,'23','Hélène Ferrarini',1,'[{"added": {}}]',8,1,'2023-05-04 20:58:54.128288');
INSERT INTO "django_admin_log" VALUES(217,'14','Surinam',1,'[{"added": {}}]',10,1,'2023-05-04 20:59:51.453722');
INSERT INTO "django_admin_log" VALUES(218,'17','Gold (Resource) / Surinam / * / * / *',1,'[{"added": {}}]',15,1,'2023-05-04 20:59:58.692562');
INSERT INTO "django_admin_log" VALUES(219,'13','"Die Spur des Goldes in Surinam" by Hélène Ferrarini',1,'[{"added": {}}, {"added": {"name": "Evidence", "object": "Gold (Resource) / Surinam / * / * / * in \"Die Spur des Goldes in Surinam\""}}]',7,1,'2023-05-04 21:01:20.335889');
INSERT INTO "django_admin_log" VALUES(220,'6','Carajás (Mine in Brazil)',2,'[{"changed": {"fields": ["Parent"]}}]',10,1,'2023-05-11 08:54:51.332503');
INSERT INTO "django_admin_log" VALUES(221,'2','Chile',2,'[]',10,1,'2023-05-11 08:54:56.278605');
INSERT INTO "django_admin_log" VALUES(222,'8','China',2,'[]',10,1,'2023-05-11 08:54:59.104231');
INSERT INTO "django_admin_log" VALUES(223,'7','Democratic Republic of Congo',2,'[]',10,1,'2023-05-11 08:55:01.497217');
INSERT INTO "django_admin_log" VALUES(224,'11','Eastern DRC (Region in Democratic Republic of Congo)',2,'[{"changed": {"fields": ["Parent"]}}]',10,1,'2023-05-11 08:55:07.196055');
INSERT INTO "django_admin_log" VALUES(225,'10','Jos Plateau (Area in Nigeria)',2,'[{"changed": {"fields": ["Parent"]}}]',10,1,'2023-05-11 08:55:13.275845');
INSERT INTO "django_admin_log" VALUES(226,'4','Kabwe (Province in Zambia)',2,'[{"changed": {"fields": ["Parent"]}}]',10,1,'2023-05-11 08:55:19.402574');
INSERT INTO "django_admin_log" VALUES(227,'1','Los Pelambres (Mine in Chile)',2,'[{"changed": {"fields": ["Parent"]}}]',10,1,'2023-05-11 08:55:34.550398');
INSERT INTO "django_admin_log" VALUES(228,'4','Kabwe (Province in Zambia)',2,'[]',10,1,'2023-05-11 08:55:38.525138');
INSERT INTO "django_admin_log" VALUES(229,'13','Marikana (Town in South Africa)',2,'[{"changed": {"fields": ["Parent"]}}]',10,1,'2023-05-11 08:55:46.358479');
INSERT INTO "django_admin_log" VALUES(230,'18','Copper Ore (Resource) / Los Pelambres (Mine in Chile) / * / * / *',1,'[{"added": {}}]',15,1,'2023-05-11 14:44:29.875352');
INSERT INTO "django_admin_log" VALUES(231,'13','"Die Spur des Goldes in Surinam" by Hélène Ferrarini',2,'[{"added": {"name": "Evidence", "object": "Copper Ore (Resource) / Los Pelambres (Mine in Chile) / * / * / * in \"Die Spur des Goldes in Surinam\""}}]',7,1,'2023-05-11 14:44:32.105817');
INSERT INTO "django_admin_log" VALUES(232,'13','"Die Spur des Goldes in Surinam" by Hélène Ferrarini',2,'[]',7,1,'2023-05-11 14:46:33.662545');
INSERT INTO "django_admin_log" VALUES(233,'13','"Die Spur des Goldes in Surinam" by Hélène Ferrarini',2,'[]',7,1,'2023-05-11 14:46:56.673282');
INSERT INTO "django_admin_log" VALUES(234,'13','"Die Spur des Goldes in Surinam" by Hélène Ferrarini',2,'[{"deleted": {"name": "Evidence", "object": "Copper Ore (Resource) / Los Pelambres (Mine in Chile) / * / * / * in \"Die Spur des Goldes in Surinam\""}}]',7,1,'2023-05-11 14:48:41.431835');
INSERT INTO "django_admin_log" VALUES(235,'13','"Die Spur des Goldes in Surinam" by Hélène Ferrarini',2,'[{"added": {"name": "Evidence", "object": "Copper Ore (Resource) / Los Pelambres (Mine in Chile) / * / * / * in \"Die Spur des Goldes in Surinam\""}}]',7,1,'2023-05-11 14:51:36.742324');
INSERT INTO "django_admin_log" VALUES(236,'13','"Die Spur des Goldes in Surinam" by Hélène Ferrarini',2,'[{"deleted": {"name": "Evidence", "object": "Copper Ore (Resource) / Los Pelambres (Mine in Chile) / * / * / * in \"Die Spur des Goldes in Surinam\""}}]',7,1,'2023-05-11 15:26:01.763683');
INSERT INTO "django_admin_log" VALUES(237,'13','"Die Spur des Goldes in Surinam" by Hélène Ferrarini',2,'[{"added": {"name": "Evidence", "object": "Copper Ore (Resource) / Los Pelambres (Mine in Chile) / * / * / * in \"Die Spur des Goldes in Surinam\""}}]',7,1,'2023-05-11 16:52:40.407166');
INSERT INTO "django_admin_log" VALUES(238,'13','"Die Spur des Goldes in Surinam" by Hélène Ferrarini',2,'[{"changed": {"name": "Evidence", "object": "Copper Ore (Resource) / Los Pelambres (Mine in Chile) / * / * / * in \"Die Spur des Goldes in Surinam\"", "fields": ["Relevance"]}}]',7,1,'2023-05-11 17:40:07.099087');
INSERT INTO "django_admin_log" VALUES(239,'23','Hélène Ferrarini',3,'',8,1,'2023-05-13 05:38:49.520898');
INSERT INTO "django_admin_log" VALUES(240,'16','Publisher',1,'[{"added": {}}]',9,1,'2023-05-13 05:39:30.188267');
INSERT INTO "django_admin_log" VALUES(241,'24','taz',1,'[{"added": {}}]',8,1,'2023-05-13 05:39:32.442536');
INSERT INTO "django_admin_log" VALUES(242,'13','"Die Spur des Goldes in Surinam" by taz',2,'[{"changed": {"fields": ["Author(s)", "Editors"]}}]',7,1,'2023-05-13 05:41:42.381398');
INSERT INTO "django_admin_log" VALUES(243,'17','University of Jos',2,'[{"changed": {"fields": ["Name"]}}]',8,1,'2023-05-13 05:59:50.985619');
INSERT INTO "django_admin_log" VALUES(244,'9','"Benefits of cassiterite mining by artisanal miners in Jos Plateau, Nigeria" by University of Jos',2,'[{"changed": {"fields": ["Author(s)", "Association(s)"]}}, {"changed": {"name": "Evidence", "object": "* / Jos Plateau (Area in Nigeria) / * / Chances / * in \"Benefits of cassiterite mining by artisanal miners in Jos Plateau, Nigeria\"", "fields": ["Relevance"]}}]',7,1,'2023-05-13 06:00:27.482000');
INSERT INTO "django_admin_log" VALUES(245,'24','taz',3,'',8,1,'2023-05-13 06:01:48.029146');
INSERT INTO "django_admin_log" VALUES(246,'12','"Warten auf Gerechtigkeit" by Brot für die Welt',2,'[{"changed": {"fields": ["Association(s)"]}}]',7,1,'2023-05-13 06:04:47.367065');
INSERT INTO "django_admin_log" VALUES(247,'11','3TG (Resource)',1,'[{"added": {}}]',16,1,'2023-05-13 06:06:04.166392');
INSERT INTO "django_admin_log" VALUES(248,'19','3TG (Resource) / Eastern DRC (Region in Democratic Republic of Congo) / * / Militarisation / *',1,'[{"added": {}}]',15,1,'2023-05-13 06:06:36.606125');
INSERT INTO "django_admin_log" VALUES(249,'10','"Faced with a gun, what can you do?" by global witness',2,'[{"changed": {"fields": ["Association(s)"]}}, {"added": {"name": "Evidence", "object": "3TG (Resource) / Eastern DRC (Region in Democratic Republic of Congo) / * / Militarisation / * in \"Faced with a gun, what can you do?\""}}, {"deleted": {"name": "Evidence", "object": "Tin Ore (Resource) / Eastern DRC (Region in Democratic Republic of Congo) / * / Militarisation / * in \"Faced with a gun, what can you do?\""}}, {"deleted": {"name": "Evidence", "object": "Gold (Resource) / Eastern DRC (Region in Democratic Republic of Congo) / * / Militarisation / * in \"Faced with a gun, what can you do?\""}}, {"deleted": {"name": "Evidence", "object": "Coltan (Resource) / Eastern DRC (Region in Democratic Republic of Congo) / * / Militarisation / * in \"Faced with a gun, what can you do?\""}}, {"deleted": {"name": "Evidence", "object": "Wolframite (Resource) / Eastern DRC (Region in Democratic Republic of Congo) / * / Militarisation / * in \"Faced with a gun, what can you do?\""}}]',7,1,'2023-05-13 06:07:11.169347');
INSERT INTO "django_admin_log" VALUES(250,'8','Coltan (Resource)',2,'[{"changed": {"fields": ["Parent"]}}]',16,1,'2023-05-13 06:07:27.637165');
INSERT INTO "django_admin_log" VALUES(251,'6','Gold (Resource)',2,'[{"changed": {"fields": ["Parent"]}}]',16,1,'2023-05-13 06:07:34.731776');
INSERT INTO "django_admin_log" VALUES(252,'7','Tin Ore (Resource)',2,'[{"changed": {"fields": ["Parent"]}}]',16,1,'2023-05-13 06:07:44.746239');
INSERT INTO "django_admin_log" VALUES(253,'9','Wolframite (Resource)',2,'[{"changed": {"fields": ["Parent"]}}]',16,1,'2023-05-13 06:07:50.843736');
INSERT INTO "django_admin_log" VALUES(254,'8','"Sustainable Development and the Global Copper Supply Chain" by Five Winds International, International Institute for Sustainable Development (IISD)',2,'[{"changed": {"fields": ["Association(s)"]}}]',7,1,'2023-05-13 06:08:52.668809');
INSERT INTO "django_admin_log" VALUES(255,'7','"(Completing Report No. 3)" by Southern Africa Resource Watch (SARW)',2,'[{"changed": {"fields": ["Association(s)"]}}]',7,1,'2023-05-13 06:09:41.374383');
INSERT INTO "django_admin_log" VALUES(256,'6','"Heavy metal" by International Federation for Human Rights (fidh), Justiça nos Trilhos',2,'[{"changed": {"fields": ["Association(s)"]}}]',7,1,'2023-05-13 06:10:29.128428');
INSERT INTO "django_admin_log" VALUES(257,'5','"We Have to Be Worried" by Human Rights Watch',2,'[{"changed": {"fields": ["Association(s)"]}}]',7,1,'2023-05-13 06:10:58.382500');
INSERT INTO "django_admin_log" VALUES(258,'4','"Living under risk" by Catapa, War on Want',2,'[{"changed": {"fields": ["Association(s)"]}}]',7,1,'2023-05-13 06:11:25.842291');
INSERT INTO "django_admin_log" VALUES(259,'12','Open Society Initiative for Southern Africa (OSISA)',2,'[{"changed": {"fields": ["Name"]}}]',8,1,'2023-05-13 06:12:37.414108');
INSERT INTO "django_admin_log" VALUES(260,'7','"(Completing Report No. 3)" by Open Society Initiative for Southern Africa (OSISA), Southern Africa Resource Watch (SARW)',2,'[{"changed": {"fields": ["Association(s)"]}}]',7,1,'2023-05-13 06:13:30.749644');
INSERT INTO "django_admin_log" VALUES(261,'25','PowerShift',1,'[{"added": {}}]',8,1,'2023-05-13 06:17:24.169997');
INSERT INTO "django_admin_log" VALUES(262,'26','urgewald',1,'[{"added": {}}]',8,1,'2023-05-13 06:17:54.680595');
INSERT INTO "django_admin_log" VALUES(263,'14','"Auf dem Weg zur ­Regulierung von Liefer­ kettenverantwortung: Richtlinien in der ­Volksrepublik China" by PowerShift, urgewald',1,'[{"added": {}}]',7,1,'2023-05-13 06:21:58.811931');
INSERT INTO "django_admin_log" VALUES(264,'27','Chinese Government',1,'[{"added": {}}]',8,1,'2023-05-13 06:28:42.640113');
INSERT INTO "django_admin_log" VALUES(265,'2','Legislation',1,'[{"added": {}}]',19,1,'2023-05-13 06:29:00.248937');
INSERT INTO "django_admin_log" VALUES(266,'20','* / China / Chinese Government / * / Legislation',1,'[{"added": {}}]',15,1,'2023-05-13 06:34:02.111565');
INSERT INTO "django_admin_log" VALUES(267,'14','"Auf dem Weg zur ­Regulierung von Liefer­kettenverantwortung: Richtlinien in der ­Volksrepublik China" by PowerShift, urgewald',2,'[{"changed": {"fields": ["Title", "Abstract"]}}, {"added": {"name": "Evidence", "object": "* / China / Chinese Government / * / Legislation in \"Auf dem Weg zur \u00adRegulierung von Liefer\u00adkettenverantwortung: Richtlinien in der \u00adVolksrepublik China\""}}]',7,1,'2023-05-13 06:34:24.389571');
INSERT INTO "django_admin_log" VALUES(268,'17','None',1,'[{"added": {}}]',9,1,'2023-05-13 06:37:28.393306');
INSERT INTO "django_admin_log" VALUES(269,'28','Indipendent',1,'[{"added": {}}]',8,1,'2023-05-13 06:37:30.062708');
INSERT INTO "django_admin_log" VALUES(270,'13','"Die Spur des Goldes in Surinam" by Indipendent',2,'[{"changed": {"fields": ["Association(s)"]}}]',7,1,'2023-05-13 06:37:39.696443');
INSERT INTO "django_admin_log" VALUES(271,'12','"Warten auf Gerechtigkeit" by Brot für die Welt',2,'[{"changed": {"fields": ["Author(s)"]}}]',7,1,'2023-05-13 06:38:31.044969');
INSERT INTO "django_admin_log" VALUES(272,'7','"(Completing Report No. 3)" by Open Society Initiative for Southern Africa (OSISA), Southern Africa Resource Watch (SARW)',2,'[{"changed": {"fields": ["Author(s)"]}}]',7,1,'2023-05-13 06:41:10.509408');
INSERT INTO "django_admin_log" VALUES(273,'6','"Heavy metal" by International Federation for Human Rights (fidh), Justiça nos Trilhos',2,'[{"changed": {"fields": ["Author(s)"]}}]',7,1,'2023-05-13 06:42:40.101488');
INSERT INTO "django_admin_log" VALUES(274,'5','"We Have to Be Worried" by Human Rights Watch',2,'[{"changed": {"fields": ["Abstract"]}}]',7,1,'2023-05-13 06:44:39.204698');
INSERT INTO "django_admin_log" VALUES(275,'4','"Living under risk" by Catapa, War on Want',2,'[{"changed": {"fields": ["Author(s)"]}}]',7,1,'2023-05-13 06:45:14.350311');
INSERT INTO "django_admin_log" VALUES(276,'3','Due Diligence',1,'[{"added": {}}]',19,1,'2023-05-13 06:50:06.581123');
INSERT INTO "django_admin_log" VALUES(277,'20','* / China / Chinese Government / * / Due Diligence',2,'[{"changed": {"fields": ["Activity"]}}]',15,1,'2023-05-13 06:50:35.590517');
INSERT INTO "django_admin_log" VALUES(278,'14','"Auf dem Weg zur ­Regulierung von Liefer­kettenverantwortung: Richtlinien in der ­Volksrepublik China" by PowerShift, urgewald',2,'[]',7,1,'2023-05-13 06:53:26.597876');
INSERT INTO "django_admin_log" VALUES(279,'14','"Auf dem Weg zur ­Regulierung von Liefer­kettenverantwortung: Richtlinien in der ­Volksrepublik China" by PowerShift, urgewald',2,'[{"changed": {"fields": ["Release date"]}}]',7,1,'2023-05-13 06:53:42.896344');
INSERT INTO "django_admin_log" VALUES(280,'14','"Auf dem Weg zur ­Regulierung von Liefer­kettenverantwortung: Richtlinien in der ­Volksrepublik China" by PowerShift, urgewald',2,'[{"changed": {"fields": ["Release date"]}}]',7,1,'2023-05-13 06:53:53.919332');
INSERT INTO "django_admin_log" VALUES(281,'29','Swiss Federal Laboratories for Materials Science and Technology (EMPA)',1,'[{"added": {}}]',8,1,'2023-05-13 06:59:18.437598');
INSERT INTO "django_admin_log" VALUES(282,'15','"China and Global MarketsChina  and  Global  Markets: Copper Supply Chain Sustainable Copper  Supply  Chain  Sustainable Development Development" by International Institute for Sustainable Development',1,'[{"added": {}}]',7,1,'2023-05-13 07:02:28.110042');
INSERT INTO "django_admin_log" VALUES(283,'17','Environmental',1,'[{"added": {}}]',18,1,'2023-05-13 07:14:19.584483');
INSERT INTO "django_admin_log" VALUES(284,'21','Copper (Material) / China / * / Environmental / *',1,'[{"added": {}}]',15,1,'2023-05-13 07:14:34.425045');
INSERT INTO "django_admin_log" VALUES(285,'15','"China and Global MarketsChina  and  Global  Markets: Copper Supply Chain Sustainable Copper  Supply  Chain  Sustainable Development Development" by International Institute for Sustainable Development',2,'[{"added": {"name": "Evidence", "object": "Copper (Material) / China / * / Environmental / * in \"China and Global MarketsChina  and  Global  Markets: Copper Supply Chain Sustainable Copper  Supply  Chain  Sustainable Development Development\""}}]',7,1,'2023-05-13 07:14:40.438655');
INSERT INTO "django_admin_log" VALUES(286,'30','Environmental Justice Atlas',1,'[{"added": {}}]',8,1,'2023-05-13 07:20:59.416988');
INSERT INTO "django_admin_log" VALUES(287,'31','MiningWatch Canada',1,'[{"added": {}}]',8,1,'2023-05-13 07:21:22.939490');
INSERT INTO "django_admin_log" VALUES(288,'12','Metals and Minerals (Resource)',1,'[{"added": {}}]',16,1,'2023-05-13 07:28:30.182241');
INSERT INTO "django_admin_log" VALUES(289,'8','Subregion',1,'[{"added": {}}]',12,1,'2023-05-13 07:31:58.332548');
INSERT INTO "django_admin_log" VALUES(290,'15','Middle America',1,'[{"added": {}}]',10,1,'2023-05-13 07:32:04.353610');
INSERT INTO "django_admin_log" VALUES(291,'22','Metals and Minerals (Resource) / Middle America / People / * / Protest',1,'[{"added": {}}]',15,1,'2023-05-13 07:32:31.665613');
INSERT INTO "django_admin_log" VALUES(292,'16','"Mapping community resistance to the impacts and discourses of mining for the energy transition in the Americas" by Environmental Justice Atlas, MiningWatch Canada',1,'[{"added": {}}, {"added": {"name": "Evidence", "object": "Metals and Minerals (Resource) / Middle America / People / * / Protest in \"Mapping community resistance to the impacts and discourses of mining for the energy transition in the Americas\""}}]',7,1,'2023-05-13 07:32:45.941026');
INSERT INTO "django_admin_log" VALUES(293,'11','3TG (Resource)',2,'[{"changed": {"fields": ["Parent"]}}]',16,1,'2023-05-13 07:35:58.159116');
INSERT INTO "django_admin_log" VALUES(294,'2','Copper Ore (Resource)',2,'[{"changed": {"fields": ["Parent"]}}]',16,1,'2023-05-13 07:36:13.264275');
INSERT INTO "django_admin_log" VALUES(295,'5','Iron Ore (Resource)',2,'[{"changed": {"fields": ["Parent"]}}]',16,1,'2023-05-13 07:36:21.892687');
INSERT INTO "django_admin_log" VALUES(296,'4','Lead Ore (Resource)',2,'[{"changed": {"fields": ["Parent"]}}]',16,1,'2023-05-13 07:36:29.699830');
INSERT INTO "django_admin_log" VALUES(297,'10','Platin (Resource)',2,'[{"changed": {"fields": ["Parent"]}}]',16,1,'2023-05-13 07:36:44.910803');
INSERT INTO "django_admin_log" VALUES(298,'16','"Mapping ] community resistance to the impacts and discourses of mining for the energy transition in the americas" by Environmental Justice Atlas, MiningWatch Canada',2,'[{"changed": {"fields": ["Title", "Author(s)", "Release date", "Source"]}}]',7,1,'2023-05-13 07:43:11.145709');
INSERT INTO "django_admin_log" VALUES(299,'16','"Mapping community resistance to the impacts and discourses of mining for the energy transition in the Americas" by Environmental Justice Atlas, MiningWatch Canada',2,'[{"changed": {"fields": ["Title", "File"]}}]',7,1,'2023-05-13 07:44:14.231188');
INSERT INTO "django_admin_log" VALUES(300,'32','Gesellschaft für bedrohte Völker (GfbV)',1,'[{"added": {}}]',8,1,'2023-05-13 07:56:14.337556');
INSERT INTO "django_admin_log" VALUES(301,'16','Norway',1,'[{"added": {}}]',10,1,'2023-05-13 08:06:03.105246');
INSERT INTO "django_admin_log" VALUES(302,'17','Repparfjorden (Area in Norway)',1,'[{"added": {}}]',10,1,'2023-05-13 08:06:04.864936');
INSERT INTO "django_admin_log" VALUES(303,'33','Nussir ASA',1,'[{"added": {}}]',8,1,'2023-05-13 08:07:15.665624');
INSERT INTO "django_admin_log" VALUES(304,'23','Copper Ore (Resource) / Repparfjorden (Area in Norway) / Nussir ASA / * / *',1,'[{"added": {}}]',15,1,'2023-05-13 08:12:30.075453');
INSERT INTO "django_admin_log" VALUES(305,'17','"Toxic waste in Repparfjord?" by Gesellschaft für bedrohte Völker (GfbV)',1,'[{"added": {}}, {"added": {"name": "Evidence", "object": "Copper Ore (Resource) / Repparfjorden (Area in Norway) / Nussir ASA / * / * in \"Toxic waste in Repparfjord?\""}}]',7,1,'2023-05-13 08:12:40.345817');
INSERT INTO "django_admin_log" VALUES(306,'19','Business & Human Rights Resource Centre',2,'[{"changed": {"fields": ["Name", "Abbreviation"]}}]',8,1,'2023-05-14 04:08:49.476124');
INSERT INTO "django_admin_log" VALUES(307,'32','Gesellschaft für bedrohte Völker',2,'[{"changed": {"fields": ["Name", "Abbreviation", "Alternative names"]}}]',8,1,'2023-05-14 04:09:34.231964');
INSERT INTO "django_admin_log" VALUES(308,'28','Independent',2,'[{"changed": {"fields": ["Name"]}}]',8,1,'2023-05-14 04:10:28.622433');
INSERT INTO "django_admin_log" VALUES(309,'15','International Council on Mining and Metals',2,'[{"changed": {"fields": ["Name", "Abbreviation"]}}]',8,1,'2023-05-14 04:10:50.572596');
INSERT INTO "django_admin_log" VALUES(310,'9','International Federation for Human Rights',2,'[{"changed": {"fields": ["Name", "Abbreviation"]}}]',8,1,'2023-05-14 04:11:12.042006');
INSERT INTO "django_admin_log" VALUES(311,'16','International Institute for Sustainable Development',2,'[{"changed": {"fields": ["Name", "Abbreviation"]}}]',8,1,'2023-05-14 04:11:32.632898');
INSERT INTO "django_admin_log" VALUES(312,'12','Open Society Initiative for Southern Africa',2,'[{"changed": {"fields": ["Name", "Abbreviation"]}}]',8,1,'2023-05-14 04:11:52.631686');
INSERT INTO "django_admin_log" VALUES(313,'11','Southern Africa Resource Watch',2,'[{"changed": {"fields": ["Name", "Abbreviation"]}}]',8,1,'2023-05-14 04:12:09.100062');
INSERT INTO "django_admin_log" VALUES(314,'29','Swiss Federal Laboratories for Materials Science and Technology',2,'[{"changed": {"fields": ["Name", "Abbreviation"]}}]',8,1,'2023-05-14 04:12:26.226481');
INSERT INTO "django_admin_log" VALUES(315,'30','Environmental Justice Atlas',2,'[{"changed": {"fields": ["Abbreviation"]}}]',8,1,'2023-05-14 04:13:21.829718');
INSERT INTO "django_admin_log" VALUES(316,'34','Sami',1,'[{"added": {}}]',8,1,'2023-05-14 04:24:22.815043');
INSERT INTO "django_admin_log" VALUES(317,'24','Copper Ore (Resource) / Repparfjorden (Area in Norway) / Sami / * / Protest',1,'[{"added": {}}]',15,1,'2023-05-14 04:24:34.127012');
INSERT INTO "django_admin_log" VALUES(318,'25','Copper Ore (Resource) / Repparfjorden (Area in Norway) / * / Environmental / *',1,'[{"added": {}}]',15,1,'2023-05-14 04:26:55.430774');
INSERT INTO "django_admin_log" VALUES(319,'18','Bank',1,'[{"added": {}}]',9,1,'2023-05-14 04:28:54.877229');
INSERT INTO "django_admin_log" VALUES(320,'35','Credit Suisse',1,'[{"added": {}}]',8,1,'2023-05-14 04:29:00.652774');
INSERT INTO "django_admin_log" VALUES(321,'4','Financing',1,'[{"added": {}}]',19,1,'2023-05-14 04:29:16.129116');
INSERT INTO "django_admin_log" VALUES(322,'26','Copper Ore (Resource) / Repparfjorden (Area in Norway) / Credit Suisse / * / Financing',1,'[{"added": {}}]',15,1,'2023-05-14 04:29:19.724464');
INSERT INTO "django_admin_log" VALUES(323,'5','Extraction',1,'[{"added": {}}]',19,1,'2023-05-14 04:31:14.290311');
INSERT INTO "django_admin_log" VALUES(324,'23','Copper Ore (Resource) / Repparfjorden (Area in Norway) / Nussir ASA / * / Extraction',2,'[{"changed": {"fields": ["Activity"]}}]',15,1,'2023-05-14 04:31:17.171148');
INSERT INTO "django_admin_log" VALUES(325,'17','"Toxic waste in Repparfjord?" by GfbV',2,'[{"added": {"name": "Evidence", "object": "Copper Ore (Resource) / Repparfjorden (Area in Norway) / Sami / * / Protest in \"Toxic waste in Repparfjord?\""}}, {"added": {"name": "Evidence", "object": "Copper Ore (Resource) / Repparfjorden (Area in Norway) / * / Environmental / * in \"Toxic waste in Repparfjord?\""}}, {"added": {"name": "Evidence", "object": "Copper Ore (Resource) / Repparfjorden (Area in Norway) / Credit Suisse / * / Financing in \"Toxic waste in Repparfjord?\""}}, {"changed": {"name": "Evidence", "object": "Copper Ore (Resource) / Repparfjorden (Area in Norway) / Nussir ASA / * / Extraction in \"Toxic waste in Repparfjord?\"", "fields": ["Relevance"]}}]',7,1,'2023-05-14 04:32:17.579269');
INSERT INTO "django_admin_log" VALUES(326,'36','fdcl',1,'[{"added": {}}]',8,1,'2023-05-14 04:48:30.293920');
INSERT INTO "django_admin_log" VALUES(327,'18','"Factsheet argentinien" by fdcl',1,'[{"added": {}}]',7,1,'2023-05-14 04:51:51.609674');
INSERT INTO "django_admin_log" VALUES(328,'18','"Factsheet Argentinien" by fdcl',2,'[{"changed": {"fields": ["Title", "Volume"]}}]',7,1,'2023-05-14 04:52:16.624379');
INSERT INTO "django_admin_log" VALUES(329,'18','South America',1,'[{"added": {}}]',10,1,'2023-05-14 05:15:14.375602');
INSERT INTO "django_admin_log" VALUES(330,'19','Argentina (Country in South America)',1,'[{"added": {}}]',10,1,'2023-05-14 05:15:16.596767');
INSERT INTO "django_admin_log" VALUES(331,'27','* / Argentina (Country in South America) / * / * / Extraction',1,'[{"added": {}}]',15,1,'2023-05-14 05:15:22.833683');
INSERT INTO "django_admin_log" VALUES(332,'28','* / Argentina (Country in South America) / * / Environmental / Extraction',1,'[{"added": {}}]',15,1,'2023-05-14 05:17:00.243369');
INSERT INTO "django_admin_log" VALUES(333,'27','Metals and Minerals (Resource) / Argentina (Country in South America) / * / * / Extraction',2,'[{"changed": {"fields": ["Product"]}}]',15,1,'2023-05-14 05:20:39.029696');
INSERT INTO "django_admin_log" VALUES(334,'28','Metals and Minerals (Resource) / Argentina (Country in South America) / * / Environmental / Extraction',2,'[{"changed": {"fields": ["Product"]}}]',15,1,'2023-05-14 05:20:51.186654');
INSERT INTO "django_admin_log" VALUES(335,'29','Metals and Minerals (Resource) / Argentina (Country in South America) / People / * / Protest',1,'[{"added": {}}]',15,1,'2023-05-14 05:21:05.970736');
INSERT INTO "django_admin_log" VALUES(336,'6','Policy',1,'[{"added": {}}]',19,1,'2023-05-14 05:23:09.198023');
INSERT INTO "django_admin_log" VALUES(337,'30','Metals and Minerals (Resource) / Argentina (Country in South America) / * / * / Policy',1,'[{"added": {}}]',15,1,'2023-05-14 05:23:50.941961');
INSERT INTO "django_admin_log" VALUES(338,'31','Metals and Minerals (Resource) / Argentina (Country in South America) / People / * / Protest',1,'[{"added": {}}]',15,1,'2023-05-14 05:24:33.588141');
INSERT INTO "django_admin_log" VALUES(339,'18','"Factsheet Argentinien" by fdcl',2,'[{"added": {"name": "Evidence", "object": "Metals and Minerals (Resource) / Argentina (Country in South America) / * / * / Extraction in \"Factsheet Argentinien\""}}, {"added": {"name": "Evidence", "object": "Metals and Minerals (Resource) / Argentina (Country in South America) / * / Environmental / Extraction in \"Factsheet Argentinien\""}}, {"added": {"name": "Evidence", "object": "Metals and Minerals (Resource) / Argentina (Country in South America) / * / * / Policy in \"Factsheet Argentinien\""}}, {"added": {"name": "Evidence", "object": "Metals and Minerals (Resource) / Argentina (Country in South America) / People / * / Protest in \"Factsheet Argentinien\""}}]',7,1,'2023-05-14 05:24:38.733936');
INSERT INTO "django_admin_log" VALUES(340,'37','Germanwatch',1,'[{"added": {}}]',8,1,'2023-05-14 06:07:08.123164');
INSERT INTO "django_admin_log" VALUES(341,'20','Andina (Mine in Chile)',1,'[{"added": {}}]',10,1,'2023-05-14 06:10:02.044878');
INSERT INTO "django_admin_log" VALUES(342,'38','Codelco',1,'[{"added": {}}]',8,1,'2023-05-14 06:11:32.999652');
INSERT INTO "django_admin_log" VALUES(343,'32','Copper Ore (Resource) / Andina (Mine in Chile) / Codelco / Environmental / Extraction',1,'[{"added": {}}]',15,1,'2023-05-14 06:13:29.790486');
INSERT INTO "django_admin_log" VALUES(344,'32','Copper Ore (Resource) / Andina (Mine in Chile) / Codelco / Environmental / *',2,'[{"changed": {"fields": ["Activity"]}}]',15,1,'2023-05-14 06:16:37.978794');
INSERT INTO "django_admin_log" VALUES(345,'33','Copper Ore (Resource) / Andina (Mine in Chile) / People / * / Protest',1,'[{"added": {}}]',15,1,'2023-05-14 06:17:19.583291');
INSERT INTO "django_admin_log" VALUES(346,'34','Copper Ore (Resource) / Andina (Mine in Chile) / Codelco / Environmental / *',1,'[{"added": {}}]',15,1,'2023-05-14 06:17:54.357597');
INSERT INTO "django_admin_log" VALUES(347,'7','Expansion',1,'[{"added": {}}]',19,1,'2023-05-14 06:18:23.966816');
INSERT INTO "django_admin_log" VALUES(348,'35','Copper Ore (Resource) / Andina (Mine in Chile) / Codelco / * / Expansion',1,'[{"added": {}}]',15,1,'2023-05-14 06:18:25.879807');
INSERT INTO "django_admin_log" VALUES(349,'36','Copper Ore (Resource) / Andina (Mine in Chile) / Codelco / Environmental / *',1,'[{"added": {}}]',15,1,'2023-05-14 06:19:00.032860');
INSERT INTO "django_admin_log" VALUES(350,'19','"The Andina copper mine in Chile" by Germanwatch',1,'[{"added": {}}, {"added": {"name": "Evidence", "object": "Copper Ore (Resource) / Andina (Mine in Chile) / People / * / Protest in \"The Andina copper mine in Chile\""}}, {"added": {"name": "Evidence", "object": "Copper Ore (Resource) / Andina (Mine in Chile) / Codelco / * / Expansion in \"The Andina copper mine in Chile\""}}, {"added": {"name": "Evidence", "object": "Copper Ore (Resource) / Andina (Mine in Chile) / Codelco / Environmental / * in \"The Andina copper mine in Chile\""}}]',7,1,'2023-05-14 06:19:06.382568');
INSERT INTO "django_admin_log" VALUES(351,'19','International Organisation',1,'[{"added": {}}]',9,1,'2023-05-14 06:24:50.013050');
INSERT INTO "django_admin_log" VALUES(352,'39','OECD',1,'[{"added": {}}]',8,1,'2023-05-14 06:25:00.721449');
INSERT INTO "django_admin_log" VALUES(353,'8','Subregion',2,'[{"changed": {"fields": ["Description"]}}]',12,1,'2023-05-14 06:27:15.754251');
INSERT INTO "django_admin_log" VALUES(354,'19','"The Andina copper mine in Chile" by Germanwatch',2,'[{"changed": {"fields": ["Todo"]}}]',7,1,'2023-05-14 06:29:00.824471');
INSERT INTO "django_admin_log" VALUES(355,'21','Venezuela (Country in South America)',1,'[{"added": {}}]',10,1,'2023-05-14 06:36:10.256220');
INSERT INTO "django_admin_log" VALUES(356,'18','Illicit Finance',1,'[{"added": {}}]',18,1,'2023-05-14 06:36:40.672084');
INSERT INTO "django_admin_log" VALUES(357,'37','Gold (Resource) / Venezuela (Country in South America) / * / Illicit Finance / *',1,'[{"added": {}}]',15,1,'2023-05-14 06:37:09.388572');
INSERT INTO "django_admin_log" VALUES(358,'8','Trade',1,'[{"added": {}}]',19,1,'2023-05-14 06:39:27.844427');
INSERT INTO "django_admin_log" VALUES(359,'37','Gold (Resource) / Venezuela (Country in South America) / * / Illicit Finance / Trade',2,'[{"changed": {"fields": ["Activity"]}}]',15,1,'2023-05-14 06:39:29.649510');
INSERT INTO "django_admin_log" VALUES(360,'20','"Gold Flows from Venezuela" by OECD',1,'[{"added": {}}, {"added": {"name": "Evidence", "object": "Gold (Resource) / Venezuela (Country in South America) / * / Illicit Finance / Trade in \"Gold Flows from Venezuela\""}}]',7,1,'2023-05-14 06:40:18.522478');
INSERT INTO "django_admin_log" VALUES(361,'40','Justiça Global',1,'[{"added": {}}]',8,1,'2023-05-14 06:54:37.456358');
INSERT INTO "django_admin_log" VALUES(362,'41','Vale',1,'[{"added": {}}]',8,1,'2023-05-14 07:05:28.836978');
INSERT INTO "django_admin_log" VALUES(363,'38','Iron Ore (Resource) / Carajás (Mine in Brazil) / Vale / * / *',1,'[{"added": {}}]',15,1,'2023-05-14 07:05:33.439930');
INSERT INTO "django_admin_log" VALUES(364,'38','Iron Ore (Resource) / Carajás (Mine in Brazil) / Vale / Pollution / *',2,'[{"changed": {"fields": ["Impact"]}}]',15,1,'2023-05-14 07:06:46.581360');
INSERT INTO "django_admin_log" VALUES(365,'13','Iron (pig) (Material)',1,'[{"added": {}}]',16,1,'2023-05-14 07:07:17.633117');
INSERT INTO "django_admin_log" VALUES(366,'19','Accidents',1,'[{"added": {}}]',18,1,'2023-05-14 07:09:21.054862');
INSERT INTO "django_admin_log" VALUES(367,'39','Iron (pig) (Material) / Carajás (Mine in Brazil) / Vale / Accidents / *',1,'[{"added": {}}]',15,1,'2023-05-14 07:09:22.856971');
INSERT INTO "django_admin_log" VALUES(368,'42','Residents',1,'[{"added": {}}]',8,1,'2023-05-14 07:10:42.003897');
INSERT INTO "django_admin_log" VALUES(369,'20','Living condition',1,'[{"added": {}}]',18,1,'2023-05-14 07:10:52.889956');
INSERT INTO "django_admin_log" VALUES(370,'40','Iron Ore (Resource) / Carajás (Mine in Brazil) / Residents / Living condition / *',1,'[{"added": {}}]',15,1,'2023-05-14 07:10:55.963496');
INSERT INTO "django_admin_log" VALUES(371,'41','Iron (pig) (Material) / Carajás (Mine in Brazil) / Vale / Accidents / *',1,'[{"added": {}}]',15,1,'2023-05-14 07:12:22.499499');
INSERT INTO "django_admin_log" VALUES(372,'21','"Brazil - how much are human rights worth in the brazilian mining and steel industry?" by fidh, Justiça Global, Justiça nos Trilhos',1,'[{"added": {}}, {"added": {"name": "Evidence", "object": "Iron Ore (Resource) / Caraj\u00e1s (Mine in Brazil) / Residents / Living condition / * in \"Brazil - how much are human rights worth in the brazilian mining and steel industry?\""}}, {"added": {"name": "Evidence", "object": "Iron (pig) (Material) / Caraj\u00e1s (Mine in Brazil) / Vale / Accidents / * in \"Brazil - how much are human rights worth in the brazilian mining and steel industry?\""}}]',7,1,'2023-05-14 07:13:06.818727');
INSERT INTO "django_admin_log" VALUES(373,'21','"Brazil - how much are human rights worth in the brazilian mining and steel industry?" by fidh, Justiça Global, Justiça nos Trilhos',2,'[{"added": {"name": "Evidence", "object": "Iron Ore (Resource) / Caraj\u00e1s (Mine in Brazil) / Vale / Pollution / * in \"Brazil - how much are human rights worth in the brazilian mining and steel industry?\""}}]',7,1,'2023-05-14 07:13:27.413931');
INSERT INTO "django_admin_log" VALUES(374,'43','WSRW',1,'[{"added": {}}]',8,1,'2023-05-14 08:03:30.913061');
INSERT INTO "django_admin_log" VALUES(375,'14','Phosphor (Resource)',1,'[{"added": {}}]',16,1,'2023-05-14 08:06:55.706439');
INSERT INTO "django_admin_log" VALUES(376,'22','Marocco',1,'[{"added": {}}]',10,1,'2023-05-14 08:07:11.350813');
INSERT INTO "django_admin_log" VALUES(377,'42','Phosphor (Resource) / Marocco / * / * / *',1,'[{"added": {}}]',15,1,'2023-05-14 08:07:14.882757');
INSERT INTO "django_admin_log" VALUES(378,'22','"P for plunder 2022" by WSRW',1,'[{"added": {}}, {"added": {"name": "Evidence", "object": "Phosphor (Resource) / Marocco / * / * / * in \"P for plunder 2022\""}}]',7,1,'2023-05-14 08:08:56.944300');
INSERT INTO "django_admin_log" VALUES(379,'22','"P for Plunder 2022" by WSRW',2,'[{"changed": {"fields": ["Title"]}}]',7,1,'2023-05-14 08:09:30.320700');
INSERT INTO "django_admin_log" VALUES(380,'44','Tdh',1,'[{"added": {}}]',8,1,'2023-05-14 08:18:49.890999');
INSERT INTO "django_admin_log" VALUES(381,'15','Mica (Resource)',1,'[{"added": {}}]',16,1,'2023-05-14 08:21:53.796831');
INSERT INTO "django_admin_log" VALUES(382,'23','India',1,'[{"added": {}}]',10,1,'2023-05-14 08:22:05.868381');
INSERT INTO "django_admin_log" VALUES(383,'43','Mica (Resource) / India / * / Child Labour / *',1,'[{"added": {}}]',15,1,'2023-05-14 08:22:16.757955');
INSERT INTO "django_admin_log" VALUES(384,'44','Mica (Resource) / India / * / * / Extraction',1,'[{"added": {}}]',15,1,'2023-05-14 08:24:40.040570');
INSERT INTO "django_admin_log" VALUES(385,'23','"Behind the Glittering Facade" by Tdh',1,'[{"added": {}}, {"added": {"name": "Evidence", "object": "Mica (Resource) / India / * / Child Labour / * in \"Behind the Glittering Facade\""}}, {"added": {"name": "Evidence", "object": "Mica (Resource) / India / * / * / Extraction in \"Behind the Glittering Facade\""}}]',7,1,'2023-05-14 08:24:41.767772');
INSERT INTO "django_admin_log" VALUES(386,'23','"Behind the Glittering Facade" by Tdh',2,'[{"changed": {"name": "Evidence", "object": "Mica (Resource) / India / * / * / Extraction in \"Behind the Glittering Facade\"", "fields": ["Relevance"]}}]',7,1,'2023-05-14 08:25:03.364635');
INSERT INTO "django_admin_log" VALUES(387,'13','Marikana (Mine in South Africa)',2,'[{"changed": {"fields": ["Category"]}}]',10,1,'2023-05-14 16:48:21.014096');
INSERT INTO "django_admin_log" VALUES(388,'45','Platin (Resource) / Marikana (Mine in South Africa) / * / * / *',1,'[{"added": {}}]',15,1,'2023-05-14 16:55:03.124596');
INSERT INTO "django_admin_log" VALUES(389,'46','Platin (Resource) / South Africa / * / * / *',1,'[{"added": {}}]',15,1,'2023-05-14 16:59:52.613881');
INSERT INTO "django_admin_log" VALUES(390,'24','Mogalakwena (Mine in South Africa)',1,'[{"added": {}}]',10,1,'2023-05-14 17:06:30.648146');
INSERT INTO "django_admin_log" VALUES(391,'45','Amplats',1,'[{"added": {}}]',8,1,'2023-05-14 17:08:06.161705');
INSERT INTO "django_admin_log" VALUES(392,'47','Platin (Resource) / Mogalakwena (Mine in South Africa) / Amplats / * / *',1,'[{"added": {}}]',15,1,'2023-05-14 17:10:15.479220');
INSERT INTO "django_admin_log" VALUES(393,'16','Platin (Material)',1,'[{"added": {}}]',16,1,'2023-05-14 17:11:58.154961');
INSERT INTO "django_admin_log" VALUES(394,'46','BASF',1,'[{"added": {}}]',8,1,'2023-05-14 17:12:47.018323');
INSERT INTO "django_admin_log" VALUES(395,'9','Purchasing',1,'[{"added": {}}]',19,1,'2023-05-14 17:14:18.827308');
INSERT INTO "django_admin_log" VALUES(396,'48','Platin (Material) / * / BASF / * / Purchasing',1,'[{"added": {}}]',15,1,'2023-05-14 17:14:23.652178');
INSERT INTO "django_admin_log" VALUES(397,'24','"Edles Metall - Unwürdiger Abbau" by Brot für die Welt',1,'[{"added": {}}, {"added": {"name": "Evidence", "object": "Platin (Resource) / Marikana (Mine in South Africa) / * / * / * in \"Edles Metall - Unw\u00fcrdiger Abbau\""}}, {"added": {"name": "Evidence", "object": "Platin (Resource) / South Africa / * / * / * in \"Edles Metall - Unw\u00fcrdiger Abbau\""}}, {"added": {"name": "Evidence", "object": "Platin (Resource) / Mogalakwena (Mine in South Africa) / Amplats / * / * in \"Edles Metall - Unw\u00fcrdiger Abbau\""}}, {"added": {"name": "Evidence", "object": "Platin (Material) / * / BASF / * / Purchasing in \"Edles Metall - Unw\u00fcrdiger Abbau\""}}]',7,1,'2023-05-14 17:14:31.199637');
INSERT INTO "django_admin_log" VALUES(398,'47','Angloamerican',1,'[{"added": {}}]',8,1,'2023-05-14 17:20:08.822007');
INSERT INTO "django_admin_log" VALUES(399,'45','Amplats',2,'[{"changed": {"fields": ["Parent"]}}]',8,1,'2023-05-14 17:20:11.368494');
INSERT INTO "django_admin_log" VALUES(400,'20','Brot für die Welt',2,'[{"changed": {"fields": ["Alternative names"]}}]',8,1,'2023-05-14 17:33:14.401658');
INSERT INTO "django_admin_log" VALUES(401,'25','"Platinum for the World Market, Iron Shacks for the Workers" by Brot für die Welt',1,'[{"added": {}}, {"added": {"name": "Evidence", "object": "Platin (Resource) / Marikana (Mine in South Africa) / Lonmin / * / * in \"Platinum for the World Market, Iron Shacks for the Workers\""}}, {"added": {"name": "Evidence", "object": "Platin (Material) / * / BASF / * / Purchasing in \"Platinum for the World Market, Iron Shacks for the Workers\""}}]',7,1,'2023-05-14 17:35:40.199808');
INSERT INTO "django_admin_log" VALUES(402,'48','Fairphone',1,'[{"added": {}}]',8,1,'2023-05-14 17:39:06.942599');
INSERT INTO "django_admin_log" VALUES(403,'49','SMR',1,'[{"added": {}}]',8,1,'2023-05-14 17:40:07.007710');
INSERT INTO "django_admin_log" VALUES(404,'50','Wolfram',1,'[{"added": {}}]',8,1,'2023-05-14 17:41:26.825436');
INSERT INTO "django_admin_log" VALUES(405,'9','Tungsten Ore (Resource)',2,'[{"changed": {"fields": ["Name", "Alternative names"]}}]',16,1,'2023-05-14 17:59:03.126123');
INSERT INTO "django_admin_log" VALUES(406,'51','NBM',1,'[{"added": {}}]',8,1,'2023-05-14 18:00:35.934463');
INSERT INTO "django_admin_log" VALUES(407,'21','Employment',1,'[{"added": {}}]',18,1,'2023-05-14 18:04:09.217558');
INSERT INTO "django_admin_log" VALUES(408,'49','Tungsten Ore (Resource) / * / NBM / Employment / *',1,'[{"added": {}}]',15,1,'2023-05-14 18:05:34.182891');
INSERT INTO "django_admin_log" VALUES(409,'26','"Beyond conflict-free tungsten" by Fairphone, SMR, Wolfram',1,'[{"added": {}}, {"added": {"name": "Evidence", "object": "Tungsten Ore (Resource) / * / NBM / Employment / * in \"Beyond conflict-free tungsten\""}}]',7,1,'2023-05-14 18:08:17.551650');
INSERT INTO "django_admin_log" VALUES(410,'20','Trader',1,'[{"added": {}}]',9,1,'2023-05-14 18:08:48.778128');
INSERT INTO "django_admin_log" VALUES(411,'49','SMR',2,'[{"changed": {"fields": ["Category"]}}]',8,1,'2023-05-14 18:09:04.311429');
INSERT INTO "django_admin_log" VALUES(412,'26','"Beyond conflict-free tungsten" by Fairphone, SMR, Wolfram',2,'[{"changed": {"fields": ["Source", "File", "Note", "Todo"]}}]',7,1,'2023-05-14 18:12:53.967223');
INSERT INTO "django_admin_log" VALUES(413,'22','Threads',1,'[{"added": {}}]',18,1,'2023-05-14 18:13:30.464459');
INSERT INTO "django_admin_log" VALUES(414,'23','Human Rights Violations',1,'[{"added": {}}]',18,1,'2023-05-14 18:14:10.496544');
INSERT INTO "django_admin_log" VALUES(415,'1','Child Labour',2,'[{"changed": {"fields": ["Parent"]}}]',18,1,'2023-05-14 18:14:23.317973');
INSERT INTO "django_admin_log" VALUES(416,'2','Forced Labour',2,'[{"changed": {"fields": ["Parent"]}}]',18,1,'2023-05-14 18:14:36.461776');
INSERT INTO "django_admin_log" VALUES(417,'19','Accidents',2,'[{"changed": {"fields": ["Parent"]}}]',18,1,'2023-05-14 18:14:47.430471');
INSERT INTO "django_admin_log" VALUES(418,'12','Discrimination',2,'[{"changed": {"fields": ["Parent"]}}]',18,1,'2023-05-14 18:15:00.718905');
INSERT INTO "django_admin_log" VALUES(419,'8','Human Trafficking',2,'[{"changed": {"fields": ["Parent"]}}]',18,1,'2023-05-14 18:16:12.596296');
INSERT INTO "django_admin_log" VALUES(420,'22','Threats',2,'[{"changed": {"fields": ["Name"]}}]',18,1,'2023-05-14 18:16:45.433331');
INSERT INTO "django_admin_log" VALUES(421,'3','Workload',2,'[{"changed": {"fields": ["Parent"]}}]',18,1,'2023-05-14 18:17:01.707089');
INSERT INTO "django_admin_log" VALUES(422,'10','Union Busting',2,'[{"changed": {"fields": ["Parent"]}}]',18,1,'2023-05-14 18:19:46.283662');
INSERT INTO "django_admin_log" VALUES(423,'27','"Glimmerland" by ',1,'[{"added": {}}, {"added": {"name": "Evidence", "object": "Mica (Resource) / India / * / Child Labour / * in \"Glimmerland\""}}]',7,1,'2023-05-14 18:34:46.198629');
INSERT INTO "django_admin_log" VALUES(424,'50','Tungsten Ore (Resource) / * / NBM / * / *',1,'[{"added": {}}]',15,1,'2023-05-14 18:40:18.604202');
INSERT INTO "django_admin_log" VALUES(425,'28','"Learnings from the new bugarama mining company’s progressive journey" by ',1,'[{"added": {}}, {"added": {"name": "Evidence", "object": "Tungsten Ore (Resource) / * / NBM / * / * in \"Learnings from the new bugarama mining company\u2019s progressive journey\""}}]',7,1,'2023-05-14 18:41:43.744943');
INSERT INTO "django_admin_log" VALUES(426,'28','"Learnings from the new Bugarama mining company’s progressive journey" by Fairphone, SMR, Wolfram',2,'[{"changed": {"fields": ["Title", "Association(s)", "File"]}}]',7,1,'2023-05-14 18:42:48.548826');
INSERT INTO "django_admin_log" VALUES(427,'49','Specialty Metals Resources',2,'[{"changed": {"fields": ["Abbreviation"]}}]',8,1,'2023-05-14 18:43:00.318038');
INSERT INTO "django_admin_log" VALUES(428,'28','"Learnings from the new Bugarama mining company’s progressive journey" by Fairphone, Specialty Metals Resources, Wolfram',2,'[{"changed": {"fields": ["File"]}}]',7,1,'2023-05-14 18:43:19.011061');
INSERT INTO "django_admin_log" VALUES(429,'52','BGR',1,'[{"added": {}}]',8,1,'2023-05-14 19:02:11.070932');
INSERT INTO "django_admin_log" VALUES(430,'17','Platinum Group Metals (Material)',1,'[{"added": {}}]',16,1,'2023-05-14 19:04:23.268094');
INSERT INTO "django_admin_log" VALUES(431,'16','Platin (Material)',2,'[{"changed": {"fields": ["Parent"]}}]',16,1,'2023-05-14 19:05:40.170554');
INSERT INTO "django_admin_log" VALUES(432,'18','Palladium (Material)',1,'[{"added": {}}]',16,1,'2023-05-14 19:06:11.695422');
INSERT INTO "django_admin_log" VALUES(433,'19','Rhodium (Material)',1,'[{"added": {}}]',16,1,'2023-05-14 19:07:06.206411');
INSERT INTO "django_admin_log" VALUES(434,'20','Iridium (Material)',1,'[{"added": {}}]',16,1,'2023-05-14 19:07:24.951397');
INSERT INTO "django_admin_log" VALUES(435,'17','Platinum Group Metals (Material)',2,'[{"changed": {"fields": ["Parent"]}}]',16,1,'2023-05-14 19:07:37.156254');
INSERT INTO "django_admin_log" VALUES(436,'17','Platinum Group Metals (Material)',2,'[{"changed": {"fields": ["Parent"]}}]',16,1,'2023-05-14 19:07:50.417937');
INSERT INTO "django_admin_log" VALUES(437,'51','Platinum Group Metals (Material) / * / * / * / Extraction',1,'[{"added": {}}]',15,1,'2023-05-14 19:08:35.173403');
INSERT INTO "django_admin_log" VALUES(438,'10','Recycling',1,'[{"added": {}}]',19,1,'2023-05-14 19:09:07.697713');
INSERT INTO "django_admin_log" VALUES(439,'52','Platinum Group Metals (Material) / * / * / * / Recycling',1,'[{"added": {}}]',15,1,'2023-05-14 19:09:13.338766');
INSERT INTO "django_admin_log" VALUES(440,'53','Platinum Group Metals (Material) / * / * / * / Extraction',1,'[{"added": {}}]',15,1,'2023-05-14 19:09:31.385684');
INSERT INTO "django_admin_log" VALUES(441,'54','Platinum Group Metals (Material) / * / * / Environmental / *',1,'[{"added": {}}]',15,1,'2023-05-14 19:10:27.718485');
INSERT INTO "django_admin_log" VALUES(442,'24','Social',1,'[{"added": {}}]',18,1,'2023-05-14 19:11:21.210022');
INSERT INTO "django_admin_log" VALUES(443,'55','Platinum Group Metals (Material) / * / * / Social / *',1,'[{"added": {}}]',15,1,'2023-05-14 19:11:25.021811');
INSERT INTO "django_admin_log" VALUES(444,'29','"Platingruppenmetalle" by BGR',1,'[{"added": {}}, {"added": {"name": "Evidence", "object": "Platinum Group Metals (Material) / * / * / * / Recycling in \"Platingruppenmetalle\""}}, {"added": {"name": "Evidence", "object": "Platinum Group Metals (Material) / * / * / * / Extraction in \"Platingruppenmetalle\""}}, {"added": {"name": "Evidence", "object": "Platinum Group Metals (Material) / * / * / Environmental / * in \"Platingruppenmetalle\""}}, {"added": {"name": "Evidence", "object": "Platinum Group Metals (Material) / * / * / Social / * in \"Platingruppenmetalle\""}}]',7,1,'2023-05-14 19:11:37.150638');
INSERT INTO "django_admin_log" VALUES(445,'21','Graphite (Resource)',1,'[{"added": {}}]',16,1,'2023-05-14 19:16:33.589419');
INSERT INTO "django_admin_log" VALUES(446,'56','Graphite (Resource) / * / * / * / *',1,'[{"added": {}}]',15,1,'2023-05-14 19:16:41.577698');
INSERT INTO "django_admin_log" VALUES(447,'30','"Risikobewertung - Graphit" by BGR',1,'[{"added": {}}, {"added": {"name": "Evidence", "object": "Graphite (Resource) / * / * / * / * in \"Risikobewertung - Graphit\""}}]',7,1,'2023-05-14 19:17:27.983067');
INSERT INTO "django_admin_log" VALUES(448,'31','"Natürlicher und synthetischer Graphit" by ',1,'[{"added": {}}, {"added": {"name": "Evidence", "object": "Graphite (Resource) / * / * / * / * in \"Nat\u00fcrlicher und synthetischer Graphit\""}}]',7,1,'2023-05-14 19:19:36.600465');
INSERT INTO "django_admin_log" VALUES(449,'31','"Natürlicher und synthetischer Graphit" by ',2,'[{"changed": {"fields": ["File"]}}]',7,1,'2023-05-14 19:19:54.856124');
INSERT INTO "django_admin_log" VALUES(450,'53','arepo',1,'[{"added": {}}]',8,1,'2023-05-27 05:30:11.025508');
INSERT INTO "django_admin_log" VALUES(451,'21','Political Foundation',1,'[{"added": {}}]',9,1,'2023-05-27 05:32:21.774425');
INSERT INTO "django_admin_log" VALUES(452,'54','Rosa Luxemburg Stiftung',1,'[{"added": {}}]',8,1,'2023-05-27 05:32:23.675140');
INSERT INTO "django_admin_log" VALUES(453,'22','Hydrogen (Material)',1,'[{"added": {}}]',16,1,'2023-05-27 05:36:48.656997');
INSERT INTO "django_admin_log" VALUES(454,'25','Senegal',1,'[{"added": {}}]',10,1,'2023-05-27 05:37:16.763057');
INSERT INTO "django_admin_log" VALUES(455,'26','Niger',1,'[{"added": {}}]',10,1,'2023-05-27 05:37:42.532019');
INSERT INTO "django_admin_log" VALUES(456,'57','Hydrogen (Material) / Niger / * / * / *',1,'[{"added": {}}]',15,1,'2023-05-27 05:38:05.489157');
INSERT INTO "django_admin_log" VALUES(457,'58','Hydrogen (Material) / Senegal / * / * / *',1,'[{"added": {}}]',15,1,'2023-05-27 05:41:22.093358');
INSERT INTO "django_admin_log" VALUES(458,'22','Morocco',2,'[{"changed": {"fields": ["Name"]}}]',10,1,'2023-05-27 05:42:19.103897');
INSERT INTO "django_admin_log" VALUES(459,'59','Hydrogen (Material) / Morocco / * / * / *',1,'[{"added": {}}]',15,1,'2023-05-27 05:42:25.193482');
INSERT INTO "django_admin_log" VALUES(460,'32','"Fair Green Hydrogen" by arepo, Rosa Luxemburg Stiftung',1,'[{"added": {}}, {"added": {"name": "Evidence", "object": "Hydrogen (Material) / Niger / * / * / * in \"Fair Green Hydrogen\""}}, {"added": {"name": "Evidence", "object": "Hydrogen (Material) / Senegal / * / * / * in \"Fair Green Hydrogen\""}}, {"added": {"name": "Evidence", "object": "Hydrogen (Material) / Morocco / * / * / * in \"Fair Green Hydrogen\""}}]',7,1,'2023-05-27 05:42:34.988664');
INSERT INTO "django_admin_log" VALUES(461,'53','Arepo',2,'[{"changed": {"fields": ["Name", "Abbreviation"]}}]',8,1,'2023-05-27 05:43:52.103544');
INSERT INTO "django_admin_log" VALUES(462,'54','RLS',2,'[{"changed": {"fields": ["Name", "Abbreviation"]}}]',8,1,'2023-05-27 05:44:31.200003');
INSERT INTO "django_admin_log" VALUES(463,'23','Tourmaline (Resource)',1,'[{"added": {}}]',16,1,'2023-05-27 05:54:47.331037');
INSERT INTO "django_admin_log" VALUES(464,'27','Afghanistan',1,'[{"added": {}}]',10,1,'2023-05-27 05:55:11.344233');
INSERT INTO "django_admin_log" VALUES(465,'60','Tourmaline (Resource) / Afghanistan / * / * / *',1,'[{"added": {}}]',15,1,'2023-05-27 05:55:18.414601');
INSERT INTO "django_admin_log" VALUES(466,'33','"War in the treasure of the people" by global witness',1,'[{"added": {}}, {"added": {"name": "Evidence", "object": "Tourmaline (Resource) / Afghanistan / * / * / * in \"War in the treasure of the people\""}}]',7,1,'2023-05-27 05:55:22.312631');
INSERT INTO "django_admin_log" VALUES(467,'55','Public Eye',1,'[{"added": {}}]',8,1,'2023-05-27 07:11:51.930455');
INSERT INTO "django_admin_log" VALUES(468,'28','Switzerland',1,'[{"added": {}}]',10,1,'2023-05-27 07:16:56.451090');
INSERT INTO "django_admin_log" VALUES(469,'61','Gold (Resource) / Switzerland / * / * / Trade',1,'[{"added": {}}]',15,1,'2023-05-27 07:17:06.792835');
INSERT INTO "django_admin_log" VALUES(470,'29','Togo',1,'[{"added": {}}]',10,1,'2023-05-27 07:18:46.130397');
INSERT INTO "django_admin_log" VALUES(471,'62','Gold (Resource) / Togo / * / * / Trade',1,'[{"added": {}}]',15,1,'2023-05-27 07:18:59.935173');
INSERT INTO "django_admin_log" VALUES(472,'30','Burkina Faso',1,'[{"added": {}}]',10,1,'2023-05-27 07:20:01.039166');
INSERT INTO "django_admin_log" VALUES(473,'63','Gold (Resource) / Burkina Faso / * / * / Trade',1,'[{"added": {}}]',15,1,'2023-05-27 07:20:50.453285');
INSERT INTO "django_admin_log" VALUES(474,'64','Gold (Resource) / Togo / * / * / Trade',1,'[{"added": {}}]',15,1,'2023-05-27 07:21:11.239025');
INSERT INTO "django_admin_log" VALUES(475,'65','Gold (Resource) / Burkina Faso / * / Child Labour / Extraction',1,'[{"added": {}}]',15,1,'2023-05-27 07:24:49.953082');
INSERT INTO "django_admin_log" VALUES(476,'24','Gold (Material)',1,'[{"added": {}}]',16,1,'2023-05-27 07:26:43.100544');
INSERT INTO "django_admin_log" VALUES(477,'56','Valcambi SA',1,'[{"added": {}}]',8,1,'2023-05-27 07:27:27.474522');
INSERT INTO "django_admin_log" VALUES(478,'66','Gold (Material) / * / Valcambi SA / * / Due Diligence',1,'[{"added": {}}]',15,1,'2023-05-27 07:29:22.385851');
INSERT INTO "django_admin_log" VALUES(479,'34','"A Golden Racket" by Public Eye',1,'[{"added": {}}, {"added": {"name": "Evidence", "object": "Gold (Resource) / Switzerland / * / * / Trade in \"A Golden Racket\""}}, {"added": {"name": "Evidence", "object": "Gold (Resource) / Burkina Faso / * / * / Trade in \"A Golden Racket\""}}, {"added": {"name": "Evidence", "object": "Gold (Resource) / Togo / * / * / Trade in \"A Golden Racket\""}}, {"added": {"name": "Evidence", "object": "Gold (Resource) / Burkina Faso / * / Child Labour / Extraction in \"A Golden Racket\""}}, {"added": {"name": "Evidence", "object": "Gold (Material) / * / Valcambi SA / * / Due Diligence in \"A Golden Racket\""}}]',7,1,'2023-05-27 07:29:38.430696');
INSERT INTO "django_admin_log" VALUES(480,'22','Advisory Council',1,'[{"added": {}}]',9,1,'2023-05-27 07:36:40.545754');
INSERT INTO "django_admin_log" VALUES(481,'57','SER',1,'[{"added": {}}]',8,1,'2023-05-27 07:37:08.694685');
INSERT INTO "django_admin_log" VALUES(482,'58','Gold Int. RBC',1,'[{"added": {}}]',8,1,'2023-05-27 07:39:51.869679');
INSERT INTO "django_admin_log" VALUES(483,'67','Gold (Material) / * / * / * / Recycling',1,'[{"added": {}}]',15,1,'2023-05-27 07:50:22.987101');
INSERT INTO "django_admin_log" VALUES(484,'35','"A Golden Opportunity (Summary)" by Gold Int. RBC, Fairphone, SER',1,'[{"added": {}}, {"added": {"name": "Evidence", "object": "Gold (Material) / * / * / * / Recycling in \"A Golden Opportunity (Summary)\""}}]',7,1,'2023-05-27 07:52:16.474655');
INSERT INTO "django_admin_log" VALUES(485,'59','BICC',1,'[{"added": {}}]',8,1,'2023-05-27 07:57:27.370976');
INSERT INTO "django_admin_log" VALUES(486,'60','Südwind (GER)',1,'[{"added": {}}]',8,1,'2023-05-27 08:00:18.775570');
INSERT INTO "django_admin_log" VALUES(487,'11','Artisanal Mining',1,'[{"added": {}}]',19,1,'2023-05-27 08:04:23.680550');
INSERT INTO "django_admin_log" VALUES(488,'68','Gold (Resource) / * / * / * / Artisanal Mining',1,'[{"added": {}}]',15,1,'2023-05-27 08:04:28.145774');
INSERT INTO "django_admin_log" VALUES(489,'69','Gold (Resource) / * / * / * / Trade',1,'[{"added": {}}]',15,1,'2023-05-27 08:07:02.990872');
INSERT INTO "django_admin_log" VALUES(490,'70','Gold (Resource) / * / * / * / Artisanal Mining',1,'[{"added": {}}]',15,1,'2023-05-27 08:07:26.372068');
INSERT INTO "django_admin_log" VALUES(491,'31','Peru',1,'[{"added": {}}]',10,1,'2023-05-27 08:08:13.842552');
INSERT INTO "django_admin_log" VALUES(492,'71','Gold (Resource) / Peru / * / * / Artisanal Mining',1,'[{"added": {}}]',15,1,'2023-05-27 08:08:52.478078');
INSERT INTO "django_admin_log" VALUES(493,'72','Gold (Resource) / Eastern DRC (Region in Democratic Republic of Congo) / * / * / Artisanal Mining',1,'[{"added": {}}]',15,1,'2023-05-27 08:11:08.806791');
INSERT INTO "django_admin_log" VALUES(494,'36','"Auf der Suche nach dem sauberen Gold" by BICC, Südwind (GER)',1,'[{"added": {}}, {"added": {"name": "Evidence", "object": "Gold (Resource) / * / * / * / Trade in \"Auf der Suche nach dem sauberen Gold\""}}, {"added": {"name": "Evidence", "object": "Gold (Resource) / * / * / * / Artisanal Mining in \"Auf der Suche nach dem sauberen Gold\""}}, {"added": {"name": "Evidence", "object": "Gold (Resource) / Peru / * / * / Artisanal Mining in \"Auf der Suche nach dem sauberen Gold\""}}, {"added": {"name": "Evidence", "object": "Gold (Resource) / Eastern DRC (Region in Democratic Republic of Congo) / * / * / Artisanal Mining in \"Auf der Suche nach dem sauberen Gold\""}}]',7,1,'2023-05-27 08:11:15.166593');
INSERT INTO "django_admin_log" VALUES(495,'61','ECCHR',1,'[{"added": {}}]',8,1,'2023-05-27 08:14:56.791630');
INSERT INTO "django_admin_log" VALUES(496,'32','Romania',1,'[{"added": {}}]',10,1,'2023-05-27 08:18:30.829554');
INSERT INTO "django_admin_log" VALUES(497,'33','Roșia Montană (Province in Romania)',1,'[{"added": {}}]',10,1,'2023-05-27 08:18:32.677999');
INSERT INTO "django_admin_log" VALUES(498,'73','Gold (Resource) / Roșia Montană (Province in Romania) / * / * / *',1,'[{"added": {}}]',15,1,'2023-05-27 08:18:51.569727');
INSERT INTO "django_admin_log" VALUES(499,'62','RMGC',1,'[{"added": {}}]',8,1,'2023-05-27 08:19:35.887837');
INSERT INTO "django_admin_log" VALUES(500,'73','Gold (Resource) / Roșia Montană (Province in Romania) / RMGC / * / *',2,'[{"changed": {"fields": ["Actor"]}}]',15,1,'2023-05-27 08:19:58.341561');
INSERT INTO "django_admin_log" VALUES(501,'73','Gold (Resource) / Roșia Montană (Province in Romania) / RMGC / * / *',2,'[]',15,1,'2023-05-27 08:22:51.916865');
INSERT INTO "django_admin_log" VALUES(502,'63','Local Community',1,'[{"added": {}}]',8,1,'2023-05-27 08:24:06.411603');
INSERT INTO "django_admin_log" VALUES(503,'12','Resistance',1,'[{"added": {}}]',19,1,'2023-05-27 08:25:01.246555');
INSERT INTO "django_admin_log" VALUES(504,'74','Gold (Resource) / Roșia Montană (Province in Romania) / Local Community / * / Resistance',1,'[{"added": {}}]',15,1,'2023-05-27 08:25:13.315804');
INSERT INTO "django_admin_log" VALUES(505,'37','"Gold Mining in Roșia Montană (Romania): Billion dollar business vs. residents and the environment?" by ECCHR',1,'[{"added": {}}, {"added": {"name": "Evidence", "object": "Gold (Resource) / Ro\u0219ia Montan\u0103 (Province in Romania) / RMGC / * / * in \"Gold Mining in Ro\u0219ia Montan\u0103 (Romania): Billion dollar business vs. residents and the environment?\""}}, {"added": {"name": "Evidence", "object": "Gold (Resource) / Ro\u0219ia Montan\u0103 (Province in Romania) / Local Community / * / Resistance in \"Gold Mining in Ro\u0219ia Montan\u0103 (Romania): Billion dollar business vs. residents and the environment?\""}}]',7,1,'2023-05-27 08:25:18.716223');
INSERT INTO "django_admin_log" VALUES(506,'37','"Gold Mining in Roșia Montană (Romania)" by ECCHR',2,'[{"changed": {"fields": ["Title", "Subtitle"]}}]',7,1,'2023-05-28 08:27:18.114576');
INSERT INTO "django_admin_log" VALUES(507,'64','CIR',1,'[{"added": {}}]',8,1,'2023-05-28 08:33:27.105173');
INSERT INTO "django_admin_log" VALUES(508,'75','Gold (Resource) / * / * / * / Extraction',1,'[{"added": {}}]',15,1,'2023-05-28 08:34:43.523616');
INSERT INTO "django_admin_log" VALUES(509,'65','Consumer',1,'[{"added": {}}]',8,1,'2023-05-28 08:35:36.689764');
INSERT INTO "django_admin_log" VALUES(510,'76','Gold (Material) / * / Consumer / * / Purchasing',1,'[{"added": {}}]',15,1,'2023-05-28 08:36:31.253855');
INSERT INTO "django_admin_log" VALUES(511,'38','"Schöner Schein" by CIR',1,'[{"added": {}}, {"added": {"name": "Evidence", "object": "Gold (Resource) / * / * / * / Extraction in \"Sch\u00f6ner Schein\""}}, {"added": {"name": "Evidence", "object": "Gold (Material) / * / Consumer / * / Purchasing in \"Sch\u00f6ner Schein\""}}]',7,1,'2023-05-28 08:36:33.905364');
INSERT INTO "django_admin_log" VALUES(512,'34','Amazonia (Area in Brazil)',1,'[{"added": {}}]',10,1,'2023-05-28 08:43:48.367882');
INSERT INTO "django_admin_log" VALUES(513,'77','Gold (Resource) / Amazonia (Area in Brazil) / * / * / Artisanal Mining',1,'[{"added": {}}]',15,1,'2023-05-28 08:44:01.852044');
INSERT INTO "django_admin_log" VALUES(514,'39','"Goldrausch am Tapajós" by ',1,'[{"added": {}}, {"added": {"name": "Evidence", "object": "Gold (Resource) / Amazonia (Area in Brazil) / * / * / Artisanal Mining in \"Goldrausch am Tapaj\u00f3s\""}}]',7,1,'2023-05-28 08:44:05.450312');
INSERT INTO "django_admin_log" VALUES(515,'39','"Goldrausch am Tapajós" by ',2,'[{"changed": {"name": "Evidence", "object": "Gold (Resource) / Amazonia (Area in Brazil) / * / * / Artisanal Mining in \"Goldrausch am Tapaj\u00f3s\"", "fields": ["Relevance"]}}]',7,1,'2023-05-28 08:45:53.702988');
INSERT INTO "django_admin_log" VALUES(516,'66','IMPACT',1,'[{"added": {}}]',8,1,'2023-05-28 08:52:09.286104');
INSERT INTO "django_admin_log" VALUES(517,'23','Sustainability Scheme',1,'[{"added": {}}]',9,1,'2023-05-28 09:00:59.262159');
INSERT INTO "django_admin_log" VALUES(518,'67','Just Gold',1,'[{"added": {}}]',8,1,'2023-05-28 09:01:02.503843');
INSERT INTO "django_admin_log" VALUES(519,'78','* / * / Just Gold / * / Due Diligence',1,'[{"added": {}}]',15,1,'2023-05-28 09:02:03.033289');
INSERT INTO "django_admin_log" VALUES(520,'13','Tracing',1,'[{"added": {}}]',19,1,'2023-05-28 09:02:26.343039');
INSERT INTO "django_admin_log" VALUES(521,'79','* / * / Just Gold / * / Tracing',1,'[{"added": {}}]',15,1,'2023-05-28 09:02:31.081390');
INSERT INTO "django_admin_log" VALUES(522,'25','Conflict Financing',1,'[{"added": {}}]',18,1,'2023-05-28 09:04:54.614880');
INSERT INTO "django_admin_log" VALUES(523,'80','Gold (Resource) / Democratic Republic of Congo / * / Conflict Financing / *',1,'[{"added": {}}]',15,1,'2023-05-28 09:05:08.428639');
INSERT INTO "django_admin_log" VALUES(524,'40','"The Just Gold Project" by IMPACT',1,'[{"added": {}}, {"added": {"name": "Evidence", "object": "* / * / Just Gold / * / Due Diligence in \"The Just Gold Project\""}}, {"added": {"name": "Evidence", "object": "* / * / Just Gold / * / Tracing in \"The Just Gold Project\""}}, {"added": {"name": "Evidence", "object": "Gold (Resource) / Democratic Republic of Congo / * / Conflict Financing / * in \"The Just Gold Project\""}}]',7,1,'2023-05-28 09:07:59.440343');
INSERT INTO "django_admin_log" VALUES(525,'68','Trafigura',1,'[{"added": {}}]',8,1,'2023-05-28 09:18:18.320368');
INSERT INTO "django_admin_log" VALUES(526,'25','Resource (Resource)',1,'[{"added": {}}]',16,1,'2023-05-28 09:19:42.241859');
INSERT INTO "django_admin_log" VALUES(527,'81','Resource (Resource) / * / * / * / Trade',1,'[{"added": {}}]',15,1,'2023-05-28 09:20:01.199346');
INSERT INTO "django_admin_log" VALUES(528,'41','"Commodities demystified" by Trafigura',1,'[{"added": {}}, {"added": {"name": "Evidence", "object": "Resource (Resource) / * / * / * / Trade in \"Commodities demystified\""}}]',7,1,'2023-05-28 09:20:55.980443');
INSERT INTO "django_admin_log" VALUES(529,'42','"Prepayments Demystified" by Trafigura',1,'[{"added": {}}, {"added": {"name": "Evidence", "object": "Resource (Resource) / * / * / * / Trade in \"Prepayments Demystified\""}}]',7,1,'2023-05-28 09:28:43.506886');
INSERT INTO "django_admin_log" VALUES(530,'42','"Prepayments Demystified" by Trafigura',2,'[{"changed": {"fields": ["Note"]}}]',7,1,'2023-05-28 09:37:53.677239');
INSERT INTO "django_admin_log" VALUES(531,'41','"Commodities Demystified" by Trafigura',2,'[{"changed": {"fields": ["Title"]}}]',7,1,'2023-05-28 09:38:15.771774');
INSERT INTO "django_admin_log" VALUES(532,'69','KIT',1,'[{"added": {}}]',8,1,'2023-05-28 09:40:05.631765');
INSERT INTO "django_admin_log" VALUES(533,'70','THINKTANK Industrielle Ressourcenstrategien',1,'[{"added": {}}]',8,1,'2023-05-28 09:40:08.367109');
INSERT INTO "django_admin_log" VALUES(534,'26','Battery Resources (Resource)',1,'[{"added": {}}]',16,1,'2023-05-28 09:43:35.439231');
INSERT INTO "django_admin_log" VALUES(535,'82','Battery Resources (Resource) / * / * / * / Purchasing',1,'[{"added": {}}]',15,1,'2023-05-28 09:43:44.872450');
INSERT INTO "django_admin_log" VALUES(536,'43','"Resiliente rohstoff- versorgung und verantwortliche lieferketten für die industrie" by THINKTANK Industrielle Ressourcenstrategien',1,'[{"added": {}}, {"added": {"name": "Evidence", "object": "Battery Resources (Resource) / * / * / * / Purchasing in \"Resiliente rohstoff- versorgung und verantwortliche lieferketten f\u00fcr die industrie\""}}]',7,1,'2023-05-28 09:43:46.977628');
INSERT INTO "django_admin_log" VALUES(537,'43','"Resiliente Rohstoffversorgung und verantwortliche Lieferketten für die Industrie" by THINKTANK Industrielle Ressourcenstrategien',2,'[{"changed": {"fields": ["Title"]}}]',7,1,'2023-05-28 10:02:56.613163');
INSERT INTO "django_admin_log" VALUES(538,'71','CML',1,'[{"added": {}}]',8,1,'2023-05-28 10:05:46.966147');
INSERT INTO "django_admin_log" VALUES(539,'27','Cobalt (Resource)',1,'[{"added": {}}]',16,1,'2023-05-28 10:14:45.632058');
INSERT INTO "django_admin_log" VALUES(540,'27','Cobalt (Material)',2,'[{"changed": {"fields": ["Category"]}}]',16,1,'2023-05-28 10:15:30.434291');
INSERT INTO "django_admin_log" VALUES(541,'83','Cobalt (Material) / * / * / * / Purchasing',1,'[{"added": {}}]',15,1,'2023-05-28 10:15:36.787727');
INSERT INTO "django_admin_log" VALUES(542,'44','"Identifying supply risks by mapping the cobalt supply chain" by CML',1,'[{"added": {}}, {"added": {"name": "Evidence", "object": "Cobalt (Material) / * / * / * / Purchasing in \"Identifying supply risks by mapping the cobalt supply chain\""}}]',7,1,'2023-05-28 10:24:57.058533');
INSERT INTO "django_admin_log" VALUES(543,'72','RAID',1,'[{"added": {}}]',8,1,'2023-05-28 10:48:29.341492');
INSERT INTO "django_admin_log" VALUES(544,'72','RAID',2,'[{"changed": {"fields": ["Name", "Abbreviation"]}}]',8,1,'2023-05-28 10:50:05.724622');
INSERT INTO "django_admin_log" VALUES(545,'73','CAJJ',1,'[{"added": {}}]',8,1,'2023-05-28 10:50:51.839452');
INSERT INTO "django_admin_log" VALUES(546,'28','Cobalt Ore (Resource)',1,'[{"added": {}}]',16,1,'2023-05-28 10:51:46.950143');
INSERT INTO "django_admin_log" VALUES(547,'26','Worker Rights',1,'[{"added": {}}]',18,1,'2023-05-28 10:52:18.475832');
INSERT INTO "django_admin_log" VALUES(548,'35','Kolwezi (Town in Democratic Republic of Congo)',1,'[{"added": {}}]',10,1,'2023-05-28 10:53:37.953399');
INSERT INTO "django_admin_log" VALUES(549,'74','Glencore',1,'[{"added": {}}]',8,1,'2023-05-28 10:55:31.630158');
INSERT INTO "django_admin_log" VALUES(550,'75','Glencore',1,'[{"added": {}}]',8,1,'2023-05-28 10:56:35.210573');
INSERT INTO "django_admin_log" VALUES(551,'76','KCC',1,'[{"added": {}}]',8,1,'2023-05-28 10:56:37.142965');
INSERT INTO "django_admin_log" VALUES(552,'84','Cobalt Ore (Resource) / Kolwezi (Town in Democratic Republic of Congo) / KCC / Worker Rights / *',1,'[{"added": {}}]',15,1,'2023-05-28 10:56:46.881618');
INSERT INTO "django_admin_log" VALUES(553,'77','Eurasian Resources Group',1,'[{"added": {}}]',8,1,'2023-05-28 10:58:11.082781');
INSERT INTO "django_admin_log" VALUES(554,'78','RTR',1,'[{"added": {}}]',8,1,'2023-05-28 10:58:13.717111');
INSERT INTO "django_admin_log" VALUES(555,'85','Cobalt Ore (Resource) / Kolwezi (Town in Democratic Republic of Congo) / RTR / Worker Rights / *',1,'[{"added": {}}]',15,1,'2023-05-28 10:58:29.911415');
INSERT INTO "django_admin_log" VALUES(556,'79','China Molybdenum',1,'[{"added": {}}]',8,1,'2023-05-28 11:00:04.797427');
INSERT INTO "django_admin_log" VALUES(557,'80','TFM',1,'[{"added": {}}]',8,1,'2023-05-28 11:00:05.705618');
INSERT INTO "django_admin_log" VALUES(558,'86','Cobalt Ore (Resource) / Kolwezi (Town in Democratic Republic of Congo) / TFM / Worker Rights / *',1,'[{"added": {}}]',15,1,'2023-05-28 11:00:17.588624');
INSERT INTO "django_admin_log" VALUES(559,'81','CNMC',1,'[{"added": {}}]',8,1,'2023-05-28 11:01:43.912272');
INSERT INTO "django_admin_log" VALUES(560,'82','Somidez',1,'[{"added": {}}]',8,1,'2023-05-28 11:01:45.359438');
INSERT INTO "django_admin_log" VALUES(561,'87','Cobalt Ore (Resource) / Kolwezi (Town in Democratic Republic of Congo) / Somidez / Worker Rights / *',1,'[{"added": {}}]',15,1,'2023-05-28 11:01:53.438991');
INSERT INTO "django_admin_log" VALUES(562,'83','Gécamines',1,'[{"added": {}}]',8,1,'2023-05-28 11:03:44.492494');
INSERT INTO "django_admin_log" VALUES(563,'84','Sicomines',1,'[{"added": {}}]',8,1,'2023-05-28 11:04:03.405263');
INSERT INTO "django_admin_log" VALUES(564,'88','Cobalt Ore (Resource) / Kolwezi (Town in Democratic Republic of Congo) / Sicomines / Worker Rights / *',1,'[{"added": {}}]',15,1,'2023-05-28 11:04:14.574187');
INSERT INTO "django_admin_log" VALUES(565,'45','"The Road to Ruin?" by CAJJ, RAID',1,'[{"added": {}}, {"added": {"name": "Evidence", "object": "Cobalt Ore (Resource) / Kolwezi (Town in Democratic Republic of Congo) / KCC / Worker Rights / * in \"The Road to Ruin?\""}}, {"added": {"name": "Evidence", "object": "Cobalt Ore (Resource) / Kolwezi (Town in Democratic Republic of Congo) / RTR / Worker Rights / * in \"The Road to Ruin?\""}}, {"added": {"name": "Evidence", "object": "Cobalt Ore (Resource) / Kolwezi (Town in Democratic Republic of Congo) / TFM / Worker Rights / * in \"The Road to Ruin?\""}}, {"added": {"name": "Evidence", "object": "Cobalt Ore (Resource) / Kolwezi (Town in Democratic Republic of Congo) / Somidez / Worker Rights / * in \"The Road to Ruin?\""}}, {"added": {"name": "Evidence", "object": "Cobalt Ore (Resource) / Kolwezi (Town in Democratic Republic of Congo) / Sicomines / Worker Rights / * in \"The Road to Ruin?\""}}]',7,1,'2023-05-28 11:04:46.737430');
INSERT INTO "django_admin_log" VALUES(566,'45','"The Road to Ruin?" by CAJJ, RAID',2,'[{"changed": {"fields": ["Source"]}}]',7,1,'2023-05-29 13:35:09.444790');
INSERT INTO "django_admin_log" VALUES(567,'44','"Identifying supply risks by mapping the cobalt supply chain" by CML',2,'[{"changed": {"fields": ["Author(s)", "Source"]}}]',7,1,'2023-05-29 13:40:16.648353');
INSERT INTO "django_admin_log" VALUES(568,'43','"Resiliente Rohstoffversorgung und verantwortliche Lieferketten für die Industrie" by THINKTANK Industrielle Ressourcenstrategien',2,'[{"changed": {"fields": ["Source"]}}]',7,1,'2023-05-29 13:41:48.445404');
INSERT INTO "django_admin_log" VALUES(569,'42','"Prepayments Demystified" by Trafigura',2,'[{"changed": {"fields": ["Subtitle", "Source"]}}]',7,1,'2023-05-29 13:42:38.607592');
INSERT INTO "django_admin_log" VALUES(570,'41','"Commodities Demystified" by Trafigura',2,'[{"changed": {"fields": ["Source"]}}]',7,1,'2023-05-29 13:43:13.132938');
INSERT INTO "django_admin_log" VALUES(571,'40','"The Just Gold Project" by IMPACT',2,'[{"changed": {"fields": ["Source"]}}]',7,1,'2023-05-29 13:44:06.832156');
INSERT INTO "django_admin_log" VALUES(572,'39','"Goldrausch am Tapajós" by ',2,'[{"changed": {"fields": ["Source"]}}]',7,1,'2023-05-29 13:44:33.749049');
INSERT INTO "django_admin_log" VALUES(573,'38','"Schöner Schein" by CIR',2,'[{"changed": {"fields": ["Source"]}}]',7,1,'2023-05-29 13:45:15.108552');
INSERT INTO "django_admin_log" VALUES(574,'37','"Gold Mining in Roșia Montană (Romania)" by ECCHR',2,'[{"changed": {"fields": ["Source"]}}]',7,1,'2023-05-29 13:46:26.097474');
INSERT INTO "django_admin_log" VALUES(575,'36','"Auf der Suche nach dem sauberen Gold" by BICC, Südwind (GER)',2,'[{"changed": {"fields": ["Source"]}}]',7,1,'2023-05-29 13:47:03.973351');
INSERT INTO "django_admin_log" VALUES(576,'35','"A Golden Opportunity (Summary)" by Gold Int. RBC, Fairphone, SER',2,'[{"changed": {"fields": ["Source"]}}]',7,1,'2023-05-29 13:47:35.024788');
INSERT INTO "django_admin_log" VALUES(577,'34','"A Golden Racket" by Public Eye',2,'[{"changed": {"fields": ["Source"]}}]',7,1,'2023-05-29 13:48:11.297750');
INSERT INTO "django_admin_log" VALUES(578,'33','"War in the treasure of the people" by global witness',2,'[{"changed": {"fields": ["Source"]}}]',7,1,'2023-05-29 13:48:40.894021');
INSERT INTO "django_admin_log" VALUES(579,'32','"Fair Green Hydrogen" by Arepo, RLS',2,'[{"changed": {"fields": ["Source"]}}]',7,1,'2023-05-29 13:49:12.214014');
INSERT INTO "django_admin_log" VALUES(580,'31','"Natürlicher und synthetischer Graphit" by ',2,'[{"changed": {"fields": ["Author(s)"]}}]',7,1,'2023-05-29 13:52:27.808361');
INSERT INTO "django_admin_log" VALUES(581,'31','"Natürlicher und synthetischer Graphit" by BGR',2,'[{"changed": {"fields": ["Author(s)", "Association(s)"]}}]',7,1,'2023-05-29 13:52:57.520075');
INSERT INTO "django_admin_log" VALUES(582,'2','Copper Ore (Resource)',2,'[{"changed": {"fields": ["Tags", "Tree tags"]}}]',16,1,'2023-06-01 13:33:51.002547');
INSERT INTO "django_admin_log" VALUES(583,'1','Copper (Material)',2,'[{"changed": {"fields": ["Tags", "Tree tags"]}}]',16,1,'2023-06-01 13:50:37.583707');
INSERT INTO "django_admin_log" VALUES(584,'1','Copper (Material)',2,'[{"changed": {"fields": ["Tags", "Tree tags"]}}]',16,1,'2023-06-01 13:51:48.397350');
INSERT INTO "django_admin_log" VALUES(585,'2','Copper Ore (Resource)',2,'[{"changed": {"fields": ["Tags", "Tree tags"]}}]',16,1,'2023-06-01 13:53:05.722794');
INSERT INTO "django_admin_log" VALUES(586,'3','Resource/Copper Ore',2,'[{"changed": {"fields": ["Name"]}}]',NULL,1,'2023-06-01 13:53:24.231188');
INSERT INTO "django_admin_log" VALUES(587,'3','Resource/Copper Ore',2,'[{"changed": {"fields": ["Slug"]}}]',NULL,1,'2023-06-01 13:53:48.533685');
INSERT INTO "django_admin_log" VALUES(588,'2','Copper Ore (Resource)',2,'[{"changed": {"fields": ["Tags", "Tree tags"]}}]',16,1,'2023-06-01 13:57:27.631839');
INSERT INTO "django_admin_log" VALUES(589,'3','Metals and Minerals',2,'[{"changed": {"fields": ["Name"]}}]',NULL,1,'2023-06-01 13:57:45.023278');
INSERT INTO "django_admin_log" VALUES(590,'2','Copper Ore (Resource)',2,'[{"changed": {"fields": ["Tags", "Tree tags"]}}]',16,1,'2023-06-01 14:05:35.567069');
INSERT INTO "django_admin_log" VALUES(591,'35','Copper Ore (Resource) / Andina (Mine in Chile) / Codelco / * / Expansion',2,'[{"changed": {"fields": ["Product tags", "Product tree tags"]}}]',15,1,'2023-06-01 15:23:22.134336');
INSERT INTO "django_admin_log" VALUES(592,'18','Copper Ore (Resource) / Los Pelambres (Mine in Chile) / * / * / *',2,'[{"changed": {"fields": ["Product tags"]}}]',15,1,'2023-06-02 07:35:56.864864');
INSERT INTO "django_admin_log" VALUES(593,'3','Metals and Minerals',2,'[{"changed": {"fields": ["Slug"]}}]',NULL,1,'2023-06-02 09:33:19.509317');
INSERT INTO "django_admin_log" VALUES(594,'4','Test',1,'[{"added": {}}]',NULL,1,'2023-06-02 09:38:23.766628');
INSERT INTO "django_admin_log" VALUES(595,'35','Copper Ore (Resource) / Andina (Mine in Chile) / Codelco / * / Expansion',2,'[{"changed": {"fields": ["Product tags"]}}]',15,1,'2023-06-02 09:39:11.122950');
INSERT INTO "django_admin_log" VALUES(596,'29','Lithium (Material)',1,'[{"added": {}}]',16,1,'2023-06-16 09:49:51.863963');
INSERT INTO "django_admin_log" VALUES(597,'30','Nickel (Material)',1,'[{"added": {}}]',16,1,'2023-06-16 09:50:21.171082');
INSERT INTO "django_admin_log" VALUES(598,'31','Manganese (Material)',1,'[{"added": {}}]',16,1,'2023-06-16 09:50:45.387915');
INSERT INTO "django_admin_log" VALUES(599,'32','Graphite (Material)',1,'[{"added": {}}]',16,1,'2023-06-16 09:51:13.153350');
INSERT INTO "django_admin_log" VALUES(600,'82','Cobalt (Material) / * / * / * / Purchasing',2,'[{"changed": {"fields": ["Products", "Product"]}}]',15,1,'2023-06-16 09:51:57.941488');
INSERT INTO "django_admin_log" VALUES(601,'43','"Resiliente Rohstoffversorgung und verantwortliche Lieferketten für die Industrie" by THINKTANK Industrielle Ressourcenstrategien',2,'[]',7,1,'2023-06-16 10:18:56.605587');
INSERT INTO "django_admin_log" VALUES(602,'85','RMF',1,'[{"added": {}}]',8,1,'2023-06-16 10:35:12.332487');
INSERT INTO "django_admin_log" VALUES(603,'24','Assessment Scheme',1,'[{"added": {}}]',9,1,'2023-06-16 10:45:30.470925');
INSERT INTO "django_admin_log" VALUES(604,'86','RMI',1,'[{"added": {}}]',8,1,'2023-06-16 10:45:56.803241');
INSERT INTO "django_admin_log" VALUES(605,'89','* / * / * / Child Labour,Forced Labour,Occupational Accident,Worker Rights / Extraction',1,'[{"added": {}}]',15,1,'2023-06-16 10:57:56.000013');
INSERT INTO "django_admin_log" VALUES(606,'46','"Harmful Impacts of Mining" by RMF, RMI',1,'[{"added": {}}, {"added": {"name": "Evidence", "object": "* / * / * / Child Labour,Forced Labour,Occupational Accident,Worker Rights / Extraction in \"Harmful Impacts of Mining\""}}]',7,1,'2023-06-16 11:01:10.478624');
INSERT INTO "django_admin_log" VALUES(607,'27','Abuses by Security Forces',1,'[{"added": {}}]',18,1,'2023-06-16 11:03:13.917924');
INSERT INTO "django_admin_log" VALUES(608,'28','Attacks on Rights Defenders',1,'[{"added": {}}]',18,1,'2023-06-16 11:03:30.310701');
INSERT INTO "django_admin_log" VALUES(609,'29','Damage to Local Livelihoods',1,'[{"added": {}}]',18,1,'2023-06-16 11:04:21.739343');
INSERT INTO "django_admin_log" VALUES(610,'30','Forced Displacement',1,'[{"added": {}}]',18,1,'2023-06-16 11:04:51.275973');
INSERT INTO "django_admin_log" VALUES(611,'31','Access to Water',1,'[{"added": {}}]',18,1,'2023-06-16 11:05:05.606885');
INSERT INTO "django_admin_log" VALUES(612,'32','Violations of Indigenous Peoples'' Rights',1,'[{"added": {}}]',18,1,'2023-06-16 11:06:59.178208');
INSERT INTO "django_admin_log" VALUES(613,'33','Sexual Harrassment',1,'[{"added": {}}]',18,1,'2023-06-16 11:07:31.008125');
INSERT INTO "django_admin_log" VALUES(614,'89','* / * / * / Abuses by Security Forces,Access to Water,Accidents,Attacks on Rights Defenders,Child Labour,Damage to Local Livelihoods,Forced Displacement,Forced Labour,Occupational Accident,Sexual Harr',2,'[{"changed": {"fields": ["Impacts"]}}]',15,1,'2023-06-16 11:07:37.438966');
INSERT INTO "django_admin_log" VALUES(615,'46','"Harmful Impacts of Mining" by RMF, RMI',2,'[]',7,1,'2023-06-16 11:08:09.095213');
INSERT INTO "django_admin_log" VALUES(616,'87','STC',1,'[{"added": {}}]',8,1,'2023-06-16 11:11:21.037529');
INSERT INTO "django_admin_log" VALUES(617,'88','The Centre for Child Rights and Business',1,'[{"added": {}}]',8,1,'2023-06-16 11:12:30.549118');
INSERT INTO "django_admin_log" VALUES(618,'46','"Harmful Impacts of Mining" by RMF, RMI',2,'[{"changed": {"fields": ["Release date"]}}]',7,1,'2023-06-16 11:15:14.617235');
INSERT INTO "django_admin_log" VALUES(619,'90','* / * / * / Child Labour / Artisanal Mining',1,'[{"added": {}}]',15,1,'2023-06-16 11:36:24.816384');
INSERT INTO "django_admin_log" VALUES(620,'91','Cobalt Ore (Resource) / Democratic Republic of Congo / * / * / *',1,'[{"added": {}}]',15,1,'2023-06-16 11:37:36.540505');
INSERT INTO "django_admin_log" VALUES(621,'14','Formalization',1,'[{"added": {}}]',19,1,'2023-06-16 11:38:54.232187');
INSERT INTO "django_admin_log" VALUES(622,'92','* / * / * / Child Labour / Formalization',1,'[{"added": {}}]',15,1,'2023-06-16 11:39:16.752658');
INSERT INTO "django_admin_log" VALUES(623,'47','"Kinderrechte in der Kobaltlieferkette" by STC, The Centre for Child Rights and Business',1,'[{"added": {}}, {"added": {"name": "Evidence", "object": "* / * / * / Child Labour / Artisanal Mining in \"Kinderrechte in der Kobaltlieferkette\""}}, {"added": {"name": "Evidence", "object": "Cobalt Ore (Resource) / Democratic Republic of Congo / * / * / * in \"Kinderrechte in der Kobaltlieferkette\""}}, {"added": {"name": "Evidence", "object": "* / * / * / Child Labour / Formalization in \"Kinderrechte in der Kobaltlieferkette\""}}]',7,1,'2023-06-16 11:41:47.012404');
INSERT INTO "django_admin_log" VALUES(624,'19','Coltan (Resource),Gold (Resource),Tin Ore (Resource) / Eastern DRC (Region in Democratic Republic of Congo) / * / Militarisation / *',2,'[{"changed": {"fields": ["Products"]}}]',15,1,'2023-06-16 11:47:43.986172');
INSERT INTO "django_admin_log" VALUES(625,'93','Copper Ore (Resource) / Zambia / * / * / *',1,'[{"added": {}}]',15,1,'2023-06-16 12:04:03.252119');
INSERT INTO "django_admin_log" VALUES(626,'48','"Across the Copperbelt" by ',1,'[{"added": {}}, {"added": {"name": "Evidence", "object": "Copper Ore (Resource) / Zambia / * / * / * in \"Across the Copperbelt\""}}]',7,1,'2023-06-16 12:04:07.686318');
INSERT INTO "django_admin_log" VALUES(627,'89','Deutsches Kupferinstitut',1,'[{"added": {}}]',8,1,'2023-06-16 12:06:42.042880');
INSERT INTO "django_admin_log" VALUES(628,'5','Semi',1,'[{"added": {}}]',14,1,'2023-06-16 12:07:59.071619');
INSERT INTO "django_admin_log" VALUES(629,'33','Copper Products (Semi)',1,'[{"added": {}}]',16,1,'2023-06-16 12:08:01.013946');
INSERT INTO "django_admin_log" VALUES(630,'94','Copper Products (Semi) / * / * / * / Recycling',1,'[{"added": {}}]',15,1,'2023-06-16 12:08:15.924315');
INSERT INTO "django_admin_log" VALUES(631,'49','"Recycling von Kupferwerkstoffen" by Deutsches Kupferinstitut',1,'[{"added": {}}, {"added": {"name": "Evidence", "object": "Copper Products (Semi) / * / * / * / Recycling in \"Recycling von Kupferwerkstoffen\""}}]',7,1,'2023-06-16 12:08:20.319450');
INSERT INTO "django_admin_log" VALUES(632,'9','Sea',1,'[{"added": {}}]',12,1,'2023-06-16 12:17:12.171962');
INSERT INTO "django_admin_log" VALUES(633,'36','Bolivia',1,'[{"added": {}}]',10,1,'2023-06-16 12:18:09.739972');
INSERT INTO "django_admin_log" VALUES(634,'37','Salar de Uyuni (Sea in Bolivia)',1,'[{"added": {}}]',10,1,'2023-06-16 12:18:45.349418');
INSERT INTO "django_admin_log" VALUES(635,'95','Lithium (Material) / Salar de Uyuni (Sea in Bolivia) / * / * / *',1,'[{"added": {}}]',15,1,'2023-06-16 12:19:12.387275');
INSERT INTO "django_admin_log" VALUES(636,'50','"Ein Stoff macht Zukunft" by ',1,'[{"added": {}}, {"added": {"name": "Evidence", "object": "Lithium (Material) / Salar de Uyuni (Sea in Bolivia) / * / * / * in \"Ein Stoff macht Zukunft\""}}]',7,1,'2023-06-16 12:21:11.480635');
INSERT INTO "django_admin_log" VALUES(637,'96','Lithium (Material) / * / * / * / Trade',1,'[{"added": {}}]',15,1,'2023-06-16 12:30:00.338441');
INSERT INTO "django_admin_log" VALUES(638,'97','Lithium (Material) / Argentina (Country in South America) / * / * / *',1,'[{"added": {}}]',15,1,'2023-06-16 12:30:58.927374');
INSERT INTO "django_admin_log" VALUES(639,'51','"Der Lithium-Rush" by ',1,'[{"added": {}}, {"added": {"name": "Evidence", "object": "Lithium (Material) / * / * / * / Trade in \"Der Lithium-Rush\""}}, {"added": {"name": "Evidence", "object": "Lithium (Material) / Argentina (Country in South America) / * / * / * in \"Der Lithium-Rush\""}}]',7,1,'2023-06-16 12:32:41.617855');
INSERT INTO "django_admin_log" VALUES(640,'38','Guatemala',1,'[{"added": {}}]',10,1,'2023-06-16 12:57:35.896408');
INSERT INTO "django_admin_log" VALUES(641,'39','El Estor (Town in Guatemala)',1,'[{"added": {}}]',10,1,'2023-06-16 12:57:37.344830');
INSERT INTO "django_admin_log" VALUES(642,'34','Nickel Ore (Resource)',1,'[{"added": {}}]',16,1,'2023-06-16 12:58:00.838919');
INSERT INTO "django_admin_log" VALUES(643,'98','Nickel Ore (Resource) / El Estor (Town in Guatemala) / * / * / *',1,'[{"added": {}}]',15,1,'2023-06-16 12:58:08.825980');
INSERT INTO "django_admin_log" VALUES(644,'52','"Die Rechte der Q’eqchi’" by ',1,'[{"added": {}}, {"added": {"name": "Evidence", "object": "Nickel Ore (Resource) / El Estor (Town in Guatemala) / * / * / * in \"Die Rechte der Q\u2019eqchi\u2019\""}}]',7,1,'2023-06-16 12:58:59.476804');
INSERT INTO "django_admin_log" VALUES(645,'90','Electronics Watch',1,'[{"added": {}}]',8,1,'2023-06-16 13:00:38.827464');
INSERT INTO "django_admin_log" VALUES(646,'10','Village',1,'[{"added": {}}]',12,1,'2023-06-16 13:01:45.497814');
INSERT INTO "django_admin_log" VALUES(647,'40','Philippines',1,'[{"added": {}}]',10,1,'2023-06-16 13:02:09.985718');
INSERT INTO "django_admin_log" VALUES(648,'41','Rio Tuba (Village in Philippines)',1,'[{"added": {}}]',10,1,'2023-06-16 13:02:11.154653');
INSERT INTO "django_admin_log" VALUES(649,'99','Nickel Ore (Resource) / Rio Tuba (Village in Philippines),Roșia Montană (Province in Romania) / * / Environmental,Human Rights Violations / Extraction',1,'[{"added": {}}]',15,1,'2023-06-16 13:03:01.333278');
INSERT INTO "django_admin_log" VALUES(650,'99','Nickel Ore (Resource) / Rio Tuba (Village in Philippines) / * / Environmental,Human Rights Violations / Extraction',2,'[{"changed": {"fields": ["Locations"]}}]',15,1,'2023-06-16 13:03:25.413136');
INSERT INTO "django_admin_log" VALUES(651,'53','"Human Rights and Environmental Impact of Nickel Mining at Rio Tuba" by Electronics Watch',1,'[{"added": {}}, {"added": {"name": "Evidence", "object": "Nickel Ore (Resource) / Rio Tuba (Village in Philippines) / * / Environmental,Human Rights Violations / Extraction in \"Human Rights and Environmental Impact of Nickel Mining at Rio Tuba\""}}]',7,1,'2023-06-16 13:04:07.353601');
INSERT INTO "django_admin_log" VALUES(652,'36','Bolivia (Country in South America)',2,'[{"changed": {"fields": ["Parent"]}}]',10,1,'2023-06-23 14:24:04.546260');
INSERT INTO "django_admin_log" VALUES(653,'91','DERA',1,'[{"added": {}}]',8,1,'2023-06-24 07:16:46.024679');
INSERT INTO "django_admin_log" VALUES(654,'100','Nickel (Material) / * / * / * / Trade',1,'[{"added": {}}]',15,1,'2023-06-24 07:19:47.407227');
INSERT INTO "django_admin_log" VALUES(655,'54','"Der globale nickelmetallmarkt – zwischen legierungselement und batterierohstoff" by BGR, DERA',1,'[{"added": {}}, {"added": {"name": "Evidence", "object": "Nickel (Material) / * / * / * / Trade in \"Der globale nickelmetallmarkt \u2013 zwischen legierungselement und batterierohstoff\""}}]',7,1,'2023-06-24 07:19:52.457937');
INSERT INTO "django_admin_log" VALUES(656,'42','Mexico (Country in Middle America)',1,'[{"added": {}}]',10,1,'2023-06-24 07:49:54.682740');
INSERT INTO "django_admin_log" VALUES(657,'92','Grupo México',1,'[{"added": {}}]',8,1,'2023-06-24 07:50:44.475048');
INSERT INTO "django_admin_log" VALUES(658,'34','Dam Disaster',1,'[{"added": {}}]',18,1,'2023-06-24 07:53:23.566269');
INSERT INTO "django_admin_log" VALUES(659,'101','Copper Ore (Resource) / Mexico (Country in Middle America) / Grupo México / Dam Disaster / Extraction',1,'[{"added": {}}]',15,1,'2023-06-24 07:54:08.211741');
INSERT INTO "django_admin_log" VALUES(660,'93','Aurubis',1,'[{"added": {}}]',8,1,'2023-06-24 07:54:59.399171');
INSERT INTO "django_admin_log" VALUES(661,'102','Copper Ore (Resource) / * / Aurubis, Grupo México / * / Trade',1,'[{"added": {}}]',15,1,'2023-06-24 07:55:13.670990');
INSERT INTO "django_admin_log" VALUES(662,'25','Industry (general)',1,'[{"added": {}}]',9,1,'2023-06-24 07:57:58.982023');
INSERT INTO "django_admin_log" VALUES(663,'94','ThyssenKrupp',1,'[{"added": {}}]',8,1,'2023-06-24 07:58:03.775432');
INSERT INTO "django_admin_log" VALUES(664,'103','Cobalt Ore (Resource) / * / Grupo México, ThyssenKrupp / * / Trade',1,'[{"added": {}}]',15,1,'2023-06-24 07:58:19.524780');
INSERT INTO "django_admin_log" VALUES(665,'35','Molybdendum Ore (Resource)',1,'[{"added": {}}]',16,1,'2023-06-24 08:00:28.369028');
INSERT INTO "django_admin_log" VALUES(666,'103','Molybdendum Ore (Resource) / * / Grupo México, ThyssenKrupp / * / Trade',2,'[{"changed": {"fields": ["Products"]}}]',15,1,'2023-06-24 08:00:39.536619');
INSERT INTO "django_admin_log" VALUES(667,'55','"DER DEUTSCHE ROHSTOFFHUNGER und seine menschenrechtlichen Folgen im Globalen Süden" by CIR',1,'[{"added": {}}, {"added": {"name": "Evidence", "object": "Copper Ore (Resource) / Mexico (Country in Middle America) / Grupo M\u00e9xico / Dam Disaster / Extraction in \"DER DEUTSCHE ROHSTOFFHUNGER und seine menschenrechtlichen Folgen im Globalen S\u00fcden\""}}, {"added": {"name": "Evidence", "object": "Copper Ore (Resource) / * / Aurubis, Grupo M\u00e9xico / * / Trade in \"DER DEUTSCHE ROHSTOFFHUNGER und seine menschenrechtlichen Folgen im Globalen S\u00fcden\""}}, {"added": {"name": "Evidence", "object": "Molybdendum Ore (Resource) / * / Grupo M\u00e9xico, ThyssenKrupp / * / Trade in \"DER DEUTSCHE ROHSTOFFHUNGER und seine menschenrechtlichen Folgen im Globalen S\u00fcden\""}}]',7,1,'2023-06-24 08:01:15.155003');
INSERT INTO "django_admin_log" VALUES(668,'54','"Der globale Nickelmetallmarkt – zwischen Legierungselement und Batterierohstoff" by BGR, DERA',2,'[{"changed": {"fields": ["Title"]}}]',7,1,'2023-06-24 08:01:39.826441');
INSERT INTO "django_admin_log" VALUES(669,'55','"Der deutsche Rohstoffhunger und seine menschenrechtlichen Folgen im Globalen Süden" by CIR',2,'[{"changed": {"fields": ["Title"]}}]',7,1,'2023-06-24 08:02:08.577402');
INSERT INTO "django_admin_log" VALUES(670,'95','adelphi',1,'[{"added": {}}]',8,1,'2023-06-24 08:08:59.143604');
INSERT INTO "django_admin_log" VALUES(671,'36','Bauxite (Resource)',1,'[{"added": {}}]',16,1,'2023-06-24 08:09:45.211206');
INSERT INTO "django_admin_log" VALUES(672,'104','Bauxite (Resource) / * / * / Human Rights Violations / Extraction',1,'[{"added": {}}]',15,1,'2023-06-24 08:10:35.551675');
INSERT INTO "django_admin_log" VALUES(673,'15','Smelting',1,'[{"added": {}}]',19,1,'2023-06-24 08:11:25.394424');
INSERT INTO "django_admin_log" VALUES(674,'104','Bauxite (Resource) / * / * / Human Rights Violations / Extraction, Smelting',2,'[{"changed": {"fields": ["Activities"]}}]',15,1,'2023-06-24 08:11:27.322229');
INSERT INTO "django_admin_log" VALUES(675,'104','Bauxite (Resource) / * / * / Environmental, Human Rights Violations / Extraction, Smelting',2,'[{"changed": {"fields": ["Impacts"]}}]',15,1,'2023-06-24 08:12:09.295322');
INSERT INTO "django_admin_log" VALUES(676,'104','Bauxite (Resource), Gold (Resource), Tin Ore (Resource) / * / * / Environmental, Human Rights Violations / Extraction, Smelting',2,'[{"changed": {"fields": ["Products"]}}]',15,1,'2023-06-24 08:14:26.621719');
INSERT INTO "django_admin_log" VALUES(677,'3','Tin (Material)',2,'[{"changed": {"fields": ["Category"]}}]',16,1,'2023-06-24 08:14:43.080001');
INSERT INTO "django_admin_log" VALUES(678,'56','"Rohstoffe im Fokus" by adelphi',1,'[{"added": {}}, {"added": {"name": "Evidence", "object": "Bauxite (Resource), Gold (Resource), Tin Ore (Resource) / * / * / Environmental, Human Rights Violations / Extraction, Smelting in \"Rohstoffe im Fokus\""}}]',7,1,'2023-06-24 08:15:23.429071');
INSERT INTO "django_admin_log" VALUES(679,'96','Amnesty',1,'[{"added": {}}]',8,1,'2023-06-24 08:23:10.542693');
INSERT INTO "django_admin_log" VALUES(680,'97','PT Antam',1,'[{"added": {}}]',8,1,'2023-06-24 08:24:21.116695');
INSERT INTO "django_admin_log" VALUES(681,'43','Indonesia',1,'[{"added": {}}]',10,1,'2023-06-24 08:25:36.642759');
INSERT INTO "django_admin_log" VALUES(682,'44','Papua (Province in Indonesia)',1,'[{"added": {}}]',10,1,'2023-06-24 08:25:37.810485');
INSERT INTO "django_admin_log" VALUES(683,'105','Gold (Resource) / Papua (Province in Indonesia) / PT Antam / Human Rights Violations / *',1,'[{"added": {}}]',15,1,'2023-06-24 08:26:32.487309');
INSERT INTO "django_admin_log" VALUES(684,'57','"Rezept für eine Katastrophe" by Amnesty',1,'[{"added": {}}, {"added": {"name": "Evidence", "object": "Gold (Resource) / Papua (Province in Indonesia) / PT Antam / Human Rights Violations / * in \"Rezept f\u00fcr eine Katastrophe\""}}]',7,1,'2023-06-24 08:26:42.291438');
INSERT INTO "django_admin_log" VALUES(685,'16','Reporting',1,'[{"added": {}}]',19,1,'2023-06-24 14:34:47.934771');
INSERT INTO "django_admin_log" VALUES(686,'17','Conflict Mnerals Report (Dodd-Frank Act)',1,'[{"added": {}}]',19,1,'2023-06-24 14:34:48.961560');
INSERT INTO "django_admin_log" VALUES(687,'106','* / * / * / * / Conflict Mnerals Report (Dodd-Frank Act)',1,'[{"added": {}}]',15,1,'2023-06-24 14:34:59.847481');
INSERT INTO "django_admin_log" VALUES(688,'26','Company',1,'[{"added": {}}]',9,1,'2023-06-24 14:37:10.307010');
INSERT INTO "django_admin_log" VALUES(689,'98','Company (general)',1,'[{"added": {}}]',8,1,'2023-06-24 14:37:43.997849');
INSERT INTO "django_admin_log" VALUES(690,'106','* / * / Company (general) / * / Conflict Mnerals Report (Dodd-Frank Act)',2,'[{"changed": {"fields": ["Actors"]}}]',15,1,'2023-06-24 14:37:49.868531');
INSERT INTO "django_admin_log" VALUES(691,'58','"Digging for Transparency" by Amnesty, global witness',1,'[{"added": {}}, {"added": {"name": "Evidence", "object": "* / * / Company (general) / * / Conflict Mnerals Report (Dodd-Frank Act) in \"Digging for Transparency\""}}]',7,1,'2023-06-24 14:37:55.572844');
INSERT INTO "django_admin_log" VALUES(692,'17','Conflict Minerals Report (Dodd-Frank Act)',2,'[{"changed": {"fields": ["Name"]}}]',19,1,'2023-06-24 14:38:13.255985');
INSERT INTO "django_admin_log" VALUES(693,'18','Due Diligence Reporting (Congo/Rwanda)',1,'[{"added": {}}]',19,1,'2023-06-24 14:45:50.790007');
INSERT INTO "django_admin_log" VALUES(694,'107','* / * / Company (general) / * / Due Diligence Reporting (Congo/Rwanda)',1,'[{"added": {}}]',15,1,'2023-06-24 14:45:52.533659');
INSERT INTO "django_admin_log" VALUES(695,'59','"Time to dig deeper" by global witness',1,'[{"added": {}}, {"added": {"name": "Evidence", "object": "* / * / Company (general) / * / Due Diligence Reporting (Congo/Rwanda) in \"Time to dig deeper\""}}]',7,1,'2023-06-24 14:47:16.920122');
INSERT INTO "django_admin_log" VALUES(696,'59','"Time to dig deeper" by global witness',2,'[{"changed": {"fields": ["File"]}}]',7,1,'2023-06-24 14:49:53.445171');
INSERT INTO "django_admin_log" VALUES(697,'35','Debt Bondage',1,'[{"added": {}}]',18,1,'2023-06-24 16:11:00.514975');
INSERT INTO "django_admin_log" VALUES(698,'108','* / * / * / Debt Bondage / *',1,'[{"added": {}}]',15,1,'2023-06-24 16:11:07.185431');
INSERT INTO "django_admin_log" VALUES(699,'60','"Schuldknechtschaft" by Südwind (GER)',1,'[{"added": {}}, {"added": {"name": "Evidence", "object": "* / * / * / Debt Bondage / * in \"Schuldknechtschaft\""}}]',7,1,'2023-06-24 16:11:11.094215');
INSERT INTO "django_admin_log" VALUES(700,'11','Continent',1,'[{"added": {}}]',12,1,'2023-06-24 16:23:26.203787');
INSERT INTO "django_admin_log" VALUES(701,'45','Africa',1,'[{"added": {}}]',10,1,'2023-06-24 16:23:50.970515');
INSERT INTO "django_admin_log" VALUES(702,'46','West Africa (Subregion in Africa)',1,'[{"added": {}}]',10,1,'2023-06-24 16:23:53.429934');
INSERT INTO "django_admin_log" VALUES(703,'109','* / West Africa (Subregion in Africa) / * / Child Labour / *',1,'[{"added": {}}]',15,1,'2023-06-24 16:24:15.100141');
INSERT INTO "django_admin_log" VALUES(704,'109','* / * / * / Child Labour / *',2,'[{"changed": {"fields": ["Locations"]}}]',15,1,'2023-06-24 16:26:11.754683');
INSERT INTO "django_admin_log" VALUES(705,'61','"In die mine statt zur schule - kinderarbeit im 21. jahrhundert" by Südwind (GER)',1,'[{"added": {}}, {"added": {"name": "Evidence", "object": "* / * / * / Child Labour / * in \"In die mine statt zur schule - kinderarbeit im 21. jahrhundert\""}}]',7,1,'2023-06-24 16:26:18.793286');
INSERT INTO "django_admin_log" VALUES(706,'61','"In die Mine statt zur Schule - Kinderarbeit im 21.Jahrhundert" by Südwind (GER)',2,'[{"changed": {"fields": ["Title", "Author"]}}]',7,1,'2023-06-24 16:27:14.972806');
INSERT INTO "django_admin_log" VALUES(707,'99','KnowTheChain',1,'[{"added": {}}]',8,1,'2023-06-24 16:32:00.684432');
INSERT INTO "django_admin_log" VALUES(708,'110','* / * / * / Forced Labour / Due Diligence',1,'[{"added": {}}]',15,1,'2023-06-24 16:39:48.609601');
INSERT INTO "django_admin_log" VALUES(709,'110','* / * / Company (general) / Forced Labour / Due Diligence',2,'[{"changed": {"fields": ["Actors"]}}]',15,1,'2023-06-24 16:40:17.965752');
INSERT INTO "django_admin_log" VALUES(710,'62','"Closing the gap" by BHRRC, KnowTheChain',1,'[{"added": {}}, {"added": {"name": "Evidence", "object": "* / * / Company (general) / Forced Labour / Due Diligence in \"Closing the gap\""}}]',7,1,'2023-06-24 16:40:19.693557');
INSERT INTO "django_admin_log" VALUES(711,'100','IPIS',1,'[{"added": {}}]',8,1,'2023-06-24 16:45:04.315305');
INSERT INTO "django_admin_log" VALUES(712,'101','International Alert',1,'[{"added": {}}]',8,1,'2023-06-24 16:46:50.711241');
INSERT INTO "django_admin_log" VALUES(713,'102','OGP',1,'[{"added": {}}]',8,1,'2023-06-24 16:48:28.535329');
INSERT INTO "django_admin_log" VALUES(714,'103','EurAc',1,'[{"added": {}}]',8,1,'2023-06-24 16:50:48.885886');
INSERT INTO "django_admin_log" VALUES(715,'47','Ituri (Region in Eastern DRC (Region in Democratic Republic of Congo))',1,'[{"added": {}}]',10,1,'2023-06-24 16:56:34.394036');
INSERT INTO "django_admin_log" VALUES(716,'111','Coltan (Resource), Gold (Resource), Tin Ore (Resource), Tungsten Ore (Resource) / Ituri (Region in Eastern DRC (Region in Democratic Republic of Congo)) / * / Conflict Financing / *',1,'[{"added": {}}]',15,1,'2023-06-24 16:58:34.706567');
INSERT INTO "django_admin_log" VALUES(717,'48','South Kivu (Region in Eastern DRC (Region in Democratic Republic of Congo))',1,'[{"added": {}}]',10,1,'2023-06-24 17:00:00.446915');
INSERT INTO "django_admin_log" VALUES(718,'112','Coltan (Resource), Gold (Resource), Tin Ore (Resource), Tungsten Ore (Resource) / South Kivu (Region in Eastern DRC (Region in Democratic Republic of Congo)) / * / Conflict Financing / *',1,'[{"added": {}}]',15,1,'2023-06-24 17:00:24.762347');
INSERT INTO "django_admin_log" VALUES(719,'63','"Conflict analysis and stakeholder mapping in South Kivu and Ituri" by EurAc, International Alert, IPIS, OGP',1,'[{"added": {}}, {"added": {"name": "Evidence", "object": "Coltan (Resource), Gold (Resource), Tin Ore (Resource), Tungsten Ore (Resource) / Ituri (Region in Eastern DRC (Region in Democratic Republic of Congo)) / * / Conflict Financing / * in \"Conflict analysis and stakeholder mapping in South Kivu and Ituri\""}}, {"added": {"name": "Evidence", "object": "Coltan (Resource), Gold (Resource), Tin Ore (Resource), Tungsten Ore (Resource) / South Kivu (Region in Eastern DRC (Region in Democratic Republic of Congo)) / * / Conflict Financing / * in \"Conflict analysis and stakeholder mapping in South Kivu and Ituri\""}}]',7,1,'2023-06-24 17:00:37.772987');
INSERT INTO "django_admin_log" VALUES(720,'17','"Toxic waste in Repparfjord?" by GfbV',2,'[{"changed": {"fields": ["Todo"]}}]',7,1,'2023-06-30 09:07:41.056266');
INSERT INTO "django_admin_log" VALUES(721,'19','"The Andina copper mine in Chile" by Germanwatch',2,'[{"changed": {"fields": ["Todo"]}}]',7,1,'2023-06-30 09:08:04.856074');
INSERT INTO "django_admin_log" VALUES(722,'26','Battery Resources (Resource)',3,'',16,1,'2023-06-30 10:03:02.826179');
INSERT INTO "django_admin_log" VALUES(723,'89','* / * / * / Abuses by Security Forces, Access to Water, Accidents, Attacks on Rights... / Extraction',2,'[{"changed": {"fields": ["Impacts"]}}]',15,1,'2023-06-30 16:17:23.474438');
INSERT INTO "django_admin_log" VALUES(724,'89','* / * / * / Abuses by Security Forces, Access to Water, Accidents, Attacks on Rights... / Extraction',2,'[{"changed": {"fields": ["Impacts"]}}]',15,1,'2023-06-30 16:17:33.350995');
INSERT INTO "django_admin_log" VALUES(725,'28','"Learnings from the new Bugarama mining company’s progressive journey" by Fairphone, Specialty Metals Resources, Wolfram',2,'[{"changed": {"fields": ["File"]}}]',7,1,'2023-06-30 19:00:05.214982');
INSERT INTO "django_admin_log" VALUES(726,'28','"Learnings from the new Bugarama mining company’s progressive journey" by Fairphone, Specialty Metals Resources, Wolfram',2,'[{"changed": {"fields": ["Release date", "File"]}}]',7,1,'2023-06-30 19:01:03.882505');
INSERT INTO "django_admin_log" VALUES(727,'49','"Recycling von Kupferwerkstoffen" by Deutsches Kupferinstitut',2,'[{"changed": {"fields": ["Source", "File"]}}]',7,1,'2023-06-30 19:03:03.624518');
INSERT INTO "django_admin_log" VALUES(728,'49','"Recycling von Kupferwerkstoffen" by Deutsches Kupferinstitut',2,'[{"changed": {"fields": ["Release date", "File"]}}]',7,1,'2023-06-30 19:03:52.244430');
INSERT INTO "django_admin_log" VALUES(729,'46','"Harmful Impacts of Mining" by RMF, RMI',2,'[{"changed": {"fields": ["File"]}}]',7,1,'2023-06-30 19:05:42.486442');
INSERT INTO "django_admin_log" VALUES(730,'46','"Harmful Impacts of Mining" by RMF, RMI',2,'[{"changed": {"fields": ["File"]}}]',7,1,'2023-06-30 19:05:56.810741');
INSERT INTO "django_admin_log" VALUES(731,'9','Tungsten Ore (Resource)',2,'[{"changed": {"fields": ["Parent"]}}]',16,1,'2023-06-30 19:43:01.940928');
INSERT INTO "django_admin_log" VALUES(732,'7','Tin Ore (Resource)',2,'[{"changed": {"fields": ["Parent"]}}]',16,1,'2023-06-30 19:43:10.074042');
INSERT INTO "django_admin_log" VALUES(733,'8','Tantalum Ore (Resource)',2,'[{"changed": {"fields": ["Name", "Alternative names", "Parent"]}}]',16,1,'2023-06-30 19:43:43.291302');
INSERT INTO "django_admin_log" VALUES(734,'6','Gold (Resource)',2,'[{"changed": {"fields": ["Parent"]}}]',16,1,'2023-06-30 19:43:51.786273');
INSERT INTO "django_admin_log" VALUES(735,'11','3TG (Resource)',3,'',16,1,'2023-06-30 19:44:01.741463');
INSERT INTO "django_admin_log" VALUES(736,'12','Metal Ore and Native Mineral (Resource)',2,'[{"changed": {"fields": ["Name"]}}]',16,1,'2023-06-30 19:52:34.177080');
INSERT INTO "django_admin_log" VALUES(737,'12','Metal Ore or Native Mineral (Resource)',2,'[{"changed": {"fields": ["Name"]}}]',16,1,'2023-06-30 19:52:49.551169');
INSERT INTO "django_admin_log" VALUES(738,'37','Metal (Material)',1,'[{"added": {}}]',16,1,'2023-06-30 19:53:21.665387');
INSERT INTO "django_admin_log" VALUES(739,'17','Platinum Group Metals (Material)',2,'[{"changed": {"fields": ["Parent"]}}]',16,1,'2023-06-30 19:53:32.713721');
INSERT INTO "django_admin_log" VALUES(740,'37','Metals (Material)',2,'[{"changed": {"fields": ["Name"]}}]',16,1,'2023-06-30 19:53:38.544520');
INSERT INTO "django_admin_log" VALUES(741,'27','Cobalt (Material)',2,'[{"changed": {"fields": ["Parent"]}}]',16,1,'2023-06-30 19:54:04.964342');
INSERT INTO "django_admin_log" VALUES(742,'37','Metal (Material)',2,'[{"changed": {"fields": ["Name"]}}]',16,1,'2023-06-30 19:54:10.634449');
INSERT INTO "django_admin_log" VALUES(743,'17','Platinum Group Metal (Material)',2,'[{"changed": {"fields": ["Name"]}}]',16,1,'2023-06-30 19:54:16.969288');
INSERT INTO "django_admin_log" VALUES(744,'28','Cobalt Ore (Resource)',2,'[{"changed": {"fields": ["Parent"]}}]',16,1,'2023-06-30 19:54:29.714943');
INSERT INTO "django_admin_log" VALUES(745,'36','Bauxite (Resource)',2,'[{"changed": {"fields": ["Parent"]}}]',16,1,'2023-06-30 19:54:40.658991');
INSERT INTO "django_admin_log" VALUES(746,'1','Copper (Material)',2,'[{"changed": {"fields": ["Parent"]}}]',16,1,'2023-06-30 19:54:48.976848');
INSERT INTO "django_admin_log" VALUES(747,'38','Precious Metal (Material)',1,'[{"added": {}}]',16,1,'2023-06-30 19:55:55.112601');
INSERT INTO "django_admin_log" VALUES(748,'24','Gold (Material)',2,'[{"changed": {"fields": ["Parent"]}}]',16,1,'2023-06-30 19:56:03.187678');
INSERT INTO "django_admin_log" VALUES(749,'13','Iron (pig) (Material)',2,'[{"changed": {"fields": ["Parent"]}}]',16,1,'2023-06-30 20:02:50.225478');
INSERT INTO "django_admin_log" VALUES(750,'3','Tin (Material)',2,'[{"changed": {"fields": ["Parent"]}}]',16,1,'2023-06-30 20:03:09.327034');
INSERT INTO "django_admin_log" VALUES(751,'47','"Kinderrechte in der Kobaltlieferkette" by STC, The Centre for Child Rights and Business',2,'[{"changed": {"fields": ["Source", "Todo"]}}]',7,1,'2023-07-02 14:55:40.196435');
INSERT INTO "django_admin_log" VALUES(752,'45','"The Road to Ruin?" by CAJJ, RAID',2,'[{"changed": {"fields": ["Todo"]}}]',7,1,'2023-07-02 14:59:08.163977');
INSERT INTO "django_admin_log" VALUES(753,'13','"Die Spur des Goldes in Surinam" by Independent',2,'[{"deleted": {"name": "Evidence", "object": "Copper Ore (Resource) / Los Pelambres (Mine in Chile) / * / * / * in \"Die Spur des Goldes in Surinam\""}}]',7,1,'2023-07-02 15:15:04.865252');
INSERT INTO "django_admin_log" VALUES(754,'39','3TG (Resource)',1,'[{"added": {}}]',16,1,'2023-07-03 19:32:28.649917');
INSERT INTO "django_admin_log" VALUES(755,'40','3T (Resource)',1,'[{"added": {}}]',16,1,'2023-07-03 20:01:46.295792');
INSERT INTO "django_admin_log" VALUES(756,'39','3TG (Resource)',2,'[{"changed": {"fields": ["Members"]}}]',16,1,'2023-07-03 20:01:56.738449');
INSERT INTO "django_admin_log" VALUES(757,'1','Resource',1,'[{"added": {}}]',NULL,1,'2023-07-03 20:47:15.243008');
INSERT INTO "django_admin_log" VALUES(758,'2','Material',1,'[{"added": {}}]',NULL,1,'2023-07-03 20:47:20.683841');
INSERT INTO "django_admin_log" VALUES(759,'3','Semi',1,'[{"added": {}}]',NULL,1,'2023-07-03 20:47:30.217697');
INSERT INTO "django_admin_log" VALUES(760,'4','Part',1,'[{"added": {}}]',NULL,1,'2023-07-03 20:47:43.533494');
INSERT INTO "django_admin_log" VALUES(761,'5','Device',1,'[{"added": {}}]',NULL,1,'2023-07-03 20:47:48.242221');
INSERT INTO "django_admin_log" VALUES(762,'6','Country',1,'[{"added": {}}]',NULL,1,'2023-07-03 20:49:47.088603');
INSERT INTO "django_admin_log" VALUES(763,'40','3T (Resource)',2,'[]',16,1,'2023-07-03 21:13:20.536640');
INSERT INTO "django_admin_log" VALUES(764,'17','Platinum Group Metal (Material)',2,'[{"changed": {"fields": ["Members"]}}]',16,1,'2023-07-03 21:19:21.496129');
INSERT INTO "django_admin_log" VALUES(765,'19','3TG (Resource) / Eastern DRC (Region) / * / Militarisation / *',2,'[{"changed": {"fields": ["Products"]}}]',15,1,'2023-07-05 12:13:37.790621');
INSERT INTO "django_admin_log" VALUES(766,'10','"Faced with a gun, what can you do?" by global witness',2,'[]',7,1,'2023-07-05 12:13:40.760977');
INSERT INTO "django_admin_log" VALUES(767,'106','3TG (Resource) / * / Company (general) / * / Conflict Minerals Report (Dodd-Frank Act)',2,'[{"changed": {"fields": ["Products"]}}]',15,1,'2023-07-05 12:14:31.734143');
INSERT INTO "django_admin_log" VALUES(768,'58','"Digging for Transparency" by Amnesty,global witness',2,'[]',7,1,'2023-07-05 12:14:33.375606');
INSERT INTO "django_admin_log" VALUES(769,'111','3TG (Resource) / Ituri (Region) / * / Conflict Financing / *',2,'[{"changed": {"fields": ["Products"]}}]',15,1,'2023-07-05 12:15:29.528672');
INSERT INTO "django_admin_log" VALUES(770,'112','3TG (Resource) / South Kivu (Region) / * / Conflict Financing / *',2,'[{"changed": {"fields": ["Products"]}}]',15,1,'2023-07-05 12:15:40.688008');
INSERT INTO "django_admin_log" VALUES(771,'63','"Conflict analysis and stakeholder mapping in South Kivu and Ituri" by EurAc,International Alert,IPIS,OGP',2,'[]',7,1,'2023-07-05 12:15:42.309245');
INSERT INTO "django_admin_log" VALUES(772,'S9DAgV0c.pbkdf2_sha256$600000$SXLng0R9EKne8GwaaduIlX$Vvq+ifjlGFeMecGOKZJvyBJKogx3UanZZ+ydUYPpoek=','1234',1,'[{"added": {}}]',25,1,'2023-07-05 15:33:42.988302');
INSERT INTO "django_admin_log" VALUES(773,'6','Gold (Resource)',2,'[{"added": {"name": "from_product-to_product relationship", "object": "Product_members object (13)"}}]',16,1,'2023-07-07 16:36:45.562348');
INSERT INTO "django_admin_log" VALUES(774,'12','Metal Ore or Native Mineral (Resource)',2,'[{"changed": {"fields": ["Members"]}}]',16,1,'2023-07-07 16:36:54.014966');
INSERT INTO "django_admin_log" VALUES(775,'104','ASW',1,'[{"added": {}}]',8,1,'2023-07-08 08:19:26.471782');
INSERT INTO "django_admin_log" VALUES(776,'64','"Geschlechtergerechtigkeit in globalen Lieferketten" by ASW',1,'[{"added": {}}]',7,1,'2023-07-08 08:50:47.147970');
INSERT INTO "django_admin_log" VALUES(777,'105','CorA',1,'[{"added": {}}]',8,1,'2023-07-08 08:53:01.142046');
INSERT INTO "django_admin_log" VALUES(778,'106','FEMNET',1,'[{"added": {}}]',8,1,'2023-07-08 08:57:15.369922');
INSERT INTO "django_admin_log" VALUES(779,'107','FIAN',1,'[{"added": {}}]',8,1,'2023-07-08 08:57:55.406316');
INSERT INTO "django_admin_log" VALUES(780,'108','Global Policy Forum Europe e.V.',1,'[{"added": {}}]',8,1,'2023-07-08 09:04:45.957563');
INSERT INTO "django_admin_log" VALUES(781,'109','Marie-Schlei-Verein',1,'[{"added": {}}]',8,1,'2023-07-08 09:06:41.709288');
INSERT INTO "django_admin_log" VALUES(782,'110','materra',1,'[{"added": {}}]',8,1,'2023-07-08 09:07:46.788380');
INSERT INTO "django_admin_log" VALUES(783,'111','Plan',1,'[{"added": {}}]',8,1,'2023-07-08 09:08:26.079356');
INSERT INTO "django_admin_log" VALUES(784,'112','Terre des Femmes',1,'[{"added": {}}]',8,1,'2023-07-08 09:09:16.443151');
INSERT INTO "django_admin_log" VALUES(785,'113','TransFair',1,'[{"added": {}}]',8,1,'2023-07-08 09:14:19.757315');
INSERT INTO "django_admin_log" VALUES(786,'114','WECF',1,'[{"added": {}}]',8,1,'2023-07-08 09:14:52.157534');
INSERT INTO "django_admin_log" VALUES(787,'64','"Geschlechtergerechtigkeit in globalen Lieferketten" by ASW,Brot für die Welt,CorA,Marie-Schlei-Verein,FEMNET,FIAN,Global Policy Forum Europe e.V.,Plan,Terre des Femmes,TransFair,WECF,materra',2,'[{"changed": {"fields": ["Association"]}}]',7,1,'2023-07-08 09:14:55.112491');
INSERT INTO "django_admin_log" VALUES(788,'36','Women''s Rights',1,'[{"added": {}}]',18,1,'2023-07-08 09:18:18.226947');
INSERT INTO "django_admin_log" VALUES(789,'113','* / * / * / Women''s Rights / *',1,'[{"added": {}}]',15,1,'2023-07-08 09:18:29.413780');
INSERT INTO "django_admin_log" VALUES(790,'113','* / * / * / Women''s Rights / Due Diligence',2,'[{"changed": {"fields": ["Activities"]}}]',15,1,'2023-07-08 09:19:36.049208');
INSERT INTO "django_admin_log" VALUES(791,'114','Resource (Resource) / * / * / Women''s Rights / Extraction',1,'[{"added": {}}]',15,1,'2023-07-08 09:20:10.751028');
INSERT INTO "django_admin_log" VALUES(792,'64','"Geschlechtergerechtigkeit in globalen Lieferketten" by ASW,Brot für die Welt,CorA,Marie-Schlei-Verein,FEMNET,FIAN,Global Policy Forum Europe e.V.,Plan,Terre des Femmes,TransFair,WECF,materra',2,'[{"added": {"name": "Evidence", "object": "* / * / * / Women''s Rights / Due Diligence in \"Geschlechtergerechtigkeit in globalen Lieferketten\""}}, {"added": {"name": "Evidence", "object": "Resource (Resource) / * / * / Women''s Rights / Extraction in \"Geschlechtergerechtigkeit in globalen Lieferketten\""}}]',7,1,'2023-07-08 09:20:13.928978');
INSERT INTO "django_admin_log" VALUES(793,'64','"Geschlechtergerechtigkeit in globalen Lieferketten" by ASW,Brot für die Welt,CorA,Marie-Schlei-Verein,FEMNET,FIAN,Global Policy Forum Europe e.V.,Plan,Terre des Femmes,TransFair,WECF,materra',2,'[{"changed": {"fields": ["Source", "File"]}}]',7,1,'2023-07-08 09:21:48.549239');
INSERT INTO "django_admin_log" VALUES(794,'115','INKOTA',1,'[{"added": {}}]',8,1,'2023-07-08 09:23:40.148452');
INSERT INTO "django_admin_log" VALUES(795,'115','* / * / * / Women''s Rights / Extraction',1,'[{"added": {}}]',15,1,'2023-07-08 09:26:24.715397');
INSERT INTO "django_admin_log" VALUES(796,'65','"Frauenrechte Im Bergbau" by INKOTA',1,'[{"added": {}}, {"added": {"name": "Evidence", "object": "* / * / * / Women''s Rights / Extraction in \"Frauenrechte Im Bergbau\""}}]',7,1,'2023-07-08 09:26:42.727244');
INSERT INTO "django_admin_log" VALUES(797,'116','Verité',1,'[{"added": {}}]',8,1,'2023-07-08 09:31:22.303438');
INSERT INTO "django_admin_log" VALUES(798,'19','Manufacturing',1,'[{"added": {}}]',19,1,'2023-07-08 09:33:17.147977');
INSERT INTO "django_admin_log" VALUES(799,'41','Electronics and Electrical Products (Device)',1,'[{"added": {}}]',16,1,'2023-07-08 09:33:54.838766');
INSERT INTO "django_admin_log" VALUES(800,'116','Electronics and Electrical Products (Device) / * / * / Human Trafficking / Manufacturing',1,'[{"added": {}}]',15,1,'2023-07-08 09:34:30.912162');
INSERT INTO "django_admin_log" VALUES(801,'117','Resource (Resource) / * / * / Human Trafficking / Extraction',1,'[{"added": {}}]',15,1,'2023-07-08 09:35:10.091467');
INSERT INTO "django_admin_log" VALUES(802,'118','3T (Resource) / * / * / Human Trafficking / Extraction',1,'[{"added": {}}]',15,1,'2023-07-08 09:35:46.940892');
INSERT INTO "django_admin_log" VALUES(803,'119','Copper Ore (Resource) / * / * / Human Trafficking / Extraction',1,'[{"added": {}}]',15,1,'2023-07-08 09:36:12.983658');
INSERT INTO "django_admin_log" VALUES(804,'120','Gold (Resource) / * / * / Human Trafficking / Extraction',1,'[{"added": {}}]',15,1,'2023-07-08 09:37:02.989862');
INSERT INTO "django_admin_log" VALUES(805,'42','Zinc (Resource)',1,'[{"added": {}}]',16,1,'2023-07-08 09:37:34.215866');
INSERT INTO "django_admin_log" VALUES(806,'121','Zinc (Resource) / * / * / Human Trafficking / Extraction',1,'[{"added": {}}]',15,1,'2023-07-08 09:37:43.060080');
INSERT INTO "django_admin_log" VALUES(807,'66','"Strengthening Protections Against Trafficking in Persons in Federal and Corporate Supply Chains" by Verité',1,'[{"added": {}}, {"added": {"name": "Evidence", "object": "Electronics and Electrical Products (Device) / * / * / Human Trafficking / Manufacturing in \"Strengthening Protections Against Trafficking in Persons in Federal and Corporate Supply Chains\""}}, {"added": {"name": "Evidence", "object": "Resource (Resource) / * / * / Human Trafficking / Extraction in \"Strengthening Protections Against Trafficking in Persons in Federal and Corporate Supply Chains\""}}, {"added": {"name": "Evidence", "object": "3T (Resource) / * / * / Human Trafficking / Extraction in \"Strengthening Protections Against Trafficking in Persons in Federal and Corporate Supply Chains\""}}, {"added": {"name": "Evidence", "object": "Copper Ore (Resource) / * / * / Human Trafficking / Extraction in \"Strengthening Protections Against Trafficking in Persons in Federal and Corporate Supply Chains\""}}, {"added": {"name": "Evidence", "object": "Gold (Resource) / * / * / Human Trafficking / Extraction in \"Strengthening Protections Against Trafficking in Persons in Federal and Corporate Supply Chains\""}}, {"added": {"name": "Evidence", "object": "Zinc (Resource) / * / * / Human Trafficking / Extraction in \"Strengthening Protections Against Trafficking in Persons in Federal and Corporate Supply Chains\""}}]',7,1,'2023-07-08 09:38:00.859914');
INSERT INTO "django_admin_log" VALUES(808,'117','UNEP',1,'[{"added": {}}]',8,1,'2023-07-08 11:07:30.261184');
INSERT INTO "django_admin_log" VALUES(809,'118','OHCHR',1,'[{"added": {}}]',8,1,'2023-07-08 11:09:32.803425');
INSERT INTO "django_admin_log" VALUES(810,'37','Hazardous Substances',1,'[{"added": {}}]',18,1,'2023-07-08 11:16:00.440646');
INSERT INTO "django_admin_log" VALUES(811,'122','* / * / * / Hazardous Substances / *',1,'[{"added": {}}]',15,1,'2023-07-08 11:17:45.137926');
INSERT INTO "django_admin_log" VALUES(812,'67','"Human Rights and Hazardous Substances" by UNEP,OHCHR',1,'[{"added": {}}, {"added": {"name": "Evidence", "object": "* / * / * / Hazardous Substances / * in \"Human Rights and Hazardous Substances\""}}]',7,1,'2023-07-08 11:17:51.099065');
INSERT INTO "django_admin_log" VALUES(813,'67','"Human Rights and Hazardous Substances" by UNEP,OHCHR',2,'[{"changed": {"fields": ["File"]}}, {"changed": {"name": "Evidence", "object": "* / * / * / Hazardous Substances / * in \"Human Rights and Hazardous Substances\"", "fields": ["Relevance"]}}]',7,1,'2023-07-08 11:20:02.358455');
INSERT INTO "django_admin_log" VALUES(814,'43','ICT (Device)',1,'[{"added": {}}]',16,1,'2023-07-08 11:29:34.169138');
INSERT INTO "django_admin_log" VALUES(815,'123','ICT (Device) / * / Company (general) / Forced Labour / *',1,'[{"added": {}}]',15,1,'2023-07-08 11:30:58.936748');
INSERT INTO "django_admin_log" VALUES(816,'68','"Forced Labour Risks, Remedy and Changing Regulation" by BHRRC,KnowTheChain',1,'[{"added": {}}, {"added": {"name": "Evidence", "object": "ICT (Device) / * / Company (general) / Forced Labour / * in \"Forced Labour Risks, Remedy and Changing Regulation\""}}]',7,1,'2023-07-08 11:31:03.007517');
INSERT INTO "django_admin_log" VALUES(817,'124','* / China (Country) / * / Forced Labour / *',1,'[{"added": {}}]',15,1,'2023-07-08 11:41:14.183421');
INSERT INTO "django_admin_log" VALUES(818,'119','Adda',1,'[{"added": {}}]',8,1,'2023-07-08 11:42:06.038643');
INSERT INTO "django_admin_log" VALUES(819,'120','Swedish Regions',1,'[{"added": {}}]',8,1,'2023-07-08 11:43:04.207576');
INSERT INTO "django_admin_log" VALUES(820,'27','Religeous',1,'[{"added": {}}]',9,1,'2023-07-08 11:43:30.166052');
INSERT INTO "django_admin_log" VALUES(821,'121','Church of Sweden',1,'[{"added": {}}]',8,1,'2023-07-08 11:43:32.125961');
INSERT INTO "django_admin_log" VALUES(822,'69','"State Imposed Forced Labor in China" by Adda,Church of Sweden,Swedish Regions',1,'[{"added": {}}, {"added": {"name": "Evidence", "object": "* / China (Country) / * / Forced Labour / * in \"State Imposed Forced Labor in China\""}}]',7,1,'2023-07-08 11:43:58.453239');
INSERT INTO "django_admin_log" VALUES(823,'122','EU',1,'[{"added": {}}]',8,1,'2023-07-08 13:29:07.437931');
INSERT INTO "django_admin_log" VALUES(824,'12','State Union',1,'[{"added": {}}]',12,1,'2023-07-08 13:31:01.341733');
INSERT INTO "django_admin_log" VALUES(825,'49','EU (State Union)',1,'[{"added": {}}]',10,1,'2023-07-08 13:31:03.294298');
INSERT INTO "django_admin_log" VALUES(826,'125','* / EU (State Union) / Company (general) / Forced Labour / Due Diligence',1,'[{"added": {}}]',15,1,'2023-07-08 13:31:48.859472');
INSERT INTO "django_admin_log" VALUES(827,'70','"Guidance On Due Diligence for Eu Businesses To Address The Risk Of Forced Labour in Their Operations and Supply Chains" by EU',1,'[{"added": {}}, {"added": {"name": "Evidence", "object": "* / EU (State Union) / Company (general) / Forced Labour / Due Diligence in \"Guidance On Due Diligence for Eu Businesses To Address The Risk Of Forced Labour in Their Operations and Supply Chains\""}}]',7,1,'2023-07-08 13:31:56.471718');
INSERT INTO "django_admin_log" VALUES(828,'70','"Guidance on Due Diligence for EU Businesses to Address the Risk of Forced Labour in Their Operations and Supply Chains" by EU',2,'[{"changed": {"fields": ["Title"]}}]',7,1,'2023-07-08 13:36:29.480861');
INSERT INTO "django_admin_log" VALUES(829,'123','ASPI',1,'[{"added": {}}]',8,1,'2023-07-08 13:39:07.487442');
INSERT INTO "django_admin_log" VALUES(830,'50','Xinjiang (Province)',1,'[{"added": {}}, {"added": {"name": "from_location-to_location relationship", "object": "Location_members object (24)"}}]',10,1,'2023-07-08 13:43:20.264456');
INSERT INTO "django_admin_log" VALUES(831,'126','* / Xinjiang (Province) / Chinese Government / Discrimination, Forced Labour / *',1,'[{"added": {}}]',15,1,'2023-07-08 13:45:13.624797');
INSERT INTO "django_admin_log" VALUES(832,'124','Apple',1,'[{"added": {}}]',8,1,'2023-07-08 13:47:29.407624');
INSERT INTO "django_admin_log" VALUES(833,'127','* / Xinjiang (Province) / Apple / Forced Labour / *',1,'[{"added": {}}]',15,1,'2023-07-08 13:49:43.727511');
INSERT INTO "django_admin_log" VALUES(834,'71','"Uyghurs for sale" by ASPI',1,'[{"added": {}}, {"added": {"name": "Evidence", "object": "* / Xinjiang (Province) / Chinese Government / Discrimination, Forced Labour / * in \"Uyghurs for sale\""}}, {"added": {"name": "Evidence", "object": "* / Xinjiang (Province) / Apple / Forced Labour / * in \"Uyghurs for sale\""}}]',7,1,'2023-07-08 13:51:25.584450');
INSERT INTO "django_admin_log" VALUES(835,'70','"Guidance on Due Diligence for EU Businesses to Address the Risk of Forced Labour in Their Operations and Supply Chains" by EU',2,'[]',7,1,'2023-07-08 14:06:28.465407');
INSERT INTO "django_admin_log" VALUES(836,'125','ILO',1,'[{"added": {}}]',8,1,'2023-07-08 14:09:46.760801');
INSERT INTO "django_admin_log" VALUES(837,'126','Walk Free',1,'[{"added": {}}]',8,1,'2023-07-08 14:10:37.975265');
INSERT INTO "django_admin_log" VALUES(838,'127','IOM',1,'[{"added": {}}]',8,1,'2023-07-08 14:11:11.394973');
INSERT INTO "django_admin_log" VALUES(839,'38','Modern Slavery',1,'[{"added": {}}]',18,1,'2023-07-08 14:16:14.341285');
INSERT INTO "django_admin_log" VALUES(840,'128','* / * / * / Forced Labour, Modern Slavery / *',1,'[{"added": {}}]',15,1,'2023-07-08 14:17:22.483840');
INSERT INTO "django_admin_log" VALUES(841,'72','"Global Estimates of Modern Slavery Forced Labour and Forced Marriage" by ILO,IOM,Walk Free',1,'[{"added": {}}, {"added": {"name": "Evidence", "object": "* / * / * / Forced Labour, Modern Slavery / * in \"Global Estimates of Modern Slavery Forced Labour and Forced Marriage\""}}]',7,1,'2023-07-08 14:19:15.115619');
INSERT INTO "django_admin_log" VALUES(842,'20','Data Collection',1,'[{"added": {}}]',19,1,'2023-07-08 14:29:57.480322');
INSERT INTO "django_admin_log" VALUES(843,'128','* / * / * / Forced Labour, Modern Slavery / Data Collection',2,'[{"changed": {"fields": ["Activities"]}}]',15,1,'2023-07-08 14:29:58.774073');
INSERT INTO "django_admin_log" VALUES(844,'72','"Global Estimates of Modern Slavery Forced Labour and Forced Marriage" by ILO,IOM,Walk Free',2,'[]',7,1,'2023-07-08 14:30:02.697015');
INSERT INTO "django_admin_log" VALUES(845,'128','HSfW',1,'[{"added": {}}]',8,1,'2023-07-08 14:42:28.141533');
INSERT INTO "django_admin_log" VALUES(846,'129','UNU',1,'[{"added": {}}]',8,1,'2023-07-08 14:43:16.081877');
INSERT INTO "django_admin_log" VALUES(847,'130','step',1,'[{"added": {}}]',8,1,'2023-07-08 14:44:30.450199');
INSERT INTO "django_admin_log" VALUES(848,'6','Waste',1,'[{"added": {}}]',14,1,'2023-07-08 14:47:07.354197');
INSERT INTO "django_admin_log" VALUES(849,'44','Waste (Waste)',1,'[{"added": {}}]',16,1,'2023-07-08 14:47:36.681411');
INSERT INTO "django_admin_log" VALUES(850,'45','E-waste (Waste)',1,'[{"added": {}}, {"added": {"name": "from_product-to_product relationship", "object": "Product_members object (14)"}}]',16,1,'2023-07-08 14:47:39.058020');
INSERT INTO "django_admin_log" VALUES(851,'129','E-waste (Waste) / * / * / * / Tracing',1,'[{"added": {}}]',15,1,'2023-07-08 14:49:37.296430');
INSERT INTO "django_admin_log" VALUES(852,'73','"Value-added Chains of Electronic Waste" by HSfW,UNU,step',1,'[{"added": {}}, {"added": {"name": "Evidence", "object": "E-waste (Waste) / * / * / * / Tracing in \"Value-added Chains of Electronic Waste\""}}]',7,1,'2023-07-08 14:51:05.827624');
INSERT INTO "django_admin_log" VALUES(853,'21','Futures Studies',1,'[{"added": {}}]',19,1,'2023-07-08 15:02:53.793308');
INSERT INTO "django_admin_log" VALUES(854,'130','E-waste (Waste) / * / * / * / Futures Studies',1,'[{"added": {}}]',15,1,'2023-07-08 15:02:58.785084');
INSERT INTO "django_admin_log" VALUES(855,'74','"Future E-waste Scenarios" by UNEP,UNU,step',1,'[{"added": {}}, {"added": {"name": "Evidence", "object": "E-waste (Waste) / * / * / * / Futures Studies in \"Future E-waste Scenarios\""}}]',7,1,'2023-07-08 15:05:21.735121');
INSERT INTO "django_admin_log" VALUES(856,'131','UNITAR',1,'[{"added": {}}]',8,1,'2023-07-08 15:14:04.517279');
INSERT INTO "django_admin_log" VALUES(857,'132','ISWA',1,'[{"added": {}}]',8,1,'2023-07-08 15:15:01.142325');
INSERT INTO "django_admin_log" VALUES(858,'28','Union',1,'[{"added": {}}]',9,1,'2023-07-08 15:15:55.397936');
INSERT INTO "django_admin_log" VALUES(859,'133','International Telecommunication Union',1,'[{"added": {}}]',8,1,'2023-07-08 15:15:58.416364');
INSERT INTO "django_admin_log" VALUES(860,'51','World (Region)',1,'[{"added": {}}]',10,1,'2023-07-08 15:19:19.314892');
INSERT INTO "django_admin_log" VALUES(861,'131','E-waste (Waste) / World (Region) / * / * / Data Collection',1,'[{"added": {}}]',15,1,'2023-07-08 15:19:21.645512');
INSERT INTO "django_admin_log" VALUES(862,'75','"The Global E-waste Monitor 2020" by ISWA,International Telecommunication Union,UNITAR,UNU',1,'[{"added": {}}, {"added": {"name": "Evidence", "object": "E-waste (Waste) / World (Region) / * / * / Data Collection in \"The Global E-waste Monitor 2020\""}}]',7,1,'2023-07-08 15:19:24.745267');
INSERT INTO "django_admin_log" VALUES(863,'7','Module',1,'[{"added": {}}]',14,1,'2023-07-08 15:37:32.301851');
INSERT INTO "django_admin_log" VALUES(864,'46','Printer Cartridge (Module)',1,'[{"added": {}}]',16,1,'2023-07-08 15:37:42.839729');
INSERT INTO "django_admin_log" VALUES(865,'134','Zhuhai National Resources & Jingjie Printing Technology Co., Ltd',1,'[{"added": {}}]',8,1,'2023-07-08 15:39:31.023572');
INSERT INTO "django_admin_log" VALUES(866,'135','Zhuhai Maetone Infotech Co., Ltd',1,'[{"added": {}}]',8,1,'2023-07-08 15:40:07.354659');
INSERT INTO "django_admin_log" VALUES(867,'132','Printer Cartridge (Module) / * / Zhuhai Maetone Infotech Co., Ltd, Zhuhai National Resources & Jingjie... / Worker Rights / Manufacturing',1,'[{"added": {}}]',15,1,'2023-07-08 15:42:27.620912');
INSERT INTO "django_admin_log" VALUES(868,'76','"Abuse in the Printing Supply Chain" by ',1,'[{"added": {}}, {"added": {"name": "Evidence", "object": "Printer Cartridge (Module) / * / Zhuhai Maetone Infotech Co., Ltd, Zhuhai National Resources & Jingjie... / Worker Rights / Manufacturing in \"Abuse in the Printing Supply Chain\""}}]',7,1,'2023-07-08 15:42:55.199564');
INSERT INTO "django_admin_log" VALUES(869,'136','SwedWatch',1,'[{"added": {}}]',8,1,'2023-07-08 15:46:46.582252');
INSERT INTO "django_admin_log" VALUES(870,'133','ICT (Device) / Philippines (Country) / * / Hazardous Substances, Women''s Rights / Manufacturing',1,'[{"added": {}}]',15,1,'2023-07-08 15:50:58.788585');
INSERT INTO "django_admin_log" VALUES(871,'77','"Hazardous chemicals in ICT-manufacturing and the impacts on female workers in the Philippines" by SwedWatch',1,'[{"added": {}}, {"added": {"name": "Evidence", "object": "ICT (Device) / Philippines (Country) / * / Hazardous Substances, Women''s Rights / Manufacturing in \"Hazardous chemicals in ICT-manufacturing and the impacts on female workers in the Philippines\""}}]',7,1,'2023-07-08 15:51:13.222212');
INSERT INTO "django_admin_log" VALUES(872,'137','SOMO',1,'[{"added": {}}]',8,1,'2023-07-09 09:55:20.757824');
INSERT INTO "django_admin_log" VALUES(873,'52','Vietnam (Country)',1,'[{"added": {}}]',10,1,'2023-07-09 09:57:19.893769');
INSERT INTO "django_admin_log" VALUES(874,'138','Olympus',1,'[{"added": {}}]',8,1,'2023-07-09 10:04:04.509951');
INSERT INTO "django_admin_log" VALUES(875,'139','Olympus Vietnam Co. Ltd',1,'[{"added": {}}, {"added": {"name": "from_actor-to_actor relationship", "object": "Actor_members object (10)"}}]',8,1,'2023-07-09 10:04:45.657577');
INSERT INTO "django_admin_log" VALUES(876,'3','Manufacturer',2,'[{"changed": {"fields": ["Name", "Description"]}}]',9,1,'2023-07-09 10:05:21.684298');
INSERT INTO "django_admin_log" VALUES(877,'29','Factory',1,'[{"added": {}}]',9,1,'2023-07-09 10:13:30.068410');
INSERT INTO "django_admin_log" VALUES(878,'140','Sanyo',1,'[{"added": {}}]',8,1,'2023-07-09 10:13:58.960247');
INSERT INTO "django_admin_log" VALUES(879,'141','Sanyo DI Solutions Co. Ltd.',1,'[{"added": {}}, {"added": {"name": "from_actor-to_actor relationship", "object": "Actor_members object (11)"}}]',8,1,'2023-07-09 10:14:01.329771');
INSERT INTO "django_admin_log" VALUES(880,'142','Pentax',1,'[{"added": {}}]',8,1,'2023-07-09 10:14:52.091832');
INSERT INTO "django_admin_log" VALUES(881,'143','Pentax Vietnam',1,'[{"added": {}}, {"added": {"name": "from_actor-to_actor relationship", "object": "Actor_members object (12)"}}]',8,1,'2023-07-09 10:14:53.968288');
INSERT INTO "django_admin_log" VALUES(882,'134','Electronics and Electrical Products (Device) / Vietnam (Country) / Olympus Vietnam Co. Ltd, Pentax Vietnam, Sanyo DI Solutions Co. Ltd. / Discrimination, Hazardous Substances, Worker Rights / *',1,'[{"added": {}}]',15,1,'2023-07-09 10:15:33.511977');
INSERT INTO "django_admin_log" VALUES(883,'78','"Out of Focus" by SOMO,SwedWatch',1,'[{"added": {}}, {"added": {"name": "Evidence", "object": "Electronics and Electrical Products (Device) / Vietnam (Country) / Olympus Vietnam Co. Ltd, Pentax Vietnam, Sanyo DI Solutions Co. Ltd. / Discrimination, Hazardous Substances, Worker Rights / * in \"Out of Focus\""}}]',7,1,'2023-07-09 10:15:57.188830');
INSERT INTO "django_admin_log" VALUES(884,'144','Samsung Electronics',1,'[{"added": {}}]',8,1,'2023-07-09 10:17:56.538106');
INSERT INTO "django_admin_log" VALUES(885,'145','SEV',1,'[{"added": {}}, {"added": {"name": "from_actor-to_actor relationship", "object": "Actor_members object (13)"}}]',8,1,'2023-07-09 10:19:26.022911');
INSERT INTO "django_admin_log" VALUES(886,'146','Nikon',1,'[{"added": {}}]',8,1,'2023-07-09 10:21:17.771287');
INSERT INTO "django_admin_log" VALUES(887,'147','Fujifilm',1,'[{"added": {}}]',8,1,'2023-07-09 10:21:28.959460');
INSERT INTO "django_admin_log" VALUES(888,'148','Canon',1,'[{"added": {}}]',8,1,'2023-07-09 10:21:47.389320');
INSERT INTO "django_admin_log" VALUES(889,'134','Electronics and Electrical Products (Device) / Vietnam (Country) / Canon, Fujifilm, Nikon, Olympus Vietnam Co. Ltd, Pentax Vietnam, SEV, Sanyo... / Discrimination, Hazardous Substances, Worker Rights ',2,'[{"changed": {"fields": ["Actors"]}}]',15,1,'2023-07-09 10:21:49.513226');
INSERT INTO "django_admin_log" VALUES(890,'47','Digital Camera (Device)',1,'[{"added": {}}, {"added": {"name": "from_product-to_product relationship", "object": "Product_members object (15)"}}]',16,1,'2023-07-09 10:22:41.627873');
INSERT INTO "django_admin_log" VALUES(891,'134','Digital Camera (Device) / Vietnam (Country) / Canon, Fujifilm, Nikon, Olympus Vietnam Co. Ltd, Pentax Vietnam, SEV, Sanyo... / Discrimination, Hazardous Substances, Worker Rights / *',2,'[{"changed": {"fields": ["Products"]}}]',15,1,'2023-07-09 10:22:44.155923');
INSERT INTO "django_admin_log" VALUES(892,'78','"Out of Focus" by SOMO,SwedWatch',2,'[]',7,1,'2023-07-09 10:22:45.989333');
INSERT INTO "django_admin_log" VALUES(893,'78','"Out of Focus" by SOMO,SwedWatch',2,'[{"changed": {"fields": ["Todo"]}}]',7,1,'2023-07-09 10:24:40.255042');
INSERT INTO "django_admin_log" VALUES(894,'135','Electronics and Electrical Products (Device) / Vietnam (Country) / * / Worker Rights / Manufacturing',1,'[{"added": {}}]',15,1,'2023-07-09 10:35:51.954603');
INSERT INTO "django_admin_log" VALUES(895,'136','Electronics and Electrical Products (Device) / Vietnam (Country) / * / * / Due Diligence, Trade',1,'[{"added": {}}]',15,1,'2023-07-09 10:36:20.840303');
INSERT INTO "django_admin_log" VALUES(896,'136','Electronics and Electrical Products (Device) / Vietnam (Country) / * / * / Trade',2,'[{"changed": {"fields": ["Activities"]}}]',15,1,'2023-07-09 10:38:00.378284');
INSERT INTO "django_admin_log" VALUES(897,'137','* / Vietnam (Country) / * / * / Due Diligence',1,'[{"added": {}}]',15,1,'2023-07-09 10:38:24.651144');
INSERT INTO "django_admin_log" VALUES(898,'79','"Viet Nam’s electronics supply chain" by ILO',1,'[{"added": {}}, {"added": {"name": "Evidence", "object": "Electronics and Electrical Products (Device) / Vietnam (Country) / * / Worker Rights / Manufacturing in \"Viet Nam\u2019s electronics supply chain\""}}, {"added": {"name": "Evidence", "object": "Electronics and Electrical Products (Device) / Vietnam (Country) / * / * / Trade in \"Viet Nam\u2019s electronics supply chain\""}}, {"added": {"name": "Evidence", "object": "* / Vietnam (Country) / * / * / Due Diligence in \"Viet Nam\u2019s electronics supply chain\""}}]',7,1,'2023-07-09 10:38:27.115464');
INSERT INTO "django_admin_log" VALUES(899,'149','IndustriALL',1,'[{"added": {}}]',8,1,'2023-07-09 10:55:37.758709');
INSERT INTO "django_admin_log" VALUES(900,'150','Rio Tinto',1,'[{"added": {}}]',8,1,'2023-07-09 11:02:18.262680');
INSERT INTO "django_admin_log" VALUES(901,'138','* / * / Rio Tinto / * / Extraction',1,'[{"added": {}}]',15,1,'2023-07-09 11:02:35.123313');
INSERT INTO "django_admin_log" VALUES(902,'80','"Rio Tinto: The way it really works" by IndustriALL',1,'[{"added": {}}, {"added": {"name": "Evidence", "object": "* / * / Rio Tinto / * / Extraction in \"Rio Tinto: The way it really works\""}}]',7,1,'2023-07-09 11:02:42.627430');
INSERT INTO "django_admin_log" VALUES(903,'139','* / * / Glencore / * / *',1,'[{"added": {}}]',15,1,'2023-07-09 11:07:00.305814');
INSERT INTO "django_admin_log" VALUES(904,'81','"Glencore, Below the Surface" by IndustriALL',1,'[{"added": {}}, {"added": {"name": "Evidence", "object": "* / * / Glencore / * / * in \"Glencore, Below the Surface\""}}]',7,1,'2023-07-09 11:07:05.653421');
INSERT INTO "django_admin_log" VALUES(905,'80','"Rio Tinto: The way it really works" by IndustriALL',2,'[{"changed": {"fields": ["File"]}}]',7,1,'2023-07-09 11:07:34.684406');
INSERT INTO "django_admin_log" VALUES(906,'139','* / * / Glencore / * / Extraction',2,'[{"changed": {"fields": ["Activities"]}}]',15,1,'2023-07-09 11:10:29.395911');
INSERT INTO "django_admin_log" VALUES(907,'81','"Glencore, Below the Surface" by IndustriALL',2,'[]',7,1,'2023-07-09 11:10:41.278430');
INSERT INTO "django_admin_log" VALUES(908,'151','MISEREOR',1,'[{"added": {}}]',8,1,'2023-07-09 11:15:56.968768');
INSERT INTO "django_admin_log" VALUES(909,'152','Facing Finance',1,'[{"added": {}}]',8,1,'2023-07-09 11:16:53.565115');
INSERT INTO "django_admin_log" VALUES(910,'53','Colombia (Country)',1,'[{"added": {}}]',10,1,'2023-07-09 11:31:11.161293');
INSERT INTO "django_admin_log" VALUES(911,'140','* / Argentina (Country), Bolivia (Country), Colombia (Country), Democratic... / Glencore / * / Extraction',1,'[{"added": {}}]',15,1,'2023-07-09 11:32:46.682330');
INSERT INTO "django_admin_log" VALUES(912,'82','"Fragwürdige Unternehmenstätigkeiten des Schweizer Bergbauriesen Glencore und die Verantwortung deutscher Banken" by MISEREOR,Facing Finance',1,'[{"added": {}}, {"added": {"name": "Evidence", "object": "* / Argentina (Country), Bolivia (Country), Colombia (Country), Democratic... / Glencore / * / Extraction in \"Fragw\u00fcrdige Unternehmenst\u00e4tigkeiten des Schweizer Bergbauriesen Glencore und die Verantwortung deutscher Banken\""}}]',7,1,'2023-07-09 11:33:35.588880');
INSERT INTO "django_admin_log" VALUES(913,'153','Fairtrade',1,'[{"added": {}}]',8,1,'2023-07-09 11:49:20.522453');
INSERT INTO "django_admin_log" VALUES(914,'154','Fairmined',1,'[{"added": {}}]',8,1,'2023-07-09 11:49:37.965345');
INSERT INTO "django_admin_log" VALUES(915,'141','Gold (Material) / * / Fairmined, Fairtrade / * / *',1,'[{"added": {}}]',15,1,'2023-07-09 11:50:08.260100');
INSERT INTO "django_admin_log" VALUES(916,'83','"Searching for pure gold: The impact of ethical gold sourcing certification programmes in the UK and Switzerland" by ',1,'[{"added": {}}, {"added": {"name": "Evidence", "object": "Gold (Material) / * / Fairmined, Fairtrade / * / * in \"Searching for pure gold: The impact of ethical gold sourcing certification programmes in the UK and Switzerland\""}}]',7,1,'2023-07-09 11:50:20.150784');
INSERT INTO "django_admin_log" VALUES(917,'48','Lithium (Resource)',1,'[{"added": {}}]',16,1,'2023-07-09 11:53:17.504477');
INSERT INTO "django_admin_log" VALUES(918,'142','Lithium (Resource) / Argentina (Country) / * / * / Extraction',1,'[{"added": {}}]',15,1,'2023-07-09 11:53:37.729928');
INSERT INTO "django_admin_log" VALUES(919,'84','"Rohstoffe für Handys und Co.: Lithiumabbau in Argentinien" by Südwind (GER)',1,'[{"added": {}}, {"added": {"name": "Evidence", "object": "Lithium (Resource) / Argentina (Country) / * / * / Extraction in \"Rohstoffe f\u00fcr Handys und Co.: Lithiumabbau in Argentinien\""}}]',7,1,'2023-07-09 11:53:55.655304');
INSERT INTO "django_admin_log" VALUES(920,'84','"Rohstoffe für Handys und Co.: Lithiumabbau in Argentinien" by Südwind (GER)',2,'[{"changed": {"fields": ["File"]}}]',7,1,'2023-07-09 11:54:59.653643');
INSERT INTO "django_admin_log" VALUES(921,'155','WALHI Central Sulawesi',1,'[{"added": {}}]',8,1,'2023-07-09 12:01:08.927184');
INSERT INTO "django_admin_log" VALUES(922,'54','Sulawesi (Area)',1,'[{"added": {}}, {"added": {"name": "from_location-to_location relationship", "object": "Location_members object (25)"}}]',10,1,'2023-07-09 12:02:58.158447');
INSERT INTO "django_admin_log" VALUES(923,'143','Nickel Ore (Resource) / Sulawesi (Area) / * / * / Extraction',1,'[{"added": {}}]',15,1,'2023-07-09 12:04:35.566220');
INSERT INTO "django_admin_log" VALUES(924,'144','Nickel (Material) / Sulawesi (Area) / * / * / Smelting',1,'[{"added": {}}]',15,1,'2023-07-09 12:05:17.391958');
INSERT INTO "django_admin_log" VALUES(925,'85','"Save the Rainforests and the People of Sulawesi: Stop Financing and Investment in Mines, and Nickel Smelters and Their Supporting Coal Power Plants in Indonesia. Electric Vehicles Are a False Solutio',1,'[{"added": {}}, {"added": {"name": "Evidence", "object": "Nickel Ore (Resource) / Sulawesi (Area) / * / * / Extraction in \"Save the Rainforests and the People of Sulawesi: Stop Financing and Investment in Mines, and Nickel Smelters and Their Supporting Coal Power Plants in Indonesia. Electric Vehicles Are a False Solution to Climate Change\""}}, {"added": {"name": "Evidence", "object": "Nickel (Material) / Sulawesi (Area) / * / * / Smelting in \"Save the Rainforests and the People of Sulawesi: Stop Financing and Investment in Mines, and Nickel Smelters and Their Supporting Coal Power Plants in Indonesia. Electric Vehicles Are a False Solution to Climate Change\""}}]',7,1,'2023-07-09 12:05:47.838111');
INSERT INTO "django_admin_log" VALUES(926,'156','World Benchmark Alliance',1,'[{"added": {}}]',8,1,'2023-07-09 12:10:26.067043');
INSERT INTO "django_admin_log" VALUES(927,'86','"Corporate Human Rights Benchmark 2022" by World Benchmark Alliance',1,'[{"added": {}}]',7,1,'2023-07-09 12:11:50.015653');
INSERT INTO "django_admin_log" VALUES(928,'22','Benchmarking',1,'[{"added": {}}]',19,1,'2023-07-09 12:36:24.794927');
INSERT INTO "django_admin_log" VALUES(929,'157','Corporate Human Rights Benchmark',1,'[{"added": {}}]',8,1,'2023-07-09 12:38:26.513476');
INSERT INTO "django_admin_log" VALUES(930,'145','* / * / Corporate Human Rights Benchmark / * / Benchmarking',1,'[{"added": {}}]',15,1,'2023-07-09 12:39:06.157199');
INSERT INTO "django_admin_log" VALUES(931,'86','"Corporate Human Rights Benchmark 2022" by World Benchmark Alliance',2,'[{"added": {"name": "Evidence", "object": "* / * / Corporate Human Rights Benchmark / * / Benchmarking in \"Corporate Human Rights Benchmark 2022\""}}]',7,1,'2023-07-09 12:39:09.682352');
INSERT INTO "django_admin_log" VALUES(932,'158','Argonne National Laboratory',1,'[{"added": {}}]',8,1,'2023-07-09 12:40:56.982118');
INSERT INTO "django_admin_log" VALUES(933,'49','Electronic and Electrical Parts (Part)',1,'[{"added": {}}]',16,1,'2023-07-09 12:43:23.224566');
INSERT INTO "django_admin_log" VALUES(934,'50','Battery (Part)',1,'[{"added": {}}, {"added": {"name": "from_product-to_product relationship", "object": "Product_members object (16)"}}]',16,1,'2023-07-09 12:43:24.807977');
INSERT INTO "django_admin_log" VALUES(935,'23','Life Cycle Assessment',1,'[{"added": {}}]',19,1,'2023-07-09 12:43:39.095565');
INSERT INTO "django_admin_log" VALUES(936,'146','Battery (Part) / * / * / * / Life Cycle Assessment',1,'[{"added": {}}]',15,1,'2023-07-09 12:43:40.335248');
INSERT INTO "django_admin_log" VALUES(937,'87','"A Review of Battery Life-Cycle Analysis: State of Knowledge and Critical Needs" by Argonne National Laboratory',1,'[{"added": {}}, {"added": {"name": "Evidence", "object": "Battery (Part) / * / * / * / Life Cycle Assessment in \"A Review of Battery Life-Cycle Analysis: State of Knowledge and Critical Needs\""}}]',7,1,'2023-07-09 12:43:46.570445');
INSERT INTO "django_admin_log" VALUES(938,'147','* / * / ICMM / Accidents / *',1,'[{"added": {}}]',15,1,'2023-07-09 12:48:12.645962');
INSERT INTO "django_admin_log" VALUES(939,'88','"Safety Performance Report" by ICMM',1,'[{"added": {}}, {"added": {"name": "Evidence", "object": "* / * / ICMM / Accidents / * in \"Safety Performance Report\""}}]',7,1,'2023-07-09 12:48:19.086212');
INSERT INTO "django_admin_log" VALUES(940,'88','"Safety Performance Report" by ICMM',2,'[{"changed": {"fields": ["Release date", "File"]}}]',7,1,'2023-07-09 12:50:15.829662');
INSERT INTO "django_admin_log" VALUES(941,'159','Levin Sources',1,'[{"added": {}}]',8,1,'2023-07-09 13:08:47.463050');
INSERT INTO "django_admin_log" VALUES(942,'55','Mozambique (Country)',1,'[{"added": {}}]',10,1,'2023-07-09 13:13:06.746858');
INSERT INTO "django_admin_log" VALUES(943,'148','3TG (Resource) / Burkina Faso (Country), Mozambique (Country), Nigeria (Country) / * / * / Due Diligence',1,'[{"added": {}}]',15,1,'2023-07-09 13:14:18.228777');
INSERT INTO "django_admin_log" VALUES(944,'89','"The implementation of due diligence in 3TG supply chains" by BGR,Levin Sources',1,'[{"added": {}}, {"added": {"name": "Evidence", "object": "3TG (Resource) / Burkina Faso (Country), Mozambique (Country), Nigeria (Country) / * / * / Due Diligence in \"The implementation of due diligence in 3TG supply chains\""}}]',7,1,'2023-07-09 13:15:54.778513');
INSERT INTO "django_admin_log" VALUES(945,'56','Serbia (Country)',1,'[{"added": {}}]',10,1,'2023-07-09 13:20:21.948110');
INSERT INTO "django_admin_log" VALUES(946,'149','Lithium (Material) / Serbia (Country) / * / * / *',1,'[{"added": {}}]',15,1,'2023-07-09 13:20:24.657988');
INSERT INTO "django_admin_log" VALUES(947,'90','"Der Schatz vom Jadar-Tal" by ',1,'[{"added": {}}, {"added": {"name": "Evidence", "object": "Lithium (Material) / Serbia (Country) / * / * / * in \"Der Schatz vom Jadar-Tal\""}}]',7,1,'2023-07-09 13:20:26.611462');
INSERT INTO "django_admin_log" VALUES(948,'160','Smelter and Refiner (general)',1,'[{"added": {}}]',8,1,'2023-07-09 13:31:19.769930');
INSERT INTO "django_admin_log" VALUES(949,'150','3TG (Resource) / * / Smelter and Refiner (general) / * / Due Diligence',1,'[{"added": {}}]',15,1,'2023-07-09 13:31:23.268978');
INSERT INTO "django_admin_log" VALUES(950,'150','3TG (Resource) / * / Smelter and Refiner (general) / * / Benchmarking, Due Diligence',2,'[{"changed": {"fields": ["Activities"]}}]',15,1,'2023-07-09 13:31:56.814134');
INSERT INTO "django_admin_log" VALUES(951,'91','"Digging for Disclosure" by global witness',1,'[{"added": {}}, {"added": {"name": "Evidence", "object": "3TG (Resource) / * / Smelter and Refiner (general) / * / Benchmarking, Due Diligence in \"Digging for Disclosure\""}}]',7,1,'2023-07-09 13:35:06.847901');
INSERT INTO "django_admin_log" VALUES(952,'161','Helena Kennedy Centre for International Justice',1,'[{"added": {}}]',8,1,'2023-07-09 13:41:33.347672');
INSERT INTO "django_admin_log" VALUES(953,'151','Copper (Material), Electronic and Electrical Parts (Part) / Xinjiang (Province) / * / Forced Labour / *',1,'[{"added": {}}]',15,1,'2023-07-09 13:42:15.408366');
INSERT INTO "django_admin_log" VALUES(954,'162','NomoGaia',1,'[{"added": {}}]',8,1,'2023-07-09 13:42:26.466612');
INSERT INTO "django_admin_log" VALUES(955,'51','Steel (Material)',1,'[{"added": {}}]',16,1,'2023-07-09 13:43:40.911267');
INSERT INTO "django_admin_log" VALUES(956,'52','Aluminium (Material)',1,'[{"added": {}}]',16,1,'2023-07-09 13:43:51.242132');
INSERT INTO "django_admin_log" VALUES(957,'151','Aluminium (Material), Battery (Part), Copper (Material), Electronic and... / Xinjiang (Province) / * / Forced Labour / *',2,'[{"changed": {"fields": ["Products"]}}]',15,1,'2023-07-09 13:44:25.360974');
INSERT INTO "django_admin_log" VALUES(958,'151','Aluminium (Material), Battery (Part), Copper (Material), Electronic and... / China (Country) / * / Forced Labour / *',2,'[{"changed": {"fields": ["Locations"]}}]',15,1,'2023-07-09 13:45:29.737207');
INSERT INTO "django_admin_log" VALUES(959,'92','"Driving Force: Automotive Supply Chains and Forced Labor in the Uyghur Region" by Helena Kennedy Centre for International Justice,NomoGaia',1,'[{"added": {}}, {"added": {"name": "Evidence", "object": "Aluminium (Material), Battery (Part), Copper (Material), Electronic and... / China (Country) / * / Forced Labour / * in \"Driving Force: Automotive Supply Chains and Forced Labor in the Uyghur Region\""}}]',7,1,'2023-07-09 13:45:31.872689');
INSERT INTO "django_admin_log" VALUES(960,'163','Development International e.V.',1,'[{"added": {}}]',8,1,'2023-07-09 13:56:35.255811');
INSERT INTO "django_admin_log" VALUES(961,'57','Katanga Copper Belt (Area)',1,'[{"added": {}}]',10,1,'2023-07-09 13:58:26.445300');
INSERT INTO "django_admin_log" VALUES(962,'152','Cobalt Ore (Resource) / Katanga Copper Belt (Area) / Smelter and Refiner (general) / Child Labour / *',1,'[{"added": {}}]',15,1,'2023-07-09 14:03:56.739269');
INSERT INTO "django_admin_log" VALUES(963,'93','"Worst Forms of Child Labour in the Democratic Republic of the Congo: Cobalt Refiner Due Diligence Reporting" by Development International e.V.',1,'[{"added": {}}, {"added": {"name": "Evidence", "object": "Cobalt Ore (Resource) / Katanga Copper Belt (Area) / Smelter and Refiner (general) / Child Labour / * in \"Worst Forms of Child Labour in the Democratic Republic of the Congo: Cobalt Refiner Due Diligence Reporting\""}}]',7,1,'2023-07-09 14:04:19.755914');
INSERT INTO "django_admin_log" VALUES(964,'164','Freeport',1,'[{"added": {}}]',8,1,'2023-07-09 14:10:21.455147');
INSERT INTO "django_admin_log" VALUES(965,'58','New Guinea (Area)',1,'[{"added": {}}]',10,1,'2023-07-09 14:11:24.873700');
INSERT INTO "django_admin_log" VALUES(966,'153','* / New Guinea (Area) / Freeport / Environmental / *',1,'[{"added": {}}]',15,1,'2023-07-09 14:12:32.647324');
INSERT INTO "django_admin_log" VALUES(967,'94','"Freeport köpft Berge" by ',1,'[{"added": {}}, {"added": {"name": "Evidence", "object": "* / New Guinea (Area) / Freeport / Environmental / * in \"Freeport k\u00f6pft Berge\""}}]',7,1,'2023-07-09 14:13:02.260523');
INSERT INTO "django_admin_log" VALUES(968,'165','CEKOR',1,'[{"added": {}}]',8,1,'2023-07-09 14:17:24.290805');
INSERT INTO "django_admin_log" VALUES(969,'166','KORS',1,'[{"added": {}}]',8,1,'2023-07-09 14:18:13.327760');
INSERT INTO "django_admin_log" VALUES(970,'154','Lithium (Resource) / Serbia (Country) / Rio Tinto / * / *',1,'[{"added": {}}]',15,1,'2023-07-09 14:23:03.829169');
INSERT INTO "django_admin_log" VALUES(971,'95','"Jadar Lithium Mine, Serbia" by CEKOR,KORS',1,'[{"added": {}}, {"added": {"name": "Evidence", "object": "Lithium (Resource) / Serbia (Country) / Rio Tinto / * / * in \"Jadar Lithium Mine, Serbia\""}}]',7,1,'2023-07-09 14:23:20.413602');
INSERT INTO "django_admin_log" VALUES(972,'74','Glencore',3,'',8,1,'2023-07-10 18:28:34.655709');
INSERT INTO "django_admin_log" VALUES(973,'105','CorA',2,'[{"changed": {"fields": ["Category", "Members"]}}]',8,1,'2023-07-10 18:38:04.581826');
INSERT INTO "django_admin_log" VALUES(974,'106','FEMNET',2,'[{"changed": {"fields": ["Category"]}}]',8,1,'2023-07-10 18:38:24.203409');
INSERT INTO "django_admin_log" VALUES(975,'108','GPF',2,'[{"changed": {"fields": ["Abbreviation"]}}]',8,1,'2023-07-10 18:38:37.745491');
INSERT INTO "django_admin_log" VALUES(976,'66','"Strengthening Protections Against Trafficking in Persons in Federal and Corporate Supply Chains" by Verité',2,'[{"changed": {"fields": ["File"]}}]',7,1,'2023-07-10 18:41:58.378518');
INSERT INTO "django_admin_log" VALUES(977,'1','TestA object (1)',1,'[{"added": {}}]',NULL,1,'2023-07-14 09:48:56.872548');
INSERT INTO "django_admin_log" VALUES(978,'1','Test object (1)',1,'[{"added": {}}]',NULL,1,'2023-07-14 09:49:07.821422');
INSERT INTO "django_admin_log" VALUES(979,'1','1',2,'[{"changed": {"fields": ["Category"]}}]',NULL,1,'2023-07-14 09:52:33.833277');
INSERT INTO "django_admin_log" VALUES(980,'39','3TG (Resource)',2,'[{"changed": {"fields": ["Members2"]}}]',16,1,'2023-07-14 13:01:14.523383');
INSERT INTO "django_admin_log" VALUES(981,'55','Graphite (Resource) / - / - / - / - in "Risikobewertung - Graphit"',2,'[{"changed": {"fields": ["Relevance"]}}]',17,1,'2023-07-14 13:58:30.092474');
INSERT INTO "django_admin_log" VALUES(982,'49','Mica (Resource) / India (Country) / - / Child Labour / - in "Glimmerland"',2,'[{"changed": {"fields": ["Relevance"]}}]',17,1,'2023-07-14 13:58:36.540730');
INSERT INTO "django_admin_log" VALUES(983,'167','Univ. Leoben',1,'[{"added": {}}]',8,1,'2023-08-12 04:14:07.235081');
INSERT INTO "django_admin_log" VALUES(984,'30','Project',1,'[{"added": {}}]',9,1,'2023-08-12 04:15:38.391904');
INSERT INTO "django_admin_log" VALUES(985,'168','re-sourcing',1,'[{"added": {}}]',8,1,'2023-08-12 04:15:52.109331');
INSERT INTO "django_admin_log" VALUES(986,'53','Solar Panel (Device)',1,'[{"added": {}}]',16,1,'2023-08-12 04:19:53.797155');
INSERT INTO "django_admin_log" VALUES(987,'54','Wind Turbine (Device)',1,'[{"added": {}}]',16,1,'2023-08-12 04:20:21.315329');
INSERT INTO "django_admin_log" VALUES(988,'55','Renewable Energy (Device)',1,'[{"added": {}}]',16,1,'2023-08-12 04:20:23.206901');
INSERT INTO "django_admin_log" VALUES(989,'155','Renewable Energy (Device) / - / - / - / Due Diligence',1,'[{"added": {}}]',15,1,'2023-08-12 04:22:35.382415');
INSERT INTO "django_admin_log" VALUES(990,'96','"State of play and roadmap concepts: Renewable Energy Sector" by Univ. Leoben,re-sourcing',1,'[{"added": {}}, {"added": {"name": "Evidence", "object": "Renewable Energy (Device) / - / - / - / Due Diligence in \"State of play and roadmap concepts: Renewable Energy Sector\""}}]',7,1,'2023-08-12 04:23:19.137147');
INSERT INTO "django_admin_log" VALUES(991,'156','Cobalt Ore (Resource) / - / - / - / Artisanal Mining',1,'[{"added": {}}]',15,1,'2023-08-12 04:39:45.082781');
INSERT INTO "django_admin_log" VALUES(992,'157','Cobalt Ore (Resource) / - / - / - / Due Diligence',1,'[{"added": {}}]',15,1,'2023-08-12 04:40:00.561306');
INSERT INTO "django_admin_log" VALUES(993,'158','Battery (Part) / - / - / Environmental / -',1,'[{"added": {}}]',15,1,'2023-08-12 04:41:08.213712');
INSERT INTO "django_admin_log" VALUES(994,'59','Mutoshi (Mine)',1,'[{"added": {}}]',10,1,'2023-08-12 04:46:38.984647');
INSERT INTO "django_admin_log" VALUES(995,'57','Katanga Copper Belt (Area)',2,'[{"changed": {"fields": ["Members"]}}]',10,1,'2023-08-12 04:48:23.698322');
INSERT INTO "django_admin_log" VALUES(996,'169','Chemaf',1,'[{"added": {}}]',8,1,'2023-08-12 04:49:09.470958');
INSERT INTO "django_admin_log" VALUES(997,'159','Cobalt Ore (Resource) / Mutoshi (Mine) / Chemaf / - / -',1,'[{"added": {}}]',15,1,'2023-08-12 04:49:54.127312');
INSERT INTO "django_admin_log" VALUES(998,'24','Project',1,'[{"added": {}}]',19,1,'2023-08-12 04:50:53.346377');
INSERT INTO "django_admin_log" VALUES(999,'160','- / - / Chemaf, Trafigura / - / Project',1,'[{"added": {}}]',15,1,'2023-08-12 04:51:07.479890');
INSERT INTO "django_admin_log" VALUES(1000,'97','"Meeting the EV challenge: Responsible sourcing in the electric vehicle battery supply chain" by Trafigura',1,'[{"added": {}}, {"added": {"name": "Evidence", "object": "Cobalt Ore (Resource) / - / - / - / Artisanal Mining in \"Meeting the EV challenge: Responsible sourcing in the electric vehicle battery supply chain\""}}, {"added": {"name": "Evidence", "object": "Cobalt Ore (Resource) / - / - / - / Due Diligence in \"Meeting the EV challenge: Responsible sourcing in the electric vehicle battery supply chain\""}}, {"added": {"name": "Evidence", "object": "Battery (Part) / - / - / Environmental / - in \"Meeting the EV challenge: Responsible sourcing in the electric vehicle battery supply chain\""}}, {"added": {"name": "Evidence", "object": "Cobalt Ore (Resource) / Mutoshi (Mine) / Chemaf / - / - in \"Meeting the EV challenge: Responsible sourcing in the electric vehicle battery supply chain\""}}, {"added": {"name": "Evidence", "object": "- / - / Chemaf, Trafigura / - / Project in \"Meeting the EV challenge: Responsible sourcing in the electric vehicle battery supply chain\""}}]',7,1,'2023-08-12 04:51:14.839140');
INSERT INTO "django_admin_log" VALUES(1001,'25','Audits',1,'[{"added": {}}]',19,1,'2023-08-12 04:55:45.766808');
INSERT INTO "django_admin_log" VALUES(1002,'161','- / - / - / - / Audits',1,'[{"added": {}}]',15,1,'2023-08-12 04:56:22.309572');
INSERT INTO "django_admin_log" VALUES(1003,'98','"Jenseits der Auditlogik" by BHRRC',1,'[{"added": {}}, {"added": {"name": "Evidence", "object": "- / - / - / - / Audits in \"Jenseits der Auditlogik\""}}]',7,1,'2023-08-12 04:57:05.458725');
INSERT INTO "django_admin_log" VALUES(1004,'170','Community Mutual Assistance',1,'[{"added": {}}]',8,1,'2023-08-12 05:05:57.152998');
INSERT INTO "django_admin_log" VALUES(1005,'60','Amulsar (Mine)',1,'[{"added": {}}]',10,1,'2023-08-12 05:08:33.829829');
INSERT INTO "django_admin_log" VALUES(1006,'61','Armenia (Country)',1,'[{"added": {}}]',10,1,'2023-08-12 05:09:18.112064');
INSERT INTO "django_admin_log" VALUES(1007,'61','Armenia (Country)',2,'[{"changed": {"fields": ["Members"]}}]',10,1,'2023-08-12 05:09:29.487019');
INSERT INTO "django_admin_log" VALUES(1008,'26','Mine Development',1,'[{"added": {}}]',19,1,'2023-08-12 05:11:23.310370');
INSERT INTO "django_admin_log" VALUES(1009,'162','Gold (Resource) / Amulsar (Mine) / - / Social / Mine Development',1,'[{"added": {}}]',15,1,'2023-08-12 05:11:49.887045');
INSERT INTO "django_admin_log" VALUES(1010,'99','"Assessing the social impacts of the preparatory and development phases at Lydian International’s Amulsar mine in Armenia through surveys of neighbouring communities" by Community Mutual Assistance',1,'[{"added": {}}, {"added": {"name": "Evidence", "object": "Gold (Resource) / Amulsar (Mine) / - / Social / Mine Development in \"Assessing the social impacts of the preparatory and development phases at Lydian International\u2019s Amulsar mine in Armenia through surveys of neighbouring communities\""}}]',7,1,'2023-08-12 05:12:20.316931');
INSERT INTO "django_admin_log" VALUES(1011,'171','corporate watch',1,'[{"added": {}}]',8,1,'2023-08-12 05:15:36.532642');
INSERT INTO "django_admin_log" VALUES(1012,'27','Corporate Social Responsibility',1,'[{"added": {}}]',19,1,'2023-08-12 05:18:27.730380');
INSERT INTO "django_admin_log" VALUES(1013,'163','- / - / - / - / Corporate Social Responsibility',1,'[{"added": {}}]',15,1,'2023-08-12 05:18:30.305162');
INSERT INTO "django_admin_log" VALUES(1014,'100','"What''s wrong with corporate social responsibility?" by corporate watch',1,'[{"added": {}}, {"added": {"name": "Evidence", "object": "- / - / - / - / Corporate Social Responsibility in \"What''s wrong with corporate social responsibility?\""}}]',7,1,'2023-08-12 05:18:31.948652');
INSERT INTO "django_admin_log" VALUES(1015,'100','"What''s wrong with corporate social responsibility?" by corporate watch',2,'[{"changed": {"fields": ["File"]}}]',7,1,'2023-08-12 05:19:19.788804');
INSERT INTO "django_admin_log" VALUES(1016,'100','"What''s wrong with corporate social responsibility?" by corporate watch',2,'[{"changed": {"fields": ["File"]}}]',7,1,'2023-08-12 05:19:37.892407');
INSERT INTO "django_admin_log" VALUES(1017,'172','DEKSOR',1,'[{"added": {}}]',8,1,'2023-08-12 05:31:50.506959');
INSERT INTO "django_admin_log" VALUES(1018,'52','BGR',2,'[{"changed": {"fields": ["Members"]}}]',8,1,'2023-08-12 05:32:14.784679');
INSERT INTO "django_admin_log" VALUES(1019,'62','Germany (Country)',1,'[{"added": {}}]',10,1,'2023-08-12 05:35:55.493547');
INSERT INTO "django_admin_log" VALUES(1020,'164','3TG (Resource) / Germany (Country) / DEKSOR / - / Benchmarking',1,'[{"added": {}}]',15,1,'2023-08-12 05:40:39.877718');
INSERT INTO "django_admin_log" VALUES(1021,'101','"Jahresbericht über den Vollzug der Verordnung (EU) 2017/821 nach § 3 Abs. 5 MinRohSorgG" by DEKSOR',1,'[{"added": {}}, {"added": {"name": "Evidence", "object": "3TG (Resource) / Germany (Country) / DEKSOR / - / Benchmarking in \"Jahresbericht \u00fcber den Vollzug der Verordnung (EU) 2017/821 nach \u00a7 3 Abs. 5 MinRohSorgG\""}}]',7,1,'2023-08-12 05:40:48.909491');
INSERT INTO "django_admin_log" VALUES(1022,'173','Ecorating',1,'[{"added": {}}]',8,1,'2023-08-12 05:46:03.338994');
INSERT INTO "django_admin_log" VALUES(1023,'56','Smartphone (Device)',1,'[{"added": {}}]',16,1,'2023-08-12 05:48:36.070494');
INSERT INTO "django_admin_log" VALUES(1024,'165','Smartphone (Device) / - / Ecorating / - / Benchmarking',1,'[{"added": {}}]',15,1,'2023-08-12 05:48:53.594570');
INSERT INTO "django_admin_log" VALUES(1025,'102','"Eco Rating 2021" by Ecorating',1,'[{"added": {}}, {"added": {"name": "Evidence", "object": "Smartphone (Device) / - / Ecorating / - / Benchmarking in \"Eco Rating 2021\""}}]',7,1,'2023-08-12 05:48:57.649761');
INSERT INTO "django_admin_log" VALUES(1026,'174','Global Electronics Council',1,'[{"added": {}}]',8,1,'2023-08-12 05:51:31.286172');
INSERT INTO "django_admin_log" VALUES(1027,'174','GEC',2,'[{"changed": {"fields": ["Abbreviation"]}}]',8,1,'2023-08-12 05:52:06.559094');
INSERT INTO "django_admin_log" VALUES(1028,'175','EPEAT',1,'[{"added": {}}]',8,1,'2023-08-12 05:53:18.585102');
INSERT INTO "django_admin_log" VALUES(1029,'57','Device (general) (Device)',1,'[{"added": {}}]',16,1,'2023-08-12 05:55:46.859120');
INSERT INTO "django_admin_log" VALUES(1030,'166','Device (general) (Device) / - / EPEAT / - / Benchmarking',1,'[{"added": {}}]',15,1,'2023-08-12 05:56:19.780320');
INSERT INTO "django_admin_log" VALUES(1031,'103','"Sustainability Assessment Criteria for Corporate ESG Performance – DRAFT" by EPEAT,GEC',1,'[{"added": {}}, {"added": {"name": "Evidence", "object": "Device (general) (Device) / - / EPEAT / - / Benchmarking in \"Sustainability Assessment Criteria for Corporate ESG Performance \u2013 DRAFT\""}}]',7,1,'2023-08-12 05:56:31.158491');
INSERT INTO "django_admin_log" VALUES(1032,'28','Employing',1,'[{"added": {}}]',19,1,'2023-08-12 06:13:52.362666');
INSERT INTO "django_admin_log" VALUES(1033,'167','- / - / - / Wages / Due Diligence',1,'[{"added": {}}]',15,1,'2023-08-12 06:15:01.815608');
INSERT INTO "django_admin_log" VALUES(1034,'167','- / - / - / Wages / Due Diligence',2,'[]',15,1,'2023-08-12 06:16:53.916483');
INSERT INTO "django_admin_log" VALUES(1035,'29','Improvement',1,'[{"added": {}}]',19,1,'2023-08-12 06:17:18.002374');
INSERT INTO "django_admin_log" VALUES(1036,'168','- / - / - / Wages / Improvement',1,'[{"added": {}}]',15,1,'2023-08-12 06:17:30.798228');
INSERT INTO "django_admin_log" VALUES(1037,'104','"Fairphone’s Guide to paying living wages in the supply chain" by Fairphone',1,'[{"added": {}}, {"added": {"name": "Evidence", "object": "- / - / - / Wages / Due Diligence in \"Fairphone\u2019s Guide to paying living wages in the supply chain\""}}, {"added": {"name": "Evidence", "object": "- / - / - / Wages / Improvement in \"Fairphone\u2019s Guide to paying living wages in the supply chain\""}}]',7,1,'2023-08-12 06:17:36.151150');
INSERT INTO "django_admin_log" VALUES(1038,'31','Medical',1,'[{"added": {}}]',9,1,'2023-08-12 06:24:23.722508');
INSERT INTO "django_admin_log" VALUES(1039,'176','Clínica UFMG',1,'[{"added": {}}]',8,1,'2023-08-12 06:24:26.933343');
INSERT INTO "django_admin_log" VALUES(1040,'177','ÖFSE',1,'[{"added": {}}]',8,1,'2023-08-12 06:25:27.624027');
INSERT INTO "django_admin_log" VALUES(1041,'178','Dreikönigsaktion',1,'[{"added": {}}]',8,1,'2023-08-12 06:26:27.375145');
INSERT INTO "django_admin_log" VALUES(1042,'169','Iron Ore (Resource) / - / - / - / Extraction',1,'[{"added": {}}]',15,1,'2023-08-12 06:29:16.412055');
INSERT INTO "django_admin_log" VALUES(1043,'63','Mariana (Town)',1,'[{"added": {}}]',10,1,'2023-08-12 06:35:55.155807');
INSERT INTO "django_admin_log" VALUES(1044,'64','Brumadinho (Town)',1,'[{"added": {}}]',10,1,'2023-08-12 06:36:45.767872');
INSERT INTO "django_admin_log" VALUES(1045,'65','Minas Gerais (Province)',1,'[{"added": {}}]',10,1,'2023-08-12 06:36:51.176092');
INSERT INTO "django_admin_log" VALUES(1046,'5','Brazil (Country)',2,'[{"changed": {"fields": ["Members"]}}]',10,1,'2023-08-12 06:37:11.684396');
INSERT INTO "django_admin_log" VALUES(1047,'39','Child Rights',1,'[{"added": {}}]',18,1,'2023-08-12 06:41:43.735134');
INSERT INTO "django_admin_log" VALUES(1048,'170','Iron Ore (Resource) / Minas Gerais (Province) / - / Child Rights, Environmental, Human Rights Violations, Social / -',1,'[{"added": {}}]',15,1,'2023-08-12 06:42:05.688262');
INSERT INTO "django_admin_log" VALUES(1049,'171','Iron Ore (Resource) / - / - / - / Due Diligence',1,'[{"added": {}}]',15,1,'2023-08-12 06:42:24.466593');
INSERT INTO "django_admin_log" VALUES(1050,'105','"Engagement bewEISEN" by Clínica UFMG,Dreikönigsaktion,ÖFSE',1,'[{"added": {}}, {"added": {"name": "Evidence", "object": "Iron Ore (Resource) / - / - / - / Extraction in \"Engagement bewEISEN\""}}, {"added": {"name": "Evidence", "object": "Iron Ore (Resource) / Minas Gerais (Province) / - / Child Rights, Environmental, Human Rights Violations, Social / - in \"Engagement bewEISEN\""}}, {"added": {"name": "Evidence", "object": "Iron Ore (Resource) / - / - / - / Due Diligence in \"Engagement bewEISEN\""}}]',7,1,'2023-08-12 06:42:28.503080');
INSERT INTO "django_admin_log" VALUES(1051,'179','U.S.A.',1,'[{"added": {}}]',8,1,'2023-08-12 06:50:35.574529');
INSERT INTO "django_admin_log" VALUES(1052,'40','Violence',1,'[{"added": {}}]',18,1,'2023-08-12 06:56:41.551557');
INSERT INTO "django_admin_log" VALUES(1053,'172','3TG (Resource) / - / U.S.A. / Violence / Legislation',1,'[{"added": {}}]',15,1,'2023-08-12 06:56:43.186370');
INSERT INTO "django_admin_log" VALUES(1054,'106','"More legislation, more violence? The impact of Dodd-Frank in the DRC" by ',1,'[{"added": {}}, {"added": {"name": "Evidence", "object": "3TG (Resource) / - / U.S.A. / Violence / Legislation in \"More legislation, more violence? The impact of Dodd-Frank in the DRC\""}}]',7,1,'2023-08-12 06:56:47.085880');
INSERT INTO "django_admin_log" VALUES(1055,'41','Recruitment Fees',1,'[{"added": {}}]',18,1,'2023-08-12 07:05:34.604360');
INSERT INTO "django_admin_log" VALUES(1056,'30','Public Procurement',1,'[{"added": {}}]',19,1,'2023-08-12 07:07:20.320003');
INSERT INTO "django_admin_log" VALUES(1057,'173','- / - / - / Recruitment Fees / Public Procurement',1,'[{"added": {}}]',15,1,'2023-08-12 07:07:21.617524');
INSERT INTO "django_admin_log" VALUES(1058,'107','"Guidance for Remediation and Prevention of Migrant Worker Recruitment Fees and Related Costs in Public Procurement" by Electronics Watch',1,'[{"added": {}}, {"added": {"name": "Evidence", "object": "- / - / - / Recruitment Fees / Public Procurement in \"Guidance for Remediation and Prevention of Migrant Worker Recruitment Fees and Related Costs in Public Procurement\""}}]',7,1,'2023-08-12 07:07:37.169490');
INSERT INTO "django_admin_log" VALUES(1059,'180','ICMM',1,'[{"added": {}}]',8,1,'2023-08-12 07:10:19.031907');
INSERT INTO "django_admin_log" VALUES(1060,'174','- / - / ICMM / Social / Due Diligence',1,'[{"added": {}}]',15,1,'2023-08-12 07:14:27.829933');
INSERT INTO "django_admin_log" VALUES(1061,'108','"Tools for Social Performance" by ICMM',1,'[{"added": {}}, {"added": {"name": "Evidence", "object": "- / - / ICMM / Social / Due Diligence in \"Tools for Social Performance\""}}]',7,1,'2023-08-12 07:14:29.977447');
INSERT INTO "django_admin_log" VALUES(1062,'175','Copper Ore (Resource) / Zambia (Country) / - / - / -',1,'[{"added": {}}]',15,1,'2023-08-12 07:18:19.954319');
INSERT INTO "django_admin_log" VALUES(1063,'176','Copper Ore (Resource) / Chile (Country) / - / - / -',1,'[{"added": {}}]',15,1,'2023-08-12 07:18:38.988558');
INSERT INTO "django_admin_log" VALUES(1064,'176','Copper Ore (Resource) / Chile (Country) / - / Environmental / -',2,'[{"changed": {"fields": ["Impacts"]}}]',15,1,'2023-08-12 07:18:55.260231');
INSERT INTO "django_admin_log" VALUES(1065,'175','Copper Ore (Resource) / Zambia (Country) / - / Environmental / -',2,'[{"changed": {"fields": ["Impacts"]}}]',15,1,'2023-08-12 07:19:11.615962');
INSERT INTO "django_admin_log" VALUES(1066,'58','Silver Ore (Resource)',1,'[{"added": {}}]',16,1,'2023-08-12 07:20:02.658390');
INSERT INTO "django_admin_log" VALUES(1067,'42','Zinc Ore (Resource)',2,'[{"changed": {"fields": ["Name"]}}]',16,1,'2023-08-12 07:20:47.569856');
INSERT INTO "django_admin_log" VALUES(1068,'42','Self-exploitation',1,'[{"added": {}}]',18,1,'2023-08-12 07:21:23.982093');
INSERT INTO "django_admin_log" VALUES(1069,'177','Lead Ore (Resource), Silver Ore (Resource), Tin Ore (Resource), Zinc Ore... / Bolivia (Country) / - / Self-exploitation / -',1,'[{"added": {}}]',15,1,'2023-08-12 07:21:33.755023');
INSERT INTO "django_admin_log" VALUES(1070,'43','Freedom of expression',1,'[{"added": {}}]',18,1,'2023-08-12 07:38:35.297134');
INSERT INTO "django_admin_log" VALUES(1071,'178','Gold (Resource) / Armenia (Country) / - / Freedom of expression / -',1,'[{"added": {}}]',15,1,'2023-08-12 07:38:40.810500');
INSERT INTO "django_admin_log" VALUES(1072,'66','Bulgaria (Country)',1,'[{"added": {}}]',10,1,'2023-08-12 07:39:08.675403');
INSERT INTO "django_admin_log" VALUES(1073,'179','Copper Ore (Resource), Gold (Resource) / Bulgaria (Country) / - / Worker Rights / -',1,'[{"added": {}}]',15,1,'2023-08-12 07:39:35.419749');
INSERT INTO "django_admin_log" VALUES(1074,'180','- / Philippines (Country) / - / Hazardous Substances / Manufacturing',1,'[{"added": {}}]',15,1,'2023-08-12 07:40:53.102730');
INSERT INTO "django_admin_log" VALUES(1075,'181','Contract Manufacturer',1,'[{"added": {}}]',8,1,'2023-08-12 07:41:58.874640');
INSERT INTO "django_admin_log" VALUES(1076,'181','- / - / Contract Manufacturer / - / -',1,'[{"added": {}}]',15,1,'2023-08-12 07:42:22.077428');
INSERT INTO "django_admin_log" VALUES(1077,'182','Trade Union',1,'[{"added": {}}]',8,1,'2023-08-12 07:43:23.626366');
INSERT INTO "django_admin_log" VALUES(1078,'44','Freedom of Association',1,'[{"added": {}}]',18,1,'2023-08-12 07:43:53.084226');
INSERT INTO "django_admin_log" VALUES(1079,'182','- / - / Trade Union / Freedom of Association / -',1,'[{"added": {}}]',15,1,'2023-08-12 07:44:00.110480');
INSERT INTO "django_admin_log" VALUES(1080,'183','- / - / Electronics Watch / - / Improvement',1,'[{"added": {}}]',15,1,'2023-08-12 07:44:25.497949');
INSERT INTO "django_admin_log" VALUES(1081,'184','- / - / - / - / Public Procurement',1,'[{"added": {}}]',15,1,'2023-08-12 07:45:04.206966');
INSERT INTO "django_admin_log" VALUES(1082,'109','"Human rights risks in the ICT supply chain" by Make ICT Fair',1,'[{"added": {}}, {"added": {"name": "Evidence", "object": "Copper Ore (Resource) / Zambia (Country) / - / Environmental / - in \"Human rights risks in the ICT supply chain\""}}, {"added": {"name": "Evidence", "object": "Copper Ore (Resource) / Chile (Country) / - / Environmental / - in \"Human rights risks in the ICT supply chain\""}}, {"added": {"name": "Evidence", "object": "Lead Ore (Resource), Silver Ore (Resource), Tin Ore (Resource), Zinc Ore... / Bolivia (Country) / - / Self-exploitation / - in \"Human rights risks in the ICT supply chain\""}}, {"added": {"name": "Evidence", "object": "Gold (Resource) / Armenia (Country) / - / Freedom of expression / - in \"Human rights risks in the ICT supply chain\""}}, {"added": {"name": "Evidence", "object": "Copper Ore (Resource), Gold (Resource) / Bulgaria (Country) / - / Worker Rights / - in \"Human rights risks in the ICT supply chain\""}}, {"added": {"name": "Evidence", "object": "- / Philippines (Country) / - / Hazardous Substances / Manufacturing in \"Human rights risks in the ICT supply chain\""}}, {"added": {"name": "Evidence", "object": "- / - / Contract Manufacturer / - / - in \"Human rights risks in the ICT supply chain\""}}, {"added": {"name": "Evidence", "object": "- / - / Trade Union / Freedom of Association / - in \"Human rights risks in the ICT supply chain\""}}, {"added": {"name": "Evidence", "object": "- / - / Electronics Watch / - / Improvement in \"Human rights risks in the ICT supply chain\""}}, {"added": {"name": "Evidence", "object": "- / - / - / - / Public Procurement in \"Human rights risks in the ICT supply chain\""}}]',7,1,'2023-08-12 07:45:38.035524');
INSERT INTO "django_admin_log" VALUES(1083,'109','"Human rights risks in the ICT supply chain" by Make ICT Fair',2,'[{"changed": {"fields": ["File"]}}]',7,1,'2023-08-12 07:46:21.635864');
INSERT INTO "django_admin_log" VALUES(1084,'109','"Human rights risks in the ICT supply chain" by Make ICT Fair',2,'[{"changed": {"fields": ["File"]}}]',7,1,'2023-08-12 07:47:00.456904');
INSERT INTO "django_admin_log" VALUES(1085,'67','Ghana (Country)',1,'[{"added": {}}]',10,1,'2023-08-12 07:51:56.535283');
INSERT INTO "django_admin_log" VALUES(1086,'31','Repair',1,'[{"added": {}}]',19,1,'2023-08-12 07:52:44.029210');
INSERT INTO "django_admin_log" VALUES(1087,'185','- / Ghana (Country) / - / Occupational Accident / Repair',1,'[{"added": {}}]',15,1,'2023-08-12 07:52:45.688324');
INSERT INTO "django_admin_log" VALUES(1088,'110','"Occupational Exposure among Electronic Repair Workers in Ghana" by ',1,'[{"added": {}}, {"added": {"name": "Evidence", "object": "- / Ghana (Country) / - / Occupational Accident / Repair in \"Occupational Exposure among Electronic Repair Workers in Ghana\""}}]',7,1,'2023-08-12 07:52:58.441276');
INSERT INTO "django_admin_log" VALUES(1089,'59','Semiconductors (Part)',1,'[{"added": {}}]',16,1,'2023-08-12 07:54:52.093022');
INSERT INTO "django_admin_log" VALUES(1090,'32','Compensation',1,'[{"added": {}}]',19,1,'2023-08-12 07:55:06.808485');
INSERT INTO "django_admin_log" VALUES(1091,'68','South Korea (Country)',1,'[{"added": {}}]',10,1,'2023-08-12 07:55:25.575537');
INSERT INTO "django_admin_log" VALUES(1092,'186','Semiconductors (Part) / South Korea (Country) / - / - / Compensation',1,'[{"added": {}}]',15,1,'2023-08-12 07:56:15.140079');
INSERT INTO "django_admin_log" VALUES(1093,'111','"Two Semiconductor Companies’ Financial Support Compensation (FSC) Programs for Semiconductor Workers with Suspected Work-Related Diseases (WRDs)" by ',1,'[{"added": {}}, {"added": {"name": "Evidence", "object": "Semiconductors (Part) / South Korea (Country) / - / - / Compensation in \"Two Semiconductor Companies\u2019 Financial Support Compensation (FSC) Programs for Semiconductor Workers with Suspected Work-Related Diseases (WRDs)\""}}]',7,1,'2023-08-12 07:56:17.371789');
INSERT INTO "django_admin_log" VALUES(1094,'3','Due Diligence',2,'[{"changed": {"fields": ["Alternative names"]}}]',19,1,'2023-08-12 15:47:38.818965');
INSERT INTO "django_admin_log" VALUES(1095,'187','Cobalt Ore (Resource) / Democratic Republic of Congo (Country) / - / Child Labour, Health and Safety / -',1,'[{"added": {}}]',15,1,'2023-08-12 15:56:55.053977');
INSERT INTO "django_admin_log" VALUES(1096,'112','"Aufgeladener Konflikt – der globale Kobalthandel" by Amnesty',1,'[{"added": {}}, {"added": {"name": "Evidence", "object": "Cobalt Ore (Resource) / Democratic Republic of Congo (Country) / - / Child Labour, Health and Safety / - in \"Aufgeladener Konflikt \u2013 der globale Kobalthandel\""}}]',7,1,'2023-08-12 15:57:00.410342');
INSERT INTO "django_admin_log" VALUES(1097,'183','ISF',1,'[{"added": {}}]',8,1,'2023-08-12 15:59:00.113229');
INSERT INTO "django_admin_log" VALUES(1098,'60','Electric Vehicles (Device)',1,'[{"added": {}}]',16,1,'2023-08-12 16:03:23.730586');
INSERT INTO "django_admin_log" VALUES(1099,'53','Solar (Device)',2,'[{"changed": {"fields": ["Name", "Alternative names"]}}]',16,1,'2023-08-12 16:04:55.232168');
INSERT INTO "django_admin_log" VALUES(1100,'188','Battery (Part), Electric Vehicles (Device), Solar (Device), Wind Turbine... / - / - / - / -',1,'[{"added": {}}]',15,1,'2023-08-12 16:05:34.810623');
INSERT INTO "django_admin_log" VALUES(1101,'61','Rare Earths (Resource)',1,'[{"added": {}}]',16,1,'2023-08-12 16:09:04.890284');
INSERT INTO "django_admin_log" VALUES(1102,'189','Bauxite (Resource), Cobalt Ore (Resource), Copper Ore (Resource), Lithium... / - / - / Environmental, Social / -',1,'[{"added": {}}]',15,1,'2023-08-12 16:09:49.223564');
INSERT INTO "django_admin_log" VALUES(1103,'113','"Responsible minerals sourcing for renewable energy" by ISF',1,'[{"added": {}}, {"added": {"name": "Evidence", "object": "Battery (Part), Electric Vehicles (Device), Solar (Device), Wind Turbine... / - / - / - / - in \"Responsible minerals sourcing for renewable energy\""}}, {"added": {"name": "Evidence", "object": "Bauxite (Resource), Cobalt Ore (Resource), Copper Ore (Resource), Lithium... / - / - / Environmental, Social / - in \"Responsible minerals sourcing for renewable energy\""}}]',7,1,'2023-08-12 16:12:48.955210');
INSERT INTO "django_admin_log" VALUES(1104,'190','ICT (Device) / - / KnowTheChain / - / Benchmarking',1,'[{"added": {}}]',15,1,'2023-08-12 16:21:53.958948');
INSERT INTO "django_admin_log" VALUES(1105,'114','"2022 Information and Communications Technology" by KnowTheChain',1,'[{"added": {}}, {"added": {"name": "Evidence", "object": "ICT (Device) / - / KnowTheChain / - / Benchmarking in \"2022 Information and Communications Technology\""}}]',7,1,'2023-08-12 16:23:36.835730');
INSERT INTO "django_admin_log" VALUES(1106,'184','FARN',1,'[{"added": {}}]',8,1,'2023-08-12 16:30:32.183153');
INSERT INTO "django_admin_log" VALUES(1107,'191','Lithium (Resource) / Argentina (Country) / - / - / Extraction',1,'[{"added": {}}]',15,1,'2023-08-12 16:33:10.717748');
INSERT INTO "django_admin_log" VALUES(1108,'115','"Lithium extraction in Argentina: a case study on the social and environmental impacts" by FARN',1,'[{"added": {}}, {"added": {"name": "Evidence", "object": "Lithium (Resource) / Argentina (Country) / - / - / Extraction in \"Lithium extraction in Argentina: a case study on the social and environmental impacts\""}}]',7,1,'2023-08-12 16:34:13.803927');
INSERT INTO "django_admin_log" VALUES(1109,'69','Salinas Grandes (Sea)',1,'[{"added": {}}]',10,1,'2023-08-12 16:40:22.702911');
INSERT INTO "django_admin_log" VALUES(1110,'192','Lithium (Resource) / Salinas Grandes (Sea) / - / - / -',1,'[{"added": {}}]',15,1,'2023-08-12 16:42:29.596854');
INSERT INTO "django_admin_log" VALUES(1111,'19','Argentina (Country)',2,'[{"changed": {"fields": ["Members"]}}]',10,1,'2023-08-12 16:42:37.473250');
INSERT INTO "django_admin_log" VALUES(1112,'116','"Lithium in Argentina" by Amnesty',1,'[{"added": {}}, {"added": {"name": "Evidence", "object": "Lithium (Resource) / Salinas Grandes (Sea) / - / - / - in \"Lithium in Argentina\""}}]',7,1,'2023-08-12 16:43:04.112691');
INSERT INTO "django_admin_log" VALUES(1113,'185','Foxconn',1,'[{"added": {}}]',8,1,'2023-08-12 17:09:52.020105');
INSERT INTO "django_admin_log" VALUES(1114,'70','Czechia (Country)',1,'[{"added": {}}]',10,1,'2023-08-12 17:10:27.790782');
INSERT INTO "django_admin_log" VALUES(1115,'26','Worker Rights',2,'[{"changed": {"fields": ["Alternative names"]}}]',18,1,'2023-08-12 17:13:54.420233');
INSERT INTO "django_admin_log" VALUES(1116,'193','- / Czechia (Country) / Foxconn / Worker Rights / -',1,'[{"added": {}}]',15,1,'2023-08-12 17:14:05.827087');
INSERT INTO "django_admin_log" VALUES(1117,'194','Copper Ore (Resource) / Zambia (Country) / - / Environmental, Human Rights Violations / -',1,'[{"added": {}}]',15,1,'2023-08-12 17:14:50.574128');
INSERT INTO "django_admin_log" VALUES(1118,'195','Lead Ore (Resource), Silver Ore (Resource), Tin Ore (Resource) / Bolivia (Country) / - / Damage to Local Livelihoods, Labour Conditions / -',1,'[{"added": {}}]',15,1,'2023-08-12 17:16:39.912626');
INSERT INTO "django_admin_log" VALUES(1119,'71','Malaysia (Country)',1,'[{"added": {}}]',10,1,'2023-08-12 17:17:16.916143');
INSERT INTO "django_admin_log" VALUES(1120,'196','Electronics and Electrical Products (Device) / Malaysia (Country) / - / Forced Labour / -',1,'[{"added": {}}]',15,1,'2023-08-12 17:18:08.415441');
INSERT INTO "django_admin_log" VALUES(1121,'45','Right to freedom of opinion and expression',1,'[{"added": {}}]',18,1,'2023-08-12 17:19:45.714132');
INSERT INTO "django_admin_log" VALUES(1122,'197','Gold (Resource) / Armenia (Country) / - / Right to freedom of opinion and expression / -',1,'[{"added": {}}]',15,1,'2023-08-12 17:20:07.754954');
INSERT INTO "django_admin_log" VALUES(1123,'117','"Make ICT Fair Case Studies" by Make ICT Fair',1,'[{"added": {}}, {"added": {"name": "Evidence", "object": "- / Czechia (Country) / Foxconn / Worker Rights / - in \"Make ICT Fair Case Studies\""}}, {"added": {"name": "Evidence", "object": "Copper Ore (Resource) / Zambia (Country) / - / Environmental, Human Rights Violations / - in \"Make ICT Fair Case Studies\""}}, {"added": {"name": "Evidence", "object": "Lead Ore (Resource), Silver Ore (Resource), Tin Ore (Resource) / Bolivia (Country) / - / Damage to Local Livelihoods, Labour Conditions / - in \"Make ICT Fair Case Studies\""}}, {"added": {"name": "Evidence", "object": "Electronics and Electrical Products (Device) / Malaysia (Country) / - / Forced Labour / - in \"Make ICT Fair Case Studies\""}}, {"added": {"name": "Evidence", "object": "Gold (Resource) / Armenia (Country) / - / Right to freedom of opinion and expression / - in \"Make ICT Fair Case Studies\""}}]',7,1,'2023-08-12 17:20:13.192414');
INSERT INTO "django_admin_log" VALUES(1124,'198','Metal Ore or Native Mineral (Resource) / - / - / - / Benchmarking, Reporting',1,'[{"added": {}}]',15,1,'2023-08-12 17:31:32.558558');
INSERT INTO "django_admin_log" VALUES(1125,'118','"Monitoring corporate disclosure" by OECD',1,'[{"added": {}}, {"added": {"name": "Evidence", "object": "Metal Ore or Native Mineral (Resource) / - / - / - / Benchmarking, Reporting in \"Monitoring corporate disclosure\""}}]',7,1,'2023-08-12 17:35:25.592491');
INSERT INTO "django_admin_log" VALUES(1126,'186','CEE Bankwatch Network',1,'[{"added": {}}]',8,1,'2023-08-12 18:01:36.832397');
INSERT INTO "django_admin_log" VALUES(1127,'187','OT Watch',1,'[{"added": {}}]',8,1,'2023-08-12 18:02:22.345518');
INSERT INTO "django_admin_log" VALUES(1128,'72','Oyu Tolgoi (Mine)',1,'[{"added": {}}]',10,1,'2023-08-12 18:03:04.263880');
INSERT INTO "django_admin_log" VALUES(1129,'73','Mongolia (Country)',1,'[{"added": {}}]',10,1,'2023-08-12 18:03:53.131632');
INSERT INTO "django_admin_log" VALUES(1130,'188','Oyu Tolgoi LLC',1,'[{"added": {}}]',8,1,'2023-08-12 18:04:54.481712');
INSERT INTO "django_admin_log" VALUES(1131,'150','Rio Tinto',2,'[{"changed": {"fields": ["Members"]}}]',8,1,'2023-08-12 18:07:11.827567');
INSERT INTO "django_admin_log" VALUES(1132,'189','Mongalian state',1,'[{"added": {}}]',8,1,'2023-08-12 18:07:52.339174');
INSERT INTO "django_admin_log" VALUES(1133,'46','Resettlement',1,'[{"added": {}}]',18,1,'2023-08-12 18:11:07.692416');
INSERT INTO "django_admin_log" VALUES(1134,'199','Copper Ore (Resource), Gold (Resource) / Oyu Tolgoi (Mine) / Oyu Tolgoi LLC / Access to Water, Resettlement / -',1,'[{"added": {}}]',15,1,'2023-08-12 18:12:27.301379');
INSERT INTO "django_admin_log" VALUES(1135,'119','"Oyu Tolgoi Mine , Mongolia" by CEE Bankwatch Network,OT Watch',1,'[{"added": {}}, {"added": {"name": "Evidence", "object": "Copper Ore (Resource), Gold (Resource) / Oyu Tolgoi (Mine) / Oyu Tolgoi LLC / Access to Water, Resettlement / - in \"Oyu Tolgoi Mine , Mongolia\""}}]',7,1,'2023-08-12 18:14:03.208339');
INSERT INTO "django_admin_log" VALUES(1136,'190','Periféria Policy and Research Center',1,'[{"added": {}}]',8,1,'2023-08-12 18:20:25.768815');
INSERT INTO "django_admin_log" VALUES(1137,'74','Hungary (Country)',1,'[{"added": {}}]',10,1,'2023-08-12 18:21:41.825989');
INSERT INTO "django_admin_log" VALUES(1138,'200','- / Hungary (Country) / - / - / Manufacturing',1,'[{"added": {}}]',15,1,'2023-08-12 18:22:08.963565');
INSERT INTO "django_admin_log" VALUES(1139,'47','Right to Collective Bargaining',1,'[{"added": {}}]',18,1,'2023-08-12 18:24:33.091249');
INSERT INTO "django_admin_log" VALUES(1140,'48','Excessive Working Hours',1,'[{"added": {}}]',18,1,'2023-08-12 18:26:26.302665');
INSERT INTO "django_admin_log" VALUES(1141,'200','- / Hungary (Country) / - / Child Labour, Discrimination, Excessive Working Hours, Forced Labour, Freedom... / Manufacturing',2,'[{"changed": {"fields": ["Impacts"]}}]',15,1,'2023-08-12 18:27:36.740625');
INSERT INTO "django_admin_log" VALUES(1142,'120','"The Electronics Industry in Hungary" by Electronics Watch,Periféria Policy and Research Center',1,'[{"added": {}}, {"added": {"name": "Evidence", "object": "- / Hungary (Country) / - / Child Labour, Discrimination, Excessive Working Hours, Forced Labour, Freedom... / Manufacturing in \"The Electronics Industry in Hungary\""}}]',7,1,'2023-08-12 18:27:55.935513');
INSERT INTO "django_admin_log" VALUES(1143,'120','"The Electronics Industry in Hungaryy" by Electronics Watch,Periféria Policy and Research Center',2,'[{"changed": {"fields": ["Title"]}}]',7,1,'2023-10-20 15:41:29.796967');
INSERT INTO "django_admin_log" VALUES(1144,'120','"The Electronics Industry in Hungary" by Electronics Watch,Periféria Policy and Research Center',2,'[{"changed": {"fields": ["Title"]}}]',7,1,'2023-10-20 15:45:59.114782');
INSERT INTO "django_admin_log" VALUES(1145,'163','3TG (Resource) / Germany (Country) / DEKSOR / - / Benchmarking in "Jahresbericht über den Vollzug der Verordnung (EU) 2017/821 nach § 3 Abs. 5 MinRohSorgG"',2,'[{"changed": {"fields": ["Relevance"]}}]',17,1,'2023-11-12 14:45:21.386072');
INSERT INTO "django_admin_log" VALUES(1146,'163','3TG (Resource) / Germany (Country) / DEKSOR / - / Benchmarking in "Jahresbericht über den Vollzug der Verordnung (EU) 2017/821 nach § 3 Abs. 5 MinRohSorgG"',2,'[{"changed": {"fields": ["Relevance"]}}]',17,1,'2023-11-12 14:45:30.725778');
INSERT INTO "django_admin_log" VALUES(1147,'163','3TG (Resource) / Germany (Country) / DEKSOR / - / Benchmarking in "Jahresbericht über den Vollzug der Verordnung (EU) 2017/821 nach § 3 Abs. 5 MinRohSorgG"',2,'[{"changed": {"fields": ["Relevance2"]}}]',17,1,'2023-11-12 14:53:21.153003');
INSERT INTO "django_admin_log" VALUES(1148,'200','- / - / - / - / Audits in "The Electronics Industry in Hungary"',1,'[{"added": {}}]',17,1,'2023-11-12 15:00:46.761900');
INSERT INTO "django_admin_log" VALUES(1149,'200','- / - / - / - / Audits in "The Electronics Industry in Hungary"',3,'',17,1,'2023-11-12 15:03:40.248147');
INSERT INTO "django_admin_log" VALUES(1150,'33','Copper Ore (Resource) / Andina (Mine) / Codelco / - / Expansion in "The Andina copper mine in Chile"',2,'[{"changed": {"fields": ["Relevance"]}}]',17,1,'2023-11-12 15:06:05.954898');
INSERT INTO "django_admin_log" VALUES(1151,'33','Copper Ore (Resource) / Andina (Mine) / Codelco / - / Expansion in "The Andina copper mine in Chile"',2,'[{"changed": {"fields": ["Relevance"]}}]',17,1,'2023-11-12 15:06:15.915947');
INSERT INTO "django_admin_log" VALUES(1152,'163','3TG (Resource) / Germany (Country) / DEKSOR / - / Benchmarking in "Jahresbericht über den Vollzug der Verordnung (EU) 2017/821 nach § 3 Abs. 5 MinRohSorgG"',2,'[{"changed": {"fields": ["Relevance"]}}]',17,1,'2023-11-12 15:08:50.688569');
INSERT INTO "django_admin_log" VALUES(1153,'163','3TG (Resource) / Germany (Country) / DEKSOR / - / Benchmarking in "Jahresbericht über den Vollzug der Verordnung (EU) 2017/821 nach § 3 Abs. 5 MinRohSorgG"',2,'[{"changed": {"fields": ["Relevance"]}}]',17,1,'2023-11-12 15:09:00.786839');
INSERT INTO "django_admin_log" VALUES(1154,'7','"(Completing Report No. 3)" by OSISA,SARW',2,'[{"changed": {"fields": ["Source"]}}]',7,1,'2023-11-12 19:29:56.722072');
INSERT INTO "django_admin_log" VALUES(1155,'121','"Ein Test" by ',1,'[{"added": {}}]',7,1,'2023-11-15 22:17:41.745866');
INSERT INTO "django_admin_log" VALUES(1156,'121','"Ein Test" by ',2,'[{"changed": {"fields": ["Release date", "File"]}}]',7,1,'2023-11-15 22:26:00.264838');
INSERT INTO "django_admin_log" VALUES(1157,'121','"Ein Test" by ',2,'[{"changed": {"fields": ["File"]}}]',7,1,'2023-11-15 22:27:10.250675');
INSERT INTO "django_admin_log" VALUES(1158,'121','"Ein Test" by ',2,'[{"changed": {"fields": ["Release date", "File"]}}]',7,1,'2023-11-16 11:51:35.537222');
INSERT INTO "django_admin_log" VALUES(1159,'121','"Ein Test" by ',2,'[{"changed": {"fields": ["File"]}}]',7,1,'2023-11-16 12:03:48.925770');
INSERT INTO "django_admin_log" VALUES(1160,'121','"Ein Test" by ',3,'',7,1,'2023-12-30 13:58:58.272476');
INSERT INTO "django_admin_log" VALUES(1161,'122','"Test" by ',1,'[{"added": {}}]',7,1,'2023-12-30 18:18:22.071261');
INSERT INTO "django_admin_log" VALUES(1162,'122','"Test" by ',3,'',7,1,'2023-12-30 18:21:32.599656');
INSERT INTO "django_admin_log" VALUES(1163,'123','"Test" by ',1,'[{"added": {}}]',7,1,'2023-12-30 18:22:03.573603');
INSERT INTO "django_admin_log" VALUES(1164,'123','"Test" by ',2,'[{"changed": {"fields": ["File"]}}]',7,1,'2023-12-30 19:04:56.206345');
INSERT INTO "django_admin_log" VALUES(1165,'123','"Test" by ',2,'[{"changed": {"fields": ["File"]}}]',7,1,'2023-12-30 19:05:10.403195');
INSERT INTO "django_admin_log" VALUES(1166,'1','Knowledgebase',1,'[{"added": {}}]',31,1,'2023-12-30 21:46:40.644739');
INSERT INTO "django_admin_log" VALUES(1167,'123','"Test" by ',2,'[{"changed": {"fields": ["File"]}}]',7,1,'2024-03-13 19:30:13.968156');
CREATE UNIQUE INDEX "auth_group_permissions_group_id_permission_id_0cd325b0_uniq" ON "auth_group_permissions" ("group_id", "permission_id");
CREATE INDEX IF NOT EXISTS "auth_group_permissions_group_id_b120cbf9" ON "auth_group_permissions" ("group_id");
CREATE INDEX IF NOT EXISTS "auth_group_permissions_permission_id_84c5c92e" ON "auth_group_permissions" ("permission_id");
CREATE UNIQUE INDEX "auth_user_groups_user_id_group_id_94350c0c_uniq" ON "auth_user_groups" ("user_id", "group_id");
CREATE INDEX IF NOT EXISTS "auth_user_groups_user_id_6a12ed8b" ON "auth_user_groups" ("user_id");
CREATE INDEX IF NOT EXISTS "auth_user_groups_group_id_97559544" ON "auth_user_groups" ("group_id");
CREATE UNIQUE INDEX "auth_user_user_permissions_user_id_permission_id_14a6b632_uniq" ON "auth_user_user_permissions" ("user_id", "permission_id");
CREATE INDEX IF NOT EXISTS "auth_user_user_permissions_user_id_a95ead1b" ON "auth_user_user_permissions" ("user_id");
CREATE INDEX IF NOT EXISTS "auth_user_user_permissions_permission_id_1fbb5f2c" ON "auth_user_user_permissions" ("permission_id");
CREATE INDEX IF NOT EXISTS "django_admin_log_content_type_id_c4bce8eb" ON "django_admin_log" ("content_type_id");
CREATE INDEX IF NOT EXISTS "django_admin_log_user_id_c564eba6" ON "django_admin_log" ("user_id");
CREATE UNIQUE INDEX "django_content_type_app_label_model_76bd3d3b_uniq" ON "django_content_type" ("app_label", "model");
CREATE UNIQUE INDEX "auth_permission_content_type_id_codename_01ab375a_uniq" ON "auth_permission" ("content_type_id", "codename");
CREATE INDEX IF NOT EXISTS "auth_permission_content_type_id_2f476e4b" ON "auth_permission" ("content_type_id");
CREATE INDEX IF NOT EXISTS "django_session_expire_date_a5c62663" ON "django_session" ("expire_date");
CREATE UNIQUE INDEX "knowledgebase_document_assocs_document_id_actor_id_0dba6674_uniq" ON "knowledgebase_document_assocs" ("document_id", "actor_id");
CREATE INDEX IF NOT EXISTS "knowledgebase_document_assocs_document_id_787a19cd" ON "knowledgebase_document_assocs" ("document_id");
CREATE INDEX IF NOT EXISTS "knowledgebase_document_assocs_actor_id_3ac84104" ON "knowledgebase_document_assocs" ("actor_id");
CREATE UNIQUE INDEX "knowledgebase_topic_products_topic_id_product_id_3f42bd5d_uniq" ON "knowledgebase_topic_products" ("topic_id", "product_id");
CREATE INDEX IF NOT EXISTS "knowledgebase_topic_products_topic_id_f888e9d9" ON "knowledgebase_topic_products" ("topic_id");
CREATE INDEX IF NOT EXISTS "knowledgebase_topic_products_product_id_8629a278" ON "knowledgebase_topic_products" ("product_id");
CREATE UNIQUE INDEX "knowledgebase_topic_locations_topic_id_location_id_f696a750_uniq" ON "knowledgebase_topic_locations" ("topic_id", "location_id");
CREATE INDEX IF NOT EXISTS "knowledgebase_topic_locations_topic_id_6aed79ba" ON "knowledgebase_topic_locations" ("topic_id");
CREATE INDEX IF NOT EXISTS "knowledgebase_topic_locations_location_id_8f9c03b8" ON "knowledgebase_topic_locations" ("location_id");
CREATE UNIQUE INDEX "knowledgebase_topic_activities_topic_id_activity_id_ec4b9f3e_uniq" ON "knowledgebase_topic_activities" ("topic_id", "activity_id");
CREATE INDEX IF NOT EXISTS "knowledgebase_topic_activities_topic_id_9de12ab5" ON "knowledgebase_topic_activities" ("topic_id");
CREATE INDEX IF NOT EXISTS "knowledgebase_topic_activities_activity_id_8baf0b60" ON "knowledgebase_topic_activities" ("activity_id");
CREATE UNIQUE INDEX "knowledgebase_topic_actors_topic_id_actor_id_95b82317_uniq" ON "knowledgebase_topic_actors" ("topic_id", "actor_id");
CREATE INDEX IF NOT EXISTS "knowledgebase_topic_actors_topic_id_8653ede0" ON "knowledgebase_topic_actors" ("topic_id");
CREATE INDEX IF NOT EXISTS "knowledgebase_topic_actors_actor_id_877d062b" ON "knowledgebase_topic_actors" ("actor_id");
CREATE UNIQUE INDEX "knowledgebase_topic_impacts_topic_id_impact_id_c9cfe9f2_uniq" ON "knowledgebase_topic_impacts" ("topic_id", "impact_id");
CREATE INDEX IF NOT EXISTS "knowledgebase_topic_impacts_topic_id_d750e6ab" ON "knowledgebase_topic_impacts" ("topic_id");
CREATE INDEX IF NOT EXISTS "knowledgebase_topic_impacts_impact_id_7b7ca3b9" ON "knowledgebase_topic_impacts" ("impact_id");
CREATE UNIQUE INDEX "knowledgebase_product_members_from_product_id_to_product_id_9a8ccd2c_uniq" ON "knowledgebase_product_members" ("from_product_id", "to_product_id");
CREATE INDEX IF NOT EXISTS "knowledgebase_product_members_from_product_id_c52d0ac5" ON "knowledgebase_product_members" ("from_product_id");
CREATE INDEX IF NOT EXISTS "knowledgebase_product_members_to_product_id_918c8808" ON "knowledgebase_product_members" ("to_product_id");
CREATE UNIQUE INDEX "knowledgebase_location_members_from_location_id_to_location_id_e45db455_uniq" ON "knowledgebase_location_members" ("from_location_id", "to_location_id");
CREATE INDEX IF NOT EXISTS "knowledgebase_location_members_from_location_id_7302ce95" ON "knowledgebase_location_members" ("from_location_id");
CREATE INDEX IF NOT EXISTS "knowledgebase_location_members_to_location_id_6ed01a55" ON "knowledgebase_location_members" ("to_location_id");
CREATE UNIQUE INDEX "knowledgebase_impact_members_from_impact_id_to_impact_id_a4d850d5_uniq" ON "knowledgebase_impact_members" ("from_impact_id", "to_impact_id");
CREATE INDEX IF NOT EXISTS "knowledgebase_impact_members_from_impact_id_105ca189" ON "knowledgebase_impact_members" ("from_impact_id");
CREATE INDEX IF NOT EXISTS "knowledgebase_impact_members_to_impact_id_8b695957" ON "knowledgebase_impact_members" ("to_impact_id");
CREATE UNIQUE INDEX "knowledgebase_activity_members_from_activity_id_to_activity_id_1eff765f_uniq" ON "knowledgebase_activity_members" ("from_activity_id", "to_activity_id");
CREATE INDEX IF NOT EXISTS "knowledgebase_activity_members_from_activity_id_c9a26e2e" ON "knowledgebase_activity_members" ("from_activity_id");
CREATE INDEX IF NOT EXISTS "knowledgebase_activity_members_to_activity_id_579436d7" ON "knowledgebase_activity_members" ("to_activity_id");
CREATE UNIQUE INDEX "knowledgebase_actor_members_from_actor_id_to_actor_id_e7ed223d_uniq" ON "knowledgebase_actor_members" ("from_actor_id", "to_actor_id");
CREATE INDEX IF NOT EXISTS "knowledgebase_actor_members_from_actor_id_f23e9112" ON "knowledgebase_actor_members" ("from_actor_id");
CREATE INDEX IF NOT EXISTS "knowledgebase_actor_members_to_actor_id_0201cd5c" ON "knowledgebase_actor_members" ("to_actor_id");
CREATE INDEX IF NOT EXISTS "rest_framework_api_key_apikey_created_c61872d9" ON "rest_framework_api_key_apikey" ("created");
CREATE INDEX IF NOT EXISTS "knowledgebase_actor_category_id_9ed600e2" ON "knowledgebase_actor" ("category_id");
CREATE INDEX IF NOT EXISTS "knowledgebase_product_category_id_e08a0e2f" ON "knowledgebase_product" ("category_id");
CREATE INDEX IF NOT EXISTS "account_emailconfirmation_email_address_id_5b7f8c58" ON "account_emailconfirmation" ("email_address_id");
CREATE UNIQUE INDEX "account_emailaddress_user_id_email_987c8728_uniq" ON "account_emailaddress" ("user_id", "email");
CREATE UNIQUE INDEX "unique_verified_email" ON "account_emailaddress" ("email") WHERE "verified";
CREATE INDEX IF NOT EXISTS "account_emailaddress_user_id_2c513194" ON "account_emailaddress" ("user_id");
CREATE INDEX IF NOT EXISTS "account_emailaddress_upper" ON "account_emailaddress" ((UPPER("email")));
CREATE UNIQUE INDEX "socialaccount_socialtoken_app_id_account_id_fca4e0ac_uniq" ON "socialaccount_socialtoken" ("app_id", "account_id");
CREATE INDEX IF NOT EXISTS "socialaccount_socialtoken_account_id_951f210e" ON "socialaccount_socialtoken" ("account_id");
CREATE INDEX IF NOT EXISTS "socialaccount_socialtoken_app_id_636a42d7" ON "socialaccount_socialtoken" ("app_id");
CREATE UNIQUE INDEX "socialaccount_socialaccount_provider_uid_fc810c6e_uniq" ON "socialaccount_socialaccount" ("provider", "uid");
CREATE INDEX IF NOT EXISTS "socialaccount_socialaccount_user_id_8146e70c" ON "socialaccount_socialaccount" ("user_id");
CREATE INDEX IF NOT EXISTS "knowledgebase_location_category_id_c7d20c2e" ON "knowledgebase_location" ("category_id");
CREATE INDEX IF NOT EXISTS "knowledgebase_evidence_document_id_c2f41197" ON "knowledgebase_evidence" ("document_id");
CREATE INDEX IF NOT EXISTS "knowledgebase_evidence_topic_id_0486bccd" ON "knowledgebase_evidence" ("topic_id");
CREATE TABLE IF NOT EXISTS "django_content_type" ("id" integer NOT NULL PRIMARY KEY AUTOINCREMENT, "app_label" varchar(100) NOT NULL, "model" varchar(100) NOT NULL);
INSERT INTO "django_content_type" VALUES(1,'admin','logentry');
INSERT INTO "django_content_type" VALUES(2,'auth','permission');
INSERT INTO "django_content_type" VALUES(3,'auth','group');
INSERT INTO "django_content_type" VALUES(4,'auth','user');
INSERT INTO "django_content_type" VALUES(5,'contenttypes','contenttype');
INSERT INTO "django_content_type" VALUES(6,'sessions','session');
INSERT INTO "django_content_type" VALUES(7,'knowledgebase','document');
INSERT INTO "django_content_type" VALUES(8,'knowledgebase','actor');
INSERT INTO "django_content_type" VALUES(9,'knowledgebase','actorcategory');
INSERT INTO "django_content_type" VALUES(10,'knowledgebase','location');
INSERT INTO "django_content_type" VALUES(12,'knowledgebase','locationcategory');
INSERT INTO "django_content_type" VALUES(14,'knowledgebase','productcategory');
INSERT INTO "django_content_type" VALUES(15,'knowledgebase','topic');
INSERT INTO "django_content_type" VALUES(16,'knowledgebase','product');
INSERT INTO "django_content_type" VALUES(17,'knowledgebase','evidence');
INSERT INTO "django_content_type" VALUES(18,'knowledgebase','impact');
INSERT INTO "django_content_type" VALUES(19,'knowledgebase','activity');
INSERT INTO "django_content_type" VALUES(25,'rest_framework_api_key','apikey');
INSERT INTO "django_content_type" VALUES(28,'account','emailaddress');
INSERT INTO "django_content_type" VALUES(29,'account','emailconfirmation');
INSERT INTO "django_content_type" VALUES(30,'socialaccount','socialaccount');
INSERT INTO "django_content_type" VALUES(31,'socialaccount','socialapp');
INSERT INTO "django_content_type" VALUES(32,'socialaccount','socialtoken');
CREATE UNIQUE INDEX "auth_group_permissions_group_id_permission_id_0cd325b0_uniq" ON "auth_group_permissions" ("group_id", "permission_id");
CREATE INDEX IF NOT EXISTS "auth_group_permissions_group_id_b120cbf9" ON "auth_group_permissions" ("group_id");
CREATE INDEX IF NOT EXISTS "auth_group_permissions_permission_id_84c5c92e" ON "auth_group_permissions" ("permission_id");
CREATE UNIQUE INDEX "auth_user_groups_user_id_group_id_94350c0c_uniq" ON "auth_user_groups" ("user_id", "group_id");
CREATE INDEX IF NOT EXISTS "auth_user_groups_user_id_6a12ed8b" ON "auth_user_groups" ("user_id");
CREATE INDEX IF NOT EXISTS "auth_user_groups_group_id_97559544" ON "auth_user_groups" ("group_id");
CREATE UNIQUE INDEX "auth_user_user_permissions_user_id_permission_id_14a6b632_uniq" ON "auth_user_user_permissions" ("user_id", "permission_id");
CREATE INDEX IF NOT EXISTS "auth_user_user_permissions_user_id_a95ead1b" ON "auth_user_user_permissions" ("user_id");
CREATE INDEX IF NOT EXISTS "auth_user_user_permissions_permission_id_1fbb5f2c" ON "auth_user_user_permissions" ("permission_id");
CREATE INDEX IF NOT EXISTS "django_admin_log_content_type_id_c4bce8eb" ON "django_admin_log" ("content_type_id");
CREATE INDEX IF NOT EXISTS "django_admin_log_user_id_c564eba6" ON "django_admin_log" ("user_id");
CREATE UNIQUE INDEX "django_content_type_app_label_model_76bd3d3b_uniq" ON "django_content_type" ("app_label", "model");
CREATE UNIQUE INDEX "auth_permission_content_type_id_codename_01ab375a_uniq" ON "auth_permission" ("content_type_id", "codename");
CREATE INDEX IF NOT EXISTS "auth_permission_content_type_id_2f476e4b" ON "auth_permission" ("content_type_id");
CREATE INDEX IF NOT EXISTS "django_session_expire_date_a5c62663" ON "django_session" ("expire_date");
CREATE UNIQUE INDEX "knowledgebase_document_assocs_document_id_actor_id_0dba6674_uniq" ON "knowledgebase_document_assocs" ("document_id", "actor_id");
CREATE INDEX IF NOT EXISTS "knowledgebase_document_assocs_document_id_787a19cd" ON "knowledgebase_document_assocs" ("document_id");
CREATE INDEX IF NOT EXISTS "knowledgebase_document_assocs_actor_id_3ac84104" ON "knowledgebase_document_assocs" ("actor_id");
CREATE UNIQUE INDEX "knowledgebase_topic_products_topic_id_product_id_3f42bd5d_uniq" ON "knowledgebase_topic_products" ("topic_id", "product_id");
CREATE INDEX IF NOT EXISTS "knowledgebase_topic_products_topic_id_f888e9d9" ON "knowledgebase_topic_products" ("topic_id");
CREATE INDEX IF NOT EXISTS "knowledgebase_topic_products_product_id_8629a278" ON "knowledgebase_topic_products" ("product_id");
CREATE UNIQUE INDEX "knowledgebase_topic_locations_topic_id_location_id_f696a750_uniq" ON "knowledgebase_topic_locations" ("topic_id", "location_id");
CREATE INDEX IF NOT EXISTS "knowledgebase_topic_locations_topic_id_6aed79ba" ON "knowledgebase_topic_locations" ("topic_id");
CREATE INDEX IF NOT EXISTS "knowledgebase_topic_locations_location_id_8f9c03b8" ON "knowledgebase_topic_locations" ("location_id");
CREATE UNIQUE INDEX "knowledgebase_topic_activities_topic_id_activity_id_ec4b9f3e_uniq" ON "knowledgebase_topic_activities" ("topic_id", "activity_id");
CREATE INDEX IF NOT EXISTS "knowledgebase_topic_activities_topic_id_9de12ab5" ON "knowledgebase_topic_activities" ("topic_id");
CREATE INDEX IF NOT EXISTS "knowledgebase_topic_activities_activity_id_8baf0b60" ON "knowledgebase_topic_activities" ("activity_id");
CREATE UNIQUE INDEX "knowledgebase_topic_actors_topic_id_actor_id_95b82317_uniq" ON "knowledgebase_topic_actors" ("topic_id", "actor_id");
CREATE INDEX IF NOT EXISTS "knowledgebase_topic_actors_topic_id_8653ede0" ON "knowledgebase_topic_actors" ("topic_id");
CREATE INDEX IF NOT EXISTS "knowledgebase_topic_actors_actor_id_877d062b" ON "knowledgebase_topic_actors" ("actor_id");
CREATE UNIQUE INDEX "knowledgebase_topic_impacts_topic_id_impact_id_c9cfe9f2_uniq" ON "knowledgebase_topic_impacts" ("topic_id", "impact_id");
CREATE INDEX IF NOT EXISTS "knowledgebase_topic_impacts_topic_id_d750e6ab" ON "knowledgebase_topic_impacts" ("topic_id");
CREATE INDEX IF NOT EXISTS "knowledgebase_topic_impacts_impact_id_7b7ca3b9" ON "knowledgebase_topic_impacts" ("impact_id");
CREATE UNIQUE INDEX "knowledgebase_product_members_from_product_id_to_product_id_9a8ccd2c_uniq" ON "knowledgebase_product_members" ("from_product_id", "to_product_id");
CREATE INDEX IF NOT EXISTS "knowledgebase_product_members_from_product_id_c52d0ac5" ON "knowledgebase_product_members" ("from_product_id");
CREATE INDEX IF NOT EXISTS "knowledgebase_product_members_to_product_id_918c8808" ON "knowledgebase_product_members" ("to_product_id");
CREATE UNIQUE INDEX "knowledgebase_location_members_from_location_id_to_location_id_e45db455_uniq" ON "knowledgebase_location_members" ("from_location_id", "to_location_id");
CREATE INDEX IF NOT EXISTS "knowledgebase_location_members_from_location_id_7302ce95" ON "knowledgebase_location_members" ("from_location_id");
CREATE INDEX IF NOT EXISTS "knowledgebase_location_members_to_location_id_6ed01a55" ON "knowledgebase_location_members" ("to_location_id");
CREATE UNIQUE INDEX "knowledgebase_impact_members_from_impact_id_to_impact_id_a4d850d5_uniq" ON "knowledgebase_impact_members" ("from_impact_id", "to_impact_id");
CREATE INDEX IF NOT EXISTS "knowledgebase_impact_members_from_impact_id_105ca189" ON "knowledgebase_impact_members" ("from_impact_id");
CREATE INDEX IF NOT EXISTS "knowledgebase_impact_members_to_impact_id_8b695957" ON "knowledgebase_impact_members" ("to_impact_id");
CREATE UNIQUE INDEX "knowledgebase_activity_members_from_activity_id_to_activity_id_1eff765f_uniq" ON "knowledgebase_activity_members" ("from_activity_id", "to_activity_id");
CREATE INDEX IF NOT EXISTS "knowledgebase_activity_members_from_activity_id_c9a26e2e" ON "knowledgebase_activity_members" ("from_activity_id");
CREATE INDEX IF NOT EXISTS "knowledgebase_activity_members_to_activity_id_579436d7" ON "knowledgebase_activity_members" ("to_activity_id");
CREATE UNIQUE INDEX "knowledgebase_actor_members_from_actor_id_to_actor_id_e7ed223d_uniq" ON "knowledgebase_actor_members" ("from_actor_id", "to_actor_id");
CREATE INDEX IF NOT EXISTS "knowledgebase_actor_members_from_actor_id_f23e9112" ON "knowledgebase_actor_members" ("from_actor_id");
CREATE INDEX IF NOT EXISTS "knowledgebase_actor_members_to_actor_id_0201cd5c" ON "knowledgebase_actor_members" ("to_actor_id");
CREATE INDEX IF NOT EXISTS "rest_framework_api_key_apikey_created_c61872d9" ON "rest_framework_api_key_apikey" ("created");
CREATE INDEX IF NOT EXISTS "knowledgebase_actor_category_id_9ed600e2" ON "knowledgebase_actor" ("category_id");
CREATE INDEX IF NOT EXISTS "knowledgebase_product_category_id_e08a0e2f" ON "knowledgebase_product" ("category_id");
CREATE INDEX IF NOT EXISTS "account_emailconfirmation_email_address_id_5b7f8c58" ON "account_emailconfirmation" ("email_address_id");
CREATE UNIQUE INDEX "account_emailaddress_user_id_email_987c8728_uniq" ON "account_emailaddress" ("user_id", "email");
CREATE UNIQUE INDEX "unique_verified_email" ON "account_emailaddress" ("email") WHERE "verified";
CREATE INDEX IF NOT EXISTS "account_emailaddress_user_id_2c513194" ON "account_emailaddress" ("user_id");
CREATE INDEX IF NOT EXISTS "account_emailaddress_upper" ON "account_emailaddress" ((UPPER("email")));
CREATE UNIQUE INDEX "socialaccount_socialtoken_app_id_account_id_fca4e0ac_uniq" ON "socialaccount_socialtoken" ("app_id", "account_id");
CREATE INDEX IF NOT EXISTS "socialaccount_socialtoken_account_id_951f210e" ON "socialaccount_socialtoken" ("account_id");
CREATE INDEX IF NOT EXISTS "socialaccount_socialtoken_app_id_636a42d7" ON "socialaccount_socialtoken" ("app_id");
CREATE UNIQUE INDEX "socialaccount_socialaccount_provider_uid_fc810c6e_uniq" ON "socialaccount_socialaccount" ("provider", "uid");
CREATE INDEX IF NOT EXISTS "socialaccount_socialaccount_user_id_8146e70c" ON "socialaccount_socialaccount" ("user_id");
CREATE INDEX IF NOT EXISTS "knowledgebase_location_category_id_c7d20c2e" ON "knowledgebase_location" ("category_id");
CREATE INDEX IF NOT EXISTS "knowledgebase_evidence_document_id_c2f41197" ON "knowledgebase_evidence" ("document_id");
CREATE INDEX IF NOT EXISTS "knowledgebase_evidence_topic_id_0486bccd" ON "knowledgebase_evidence" ("topic_id");
CREATE TABLE IF NOT EXISTS "django_migrations" ("id" integer NOT NULL PRIMARY KEY AUTOINCREMENT, "app" varchar(255) NOT NULL, "name" varchar(255) NOT NULL, "applied" datetime NOT NULL);
INSERT INTO "django_migrations" VALUES(1,'contenttypes','0001_initial','2023-04-13 19:32:48.677732');
INSERT INTO "django_migrations" VALUES(2,'auth','0001_initial','2023-04-13 19:32:49.252039');
INSERT INTO "django_migrations" VALUES(3,'admin','0001_initial','2023-04-13 19:32:49.903215');
INSERT INTO "django_migrations" VALUES(4,'admin','0002_logentry_remove_auto_add','2023-04-13 19:32:50.193868');
INSERT INTO "django_migrations" VALUES(5,'admin','0003_logentry_add_action_flag_choices','2023-04-13 19:32:50.477796');
INSERT INTO "django_migrations" VALUES(6,'contenttypes','0002_remove_content_type_name','2023-04-13 19:32:50.918657');
INSERT INTO "django_migrations" VALUES(7,'auth','0002_alter_permission_name_max_length','2023-04-13 19:32:50.955891');
INSERT INTO "django_migrations" VALUES(8,'auth','0003_alter_user_email_max_length','2023-04-13 19:32:50.981262');
INSERT INTO "django_migrations" VALUES(9,'auth','0004_alter_user_username_opts','2023-04-13 19:32:51.003139');
INSERT INTO "django_migrations" VALUES(10,'auth','0005_alter_user_last_login_null','2023-04-13 19:32:51.033260');
INSERT INTO "django_migrations" VALUES(11,'auth','0006_require_contenttypes_0002','2023-04-13 19:32:51.039421');
INSERT INTO "django_migrations" VALUES(12,'auth','0007_alter_validators_add_error_messages','2023-04-13 19:32:51.061338');
INSERT INTO "django_migrations" VALUES(13,'auth','0008_alter_user_username_max_length','2023-04-13 19:32:51.086344');
INSERT INTO "django_migrations" VALUES(14,'auth','0009_alter_user_last_name_max_length','2023-04-13 19:32:51.110089');
INSERT INTO "django_migrations" VALUES(15,'auth','0010_alter_group_name_max_length','2023-04-13 19:32:51.131136');
INSERT INTO "django_migrations" VALUES(16,'auth','0011_update_proxy_permissions','2023-04-13 19:32:51.154031');
INSERT INTO "django_migrations" VALUES(17,'auth','0012_alter_user_first_name_max_length','2023-04-13 19:32:51.177548');
INSERT INTO "django_migrations" VALUES(18,'sessions','0001_initial','2023-04-13 19:32:51.189439');
INSERT INTO "django_migrations" VALUES(19,'knowledgebase','0001_initial','2023-04-14 14:01:32.816415');
INSERT INTO "django_migrations" VALUES(20,'knowledgebase','0002_alter_stakeholder_name','2023-04-14 14:02:04.594586');
INSERT INTO "django_migrations" VALUES(21,'knowledgebase','0003_document_author','2023-04-14 14:13:18.139793');
INSERT INTO "django_migrations" VALUES(22,'knowledgebase','0004_stakeholder_documents','2023-04-14 14:14:29.592761');
INSERT INTO "django_migrations" VALUES(23,'knowledgebase','0005_remove_document_author','2023-04-14 15:12:33.631503');
INSERT INTO "django_migrations" VALUES(24,'knowledgebase','0006_alter_document_comments_alter_document_description_and_more','2023-04-14 15:36:24.928968');
INSERT INTO "django_migrations" VALUES(25,'knowledgebase','0007_document_author','2023-04-14 15:39:08.924071');
INSERT INTO "django_migrations" VALUES(26,'knowledgebase','0008_remove_stakeholder_documents','2023-04-16 18:15:20.345871');
INSERT INTO "django_migrations" VALUES(27,'knowledgebase','0009_alter_document_options_alter_stakeholder_options_and_more','2023-04-16 19:25:15.839057');
INSERT INTO "django_migrations" VALUES(28,'knowledgebase','0010_rename_author_document_authors','2023-04-16 19:30:04.619486');
INSERT INTO "django_migrations" VALUES(29,'knowledgebase','0011_location_product_supply_stakeholdercategoty_and_more','2023-04-17 18:43:12.874350');
INSERT INTO "django_migrations" VALUES(30,'knowledgebase','0012_rename_stakeholdercategoty_stakeholdercategory_and_more','2023-04-17 19:00:36.446019');
INSERT INTO "django_migrations" VALUES(31,'knowledgebase','0013_alter_document_options_alter_impactcategory_parent_and_more','2023-04-17 19:02:53.951415');
INSERT INTO "django_migrations" VALUES(32,'knowledgebase','0014_alter_impactcategory_description_and_more','2023-04-17 19:03:31.145540');
INSERT INTO "django_migrations" VALUES(33,'knowledgebase','0015_alter_impactcategory_parent_and_more','2023-04-17 19:04:56.012015');
INSERT INTO "django_migrations" VALUES(34,'knowledgebase','0016_alter_stakeholder_options_stakeholder_category_and_more','2023-04-17 19:55:59.599300');
INSERT INTO "django_migrations" VALUES(35,'knowledgebase','0017_alter_document_options_alter_impact_options_and_more','2023-04-17 20:10:06.729930');
INSERT INTO "django_migrations" VALUES(36,'knowledgebase','0018_location_within','2023-04-17 20:14:53.161730');
INSERT INTO "django_migrations" VALUES(37,'knowledgebase','0019_remove_supply_location_remove_supply_product_and_more','2023-04-17 20:24:50.959152');
INSERT INTO "django_migrations" VALUES(38,'knowledgebase','0020_rename_stakeholder_actor_and_more','2023-04-18 18:09:31.522816');
INSERT INTO "django_migrations" VALUES(39,'knowledgebase','0021_alter_actor_options_alter_actorcategory_options_and_more','2023-04-18 19:39:15.909829');
INSERT INTO "django_migrations" VALUES(40,'knowledgebase','0022_rename_impact_topic_and_more','2023-04-18 19:40:15.539827');
INSERT INTO "django_migrations" VALUES(41,'knowledgebase','0023_evidence_rename_comments_document_note_and_more','2023-04-18 19:57:11.233828');
INSERT INTO "django_migrations" VALUES(42,'knowledgebase','0024_impact_remove_topiccategory_parent_alter_actor_name_and_more','2023-04-18 20:01:15.406873');
INSERT INTO "django_migrations" VALUES(43,'knowledgebase','0025_evidence_impact','2023-04-18 20:07:19.757907');
INSERT INTO "django_migrations" VALUES(44,'knowledgebase','0026_alter_impact_options_remove_evidence_actor_and_more','2023-04-18 20:17:37.755104');
INSERT INTO "django_migrations" VALUES(45,'knowledgebase','0027_alter_actor_slug_alter_document_slug_and_more','2023-04-18 20:26:17.702253');
INSERT INTO "django_migrations" VALUES(46,'knowledgebase','0028_alter_actor_slug_alter_document_slug_and_more','2023-04-18 20:28:09.204932');
INSERT INTO "django_migrations" VALUES(47,'knowledgebase','0029_remove_actor_slug_remove_document_slug_and_more','2023-04-18 20:30:09.035082');
INSERT INTO "django_migrations" VALUES(48,'knowledgebase','0030_actor_slug_document_slug_evidence_slug_impact_slug_and_more','2023-04-18 20:30:24.206240');
INSERT INTO "django_migrations" VALUES(49,'knowledgebase','0031_rename_slug_actor_slugg_rename_slug_document_slugg_and_more','2023-04-18 20:31:06.948447');
INSERT INTO "django_migrations" VALUES(50,'knowledgebase','0032_remove_actor_slugg_remove_document_slugg_and_more','2023-04-18 20:34:51.334990');
INSERT INTO "django_migrations" VALUES(51,'knowledgebase','0033_remove_document_topic','2023-04-18 20:38:06.964253');
INSERT INTO "django_migrations" VALUES(52,'knowledgebase','0034_document_topic','2023-04-18 20:38:15.761490');
INSERT INTO "django_migrations" VALUES(53,'knowledgebase','0035_alter_topic_actor_alter_topic_impact_and_more','2023-04-18 20:39:59.150592');
INSERT INTO "django_migrations" VALUES(54,'knowledgebase','0036_actor_slug_document_slug_evidence_slug_impact_slug_and_more','2023-04-18 20:43:39.766241');
INSERT INTO "django_migrations" VALUES(55,'knowledgebase','0037_remove_document_topic_document_topics','2023-04-18 20:50:15.719731');
INSERT INTO "django_migrations" VALUES(56,'knowledgebase','0038_alter_document_topics','2023-04-18 20:56:46.682242');
INSERT INTO "django_migrations" VALUES(57,'knowledgebase','0039_remove_evidence_slug','2023-04-18 20:58:43.885030');
INSERT INTO "django_migrations" VALUES(58,'knowledgebase','0040_evidence_reference_evidence_relevance_and_more','2023-04-19 17:34:26.169635');
INSERT INTO "django_migrations" VALUES(59,'knowledgebase','0041_remove_topic_impact_alter_actor_name_and_more','2023-04-19 17:34:26.390402');
INSERT INTO "django_migrations" VALUES(60,'knowledgebase','0042_topic_impact','2023-04-19 17:34:26.417108');
INSERT INTO "django_migrations" VALUES(61,'knowledgebase','0043_action_topic_action','2023-04-19 17:56:49.751363');
INSERT INTO "django_migrations" VALUES(62,'knowledgebase','0044_document_todo_alter_document_description_and_more','2023-04-19 19:08:47.267092');
INSERT INTO "django_migrations" VALUES(71,'knowledgebase','0045_actorcategory_slug_locationcategory_slug_and_more','2023-04-25 18:58:29.278576');
INSERT INTO "django_migrations" VALUES(72,'knowledgebase','0046_document_created_at_document_updated_at','2023-04-25 20:07:21.465577');
INSERT INTO "django_migrations" VALUES(73,'knowledgebase','0047_rename_action_activity_alter_activity_options_and_more','2023-04-27 13:52:36.008178');
INSERT INTO "django_migrations" VALUES(74,'knowledgebase','0048_alter_evidence_options_evidence_slug_and_more','2023-04-28 12:48:45.711117');
INSERT INTO "django_migrations" VALUES(75,'knowledgebase','0049_alter_actorcategory_slug_alter_locationcategory_slug_and_more','2023-04-28 12:49:27.116981');
INSERT INTO "django_migrations" VALUES(76,'knowledgebase','0050_rename_topics_document_insights','2023-04-28 14:44:37.405297');
INSERT INTO "django_migrations" VALUES(77,'knowledgebase','0051_rename_insights_document_topics','2023-04-28 14:45:54.898084');
INSERT INTO "django_migrations" VALUES(78,'knowledgebase','0052_document_volume_evidence_period','2023-05-02 18:18:27.526553');
INSERT INTO "django_migrations" VALUES(79,'knowledgebase','0053_document_file','2023-05-02 18:18:27.564164');
INSERT INTO "django_migrations" VALUES(80,'knowledgebase','0054_alter_evidence_period','2023-05-02 18:21:17.421578');
INSERT INTO "django_migrations" VALUES(81,'knowledgebase','0055_remove_evidence_period_alter_activity_slug_and_more','2023-05-03 20:53:30.200352');
INSERT INTO "django_migrations" VALUES(82,'knowledgebase','0056_alter_evidence_document_alter_evidence_topic','2023-05-04 08:12:34.732013');
INSERT INTO "django_migrations" VALUES(83,'knowledgebase','0057_alter_document_topics_alter_evidence_document_and_more','2023-05-04 08:14:20.270264');
INSERT INTO "django_migrations" VALUES(84,'knowledgebase','0058_alter_activity_slug_alter_actor_slug_and_more','2023-05-04 08:56:39.536944');
INSERT INTO "django_migrations" VALUES(85,'knowledgebase','0059_alter_activity_slug_alter_actor_slug_and_more','2023-05-04 08:59:56.375093');
INSERT INTO "django_migrations" VALUES(86,'knowledgebase','0060_remove_actorcategory_parent_and_more','2023-05-04 09:07:35.572260');
INSERT INTO "django_migrations" VALUES(87,'knowledgebase','0061_alter_document_file','2023-05-04 12:31:00.642819');
INSERT INTO "django_migrations" VALUES(88,'knowledgebase','0062_alter_activity_slug_alter_actor_slug_and_more','2023-05-04 13:30:11.814175');
INSERT INTO "django_migrations" VALUES(89,'knowledgebase','0063_remove_activity_slug_remove_actor_slug_and_more','2023-05-04 16:15:56.004360');
INSERT INTO "django_migrations" VALUES(90,'knowledgebase','0064_alter_actor_name_alter_location_name','2023-05-04 19:18:03.425196');
INSERT INTO "django_migrations" VALUES(91,'knowledgebase','0065_alter_document_subtitle_alter_document_title','2023-05-11 08:05:26.977243');
INSERT INTO "django_migrations" VALUES(92,'knowledgebase','0066_location_parent','2023-05-11 08:53:45.370370');
INSERT INTO "django_migrations" VALUES(93,'knowledgebase','0067_remove_location_within','2023-05-11 13:14:30.896099');
INSERT INTO "django_migrations" VALUES(94,'knowledgebase','0068_alter_evidence_document_alter_evidence_topic','2023-05-11 16:46:29.262590');
INSERT INTO "django_migrations" VALUES(95,'knowledgebase','0069_alter_evidence_document_alter_evidence_topic','2023-05-11 16:57:02.290273');
INSERT INTO "django_migrations" VALUES(96,'knowledgebase','0070_alter_evidence_relevance','2023-05-11 16:57:24.952074');
INSERT INTO "django_migrations" VALUES(97,'knowledgebase','0071_alter_evidence_document_alter_evidence_topic','2023-05-11 17:00:48.169309');
INSERT INTO "django_migrations" VALUES(98,'knowledgebase','0072_alter_evidence_document_alter_evidence_topic','2023-05-11 17:01:19.981613');
INSERT INTO "django_migrations" VALUES(99,'knowledgebase','0073_alter_evidence_options','2023-05-11 17:42:19.346657');
INSERT INTO "django_migrations" VALUES(100,'knowledgebase','0074_product_parent','2023-05-12 06:30:05.065191');
INSERT INTO "django_migrations" VALUES(101,'knowledgebase','0075_alter_evidence_relevance','2023-05-12 18:47:43.078879');
INSERT INTO "django_migrations" VALUES(102,'knowledgebase','0076_alter_evidence_relevance','2023-05-12 19:18:48.045478');
INSERT INTO "django_migrations" VALUES(103,'knowledgebase','0077_rename_authors_document_editors_document_author','2023-05-13 05:35:03.568259');
INSERT INTO "django_migrations" VALUES(104,'knowledgebase','0078_alter_evidence_relevance','2023-05-13 05:41:34.225781');
INSERT INTO "django_migrations" VALUES(105,'knowledgebase','0079_remove_document_editors_document_assocs','2023-05-13 05:56:49.549714');
INSERT INTO "django_migrations" VALUES(106,'knowledgebase','0080_activity_parent_alter_document_assocs','2023-05-13 06:49:38.504020');
INSERT INTO "django_migrations" VALUES(107,'knowledgebase','0081_actor_abbreviation_actor_alternative_names','2023-05-14 04:08:12.123925');
INSERT INTO "django_migrations" VALUES(108,'knowledgebase','0082_alter_document_author_alter_document_volume','2023-05-14 06:52:05.580711');
INSERT INTO "django_migrations" VALUES(109,'knowledgebase','0083_alter_activity_options_alter_impact_options_and_more','2023-05-14 08:29:56.371724');
INSERT INTO "django_migrations" VALUES(110,'knowledgebase','0084_actor_parent','2023-05-14 17:16:40.723213');
INSERT INTO "django_migrations" VALUES(111,'knowledgebase','0085_product_alternative_names_and_more','2023-05-14 17:58:43.469355');
INSERT INTO "django_migrations" VALUES(112,'knowledgebase','0086_producttagtree_producttag_product_tags_and_more','2023-06-01 13:25:36.687149');
INSERT INTO "django_migrations" VALUES(113,'knowledgebase','0087_rename_producttagtree_producttreetag','2023-06-01 13:44:55.630576');
INSERT INTO "django_migrations" VALUES(114,'knowledgebase','0088_alter_product_tags_alter_product_tree_tags_and_more','2023-06-01 13:51:44.207053');
INSERT INTO "django_migrations" VALUES(115,'knowledgebase','0089_alter_product_tags_alter_product_tree_tags_and_more','2023-06-01 14:04:52.379344');
INSERT INTO "django_migrations" VALUES(116,'knowledgebase','0090_remove_product_tree_tags_and_more','2023-06-01 15:54:14.593304');
INSERT INTO "django_migrations" VALUES(117,'knowledgebase','0091_remove_product_tags_remove_topic_product_tags_and_more','2023-06-07 18:07:23.164239');
INSERT INTO "django_migrations" VALUES(118,'knowledgebase','0092_alter_topic_options_topic_products_and_more','2023-06-07 19:16:56.625647');
INSERT INTO "django_migrations" VALUES(119,'knowledgebase','0093_alter_topic_product','2023-06-07 19:24:48.526441');
INSERT INTO "django_migrations" VALUES(120,'knowledgebase','0094_topic_locations','2023-06-09 18:40:27.451968');
INSERT INTO "django_migrations" VALUES(121,'knowledgebase','0095_topic_activities_topic_actors_topic_impacts','2023-06-09 18:58:55.344687');
INSERT INTO "django_migrations" VALUES(122,'knowledgebase','0096_alter_topic_options_remove_topic_activity_and_more','2023-06-23 16:03:22.702425');
INSERT INTO "django_migrations" VALUES(123,'knowledgebase','0097_alter_topic_activities_alter_topic_actors_and_more','2023-06-30 19:40:03.096502');
INSERT INTO "django_migrations" VALUES(124,'knowledgebase','0098_product_members','2023-07-03 19:29:04.668936');
INSERT INTO "django_migrations" VALUES(125,'knowledgebase','0099_remove_product_parent','2023-07-03 19:44:06.453476');
INSERT INTO "django_migrations" VALUES(126,'knowledgebase','0100_category_product_cat','2023-07-03 20:43:09.844008');
INSERT INTO "django_migrations" VALUES(127,'knowledgebase','0101_remove_product_cat_delete_category','2023-07-03 21:09:49.163389');
INSERT INTO "django_migrations" VALUES(128,'knowledgebase','0102_location_members_alter_product_members','2023-07-05 09:27:53.005701');
INSERT INTO "django_migrations" VALUES(129,'knowledgebase','0103_remove_location_parent_impact_members','2023-07-05 09:56:22.846076');
INSERT INTO "django_migrations" VALUES(130,'knowledgebase','0104_activity_members_actor_members','2023-07-05 11:15:17.397658');
INSERT INTO "django_migrations" VALUES(131,'knowledgebase','0105_remove_activity_parent_remove_actor_parent_and_more','2023-07-05 11:25:46.123047');
INSERT INTO "django_migrations" VALUES(132,'rest_framework_api_key','0001_initial','2023-07-05 15:27:41.824157');
INSERT INTO "django_migrations" VALUES(133,'rest_framework_api_key','0002_auto_20190529_2243','2023-07-05 15:27:41.872931');
INSERT INTO "django_migrations" VALUES(134,'rest_framework_api_key','0003_auto_20190623_1952','2023-07-05 15:27:41.892637');
INSERT INTO "django_migrations" VALUES(135,'rest_framework_api_key','0004_prefix_hashed_key','2023-07-05 15:27:42.039844');
INSERT INTO "django_migrations" VALUES(136,'rest_framework_api_key','0005_auto_20220110_1102','2023-07-05 15:27:42.108555');
INSERT INTO "django_migrations" VALUES(137,'knowledgebase','0106_topic_a2','2023-07-14 09:27:37.743853');
INSERT INTO "django_migrations" VALUES(138,'knowledgebase','0107_remove_topic_a2_test','2023-07-14 09:45:51.018271');
INSERT INTO "django_migrations" VALUES(139,'knowledgebase','0108_testa_alter_test_actors','2023-07-14 09:48:37.137880');
INSERT INTO "django_migrations" VALUES(140,'knowledgebase','0109_alter_testa_options_testa_abbreviation_and_more','2023-07-14 09:50:08.705788');
INSERT INTO "django_migrations" VALUES(141,'knowledgebase','0110_alter_testa_options','2023-07-14 09:51:18.051929');
INSERT INTO "django_migrations" VALUES(142,'knowledgebase','0111_remove_testa_category_remove_testa_members_and_more','2023-07-14 09:56:44.024225');
INSERT INTO "django_migrations" VALUES(143,'knowledgebase','0112_product_members2','2023-07-14 13:00:25.641331');
INSERT INTO "django_migrations" VALUES(144,'knowledgebase','0113_alter_product_members2','2023-07-14 13:03:22.889599');
INSERT INTO "django_migrations" VALUES(145,'knowledgebase','0114_remove_product_members2','2023-07-14 13:15:40.030848');
INSERT INTO "django_migrations" VALUES(146,'knowledgebase','0115_alter_activity_options_alter_actor_options_and_more','2023-08-12 04:34:20.313411');
INSERT INTO "django_migrations" VALUES(147,'knowledgebase','0116_impact_alternative_names_alter_document_assocs_and_more','2023-08-12 17:13:16.486422');
INSERT INTO "django_migrations" VALUES(148,'knowledgebase','0117_document_extra','2023-10-20 09:33:15.013640');
INSERT INTO "django_migrations" VALUES(149,'knowledgebase','0001_squashed_0116_impact_alternative_names_alter_document_assocs_and_more','2023-10-20 09:33:15.026057');
INSERT INTO "django_migrations" VALUES(150,'knowledgebase','0118_remove_document_extra','2023-10-20 09:35:07.074028');
INSERT INTO "django_migrations" VALUES(151,'knowledgebase','0117_evidence_relevance2','2023-11-12 14:53:00.618728');
INSERT INTO "django_migrations" VALUES(152,'knowledgebase','0001_squashed_0116','2023-11-12 14:53:00.630608');
INSERT INTO "django_migrations" VALUES(153,'knowledgebase','0118_data_migration_evidence_relevance2','2023-11-12 15:04:46.795731');
INSERT INTO "django_migrations" VALUES(154,'knowledgebase','0119_remove_evidence_relevance2_alter_evidence_relevance','2023-11-12 15:05:51.461595');
INSERT INTO "django_migrations" VALUES(155,'knowledgebase','0120_alter_actor_category_alter_location_category_and_more','2023-11-17 18:04:51.420737');
INSERT INTO "django_migrations" VALUES(156,'knowledgebase','0121_alter_actorcategory_name_alter_locationcategory_name_and_more','2023-11-17 18:52:01.477629');
INSERT INTO "django_migrations" VALUES(157,'knowledgebase','0122_alter_document_assocs','2023-11-25 17:00:38.328081');
INSERT INTO "django_migrations" VALUES(158,'account','0001_initial','2023-12-30 21:39:41.282794');
INSERT INTO "django_migrations" VALUES(159,'account','0002_email_max_length','2023-12-30 21:39:41.309943');
INSERT INTO "django_migrations" VALUES(160,'account','0003_alter_emailaddress_create_unique_verified_email','2023-12-30 21:39:41.350402');
INSERT INTO "django_migrations" VALUES(161,'account','0004_alter_emailaddress_drop_unique_email','2023-12-30 21:39:41.385002');
INSERT INTO "django_migrations" VALUES(162,'account','0005_emailaddress_idx_upper_email','2023-12-30 21:39:41.410076');
INSERT INTO "django_migrations" VALUES(163,'socialaccount','0001_initial','2023-12-30 21:39:41.528441');
INSERT INTO "django_migrations" VALUES(164,'socialaccount','0002_token_max_lengths','2023-12-30 21:39:41.568523');
INSERT INTO "django_migrations" VALUES(165,'socialaccount','0003_extra_data_default_dict','2023-12-30 21:39:41.587134');
INSERT INTO "django_migrations" VALUES(166,'socialaccount','0004_app_provider_id_settings','2023-12-30 21:39:41.640689');
INSERT INTO "django_migrations" VALUES(167,'socialaccount','0005_socialtoken_nullable_app','2023-12-30 21:39:41.687683');
INSERT INTO "django_migrations" VALUES(168,'socialaccount','0006_alter_socialaccount_extra_data','2023-12-30 21:39:41.712307');
INSERT INTO "django_migrations" VALUES(169,'knowledgebase','0123_alter_document_file','2024-02-21 14:25:17.512115');
INSERT INTO "django_migrations" VALUES(170,'knowledgebase','0124_location_abbreviation_location_alternative_names_and_more','2024-02-21 14:32:46.335580');
INSERT INTO "django_migrations" VALUES(171,'knowledgebase','0125_actorcategory_alternative_names_and_more','2024-02-26 11:12:27.441207');
INSERT INTO "django_migrations" VALUES(172,'knowledgebase','0126_alter_document_file','2024-02-26 11:12:27.481405');
INSERT INTO "django_migrations" VALUES(173,'knowledgebase','0127_alter_document_file','2024-03-06 07:36:13.077416');
INSERT INTO "django_migrations" VALUES(174,'knowledgebase','0128_alter_document_file','2024-03-11 21:05:07.778352');
CREATE UNIQUE INDEX "auth_group_permissions_group_id_permission_id_0cd325b0_uniq" ON "auth_group_permissions" ("group_id", "permission_id");
CREATE INDEX IF NOT EXISTS "auth_group_permissions_group_id_b120cbf9" ON "auth_group_permissions" ("group_id");
CREATE INDEX IF NOT EXISTS "auth_group_permissions_permission_id_84c5c92e" ON "auth_group_permissions" ("permission_id");
CREATE UNIQUE INDEX "auth_user_groups_user_id_group_id_94350c0c_uniq" ON "auth_user_groups" ("user_id", "group_id");
CREATE INDEX IF NOT EXISTS "auth_user_groups_user_id_6a12ed8b" ON "auth_user_groups" ("user_id");
CREATE INDEX IF NOT EXISTS "auth_user_groups_group_id_97559544" ON "auth_user_groups" ("group_id");
CREATE UNIQUE INDEX "auth_user_user_permissions_user_id_permission_id_14a6b632_uniq" ON "auth_user_user_permissions" ("user_id", "permission_id");
CREATE INDEX IF NOT EXISTS "auth_user_user_permissions_user_id_a95ead1b" ON "auth_user_user_permissions" ("user_id");
CREATE INDEX IF NOT EXISTS "auth_user_user_permissions_permission_id_1fbb5f2c" ON "auth_user_user_permissions" ("permission_id");
CREATE INDEX IF NOT EXISTS "django_admin_log_content_type_id_c4bce8eb" ON "django_admin_log" ("content_type_id");
CREATE INDEX IF NOT EXISTS "django_admin_log_user_id_c564eba6" ON "django_admin_log" ("user_id");
CREATE UNIQUE INDEX "django_content_type_app_label_model_76bd3d3b_uniq" ON "django_content_type" ("app_label", "model");
CREATE UNIQUE INDEX "auth_permission_content_type_id_codename_01ab375a_uniq" ON "auth_permission" ("content_type_id", "codename");
CREATE INDEX IF NOT EXISTS "auth_permission_content_type_id_2f476e4b" ON "auth_permission" ("content_type_id");
CREATE INDEX IF NOT EXISTS "django_session_expire_date_a5c62663" ON "django_session" ("expire_date");
CREATE UNIQUE INDEX "knowledgebase_document_assocs_document_id_actor_id_0dba6674_uniq" ON "knowledgebase_document_assocs" ("document_id", "actor_id");
CREATE INDEX IF NOT EXISTS "knowledgebase_document_assocs_document_id_787a19cd" ON "knowledgebase_document_assocs" ("document_id");
CREATE INDEX IF NOT EXISTS "knowledgebase_document_assocs_actor_id_3ac84104" ON "knowledgebase_document_assocs" ("actor_id");
CREATE UNIQUE INDEX "knowledgebase_topic_products_topic_id_product_id_3f42bd5d_uniq" ON "knowledgebase_topic_products" ("topic_id", "product_id");
CREATE INDEX IF NOT EXISTS "knowledgebase_topic_products_topic_id_f888e9d9" ON "knowledgebase_topic_products" ("topic_id");
CREATE INDEX IF NOT EXISTS "knowledgebase_topic_products_product_id_8629a278" ON "knowledgebase_topic_products" ("product_id");
CREATE UNIQUE INDEX "knowledgebase_topic_locations_topic_id_location_id_f696a750_uniq" ON "knowledgebase_topic_locations" ("topic_id", "location_id");
CREATE INDEX IF NOT EXISTS "knowledgebase_topic_locations_topic_id_6aed79ba" ON "knowledgebase_topic_locations" ("topic_id");
CREATE INDEX IF NOT EXISTS "knowledgebase_topic_locations_location_id_8f9c03b8" ON "knowledgebase_topic_locations" ("location_id");
CREATE UNIQUE INDEX "knowledgebase_topic_activities_topic_id_activity_id_ec4b9f3e_uniq" ON "knowledgebase_topic_activities" ("topic_id", "activity_id");
CREATE INDEX IF NOT EXISTS "knowledgebase_topic_activities_topic_id_9de12ab5" ON "knowledgebase_topic_activities" ("topic_id");
CREATE INDEX IF NOT EXISTS "knowledgebase_topic_activities_activity_id_8baf0b60" ON "knowledgebase_topic_activities" ("activity_id");
CREATE UNIQUE INDEX "knowledgebase_topic_actors_topic_id_actor_id_95b82317_uniq" ON "knowledgebase_topic_actors" ("topic_id", "actor_id");
CREATE INDEX IF NOT EXISTS "knowledgebase_topic_actors_topic_id_8653ede0" ON "knowledgebase_topic_actors" ("topic_id");
CREATE INDEX IF NOT EXISTS "knowledgebase_topic_actors_actor_id_877d062b" ON "knowledgebase_topic_actors" ("actor_id");
CREATE UNIQUE INDEX "knowledgebase_topic_impacts_topic_id_impact_id_c9cfe9f2_uniq" ON "knowledgebase_topic_impacts" ("topic_id", "impact_id");
CREATE INDEX IF NOT EXISTS "knowledgebase_topic_impacts_topic_id_d750e6ab" ON "knowledgebase_topic_impacts" ("topic_id");
CREATE INDEX IF NOT EXISTS "knowledgebase_topic_impacts_impact_id_7b7ca3b9" ON "knowledgebase_topic_impacts" ("impact_id");
CREATE UNIQUE INDEX "knowledgebase_product_members_from_product_id_to_product_id_9a8ccd2c_uniq" ON "knowledgebase_product_members" ("from_product_id", "to_product_id");
CREATE INDEX IF NOT EXISTS "knowledgebase_product_members_from_product_id_c52d0ac5" ON "knowledgebase_product_members" ("from_product_id");
CREATE INDEX IF NOT EXISTS "knowledgebase_product_members_to_product_id_918c8808" ON "knowledgebase_product_members" ("to_product_id");
CREATE UNIQUE INDEX "knowledgebase_location_members_from_location_id_to_location_id_e45db455_uniq" ON "knowledgebase_location_members" ("from_location_id", "to_location_id");
CREATE INDEX IF NOT EXISTS "knowledgebase_location_members_from_location_id_7302ce95" ON "knowledgebase_location_members" ("from_location_id");
CREATE INDEX IF NOT EXISTS "knowledgebase_location_members_to_location_id_6ed01a55" ON "knowledgebase_location_members" ("to_location_id");
CREATE UNIQUE INDEX "knowledgebase_impact_members_from_impact_id_to_impact_id_a4d850d5_uniq" ON "knowledgebase_impact_members" ("from_impact_id", "to_impact_id");
CREATE INDEX IF NOT EXISTS "knowledgebase_impact_members_from_impact_id_105ca189" ON "knowledgebase_impact_members" ("from_impact_id");
CREATE INDEX IF NOT EXISTS "knowledgebase_impact_members_to_impact_id_8b695957" ON "knowledgebase_impact_members" ("to_impact_id");
CREATE UNIQUE INDEX "knowledgebase_activity_members_from_activity_id_to_activity_id_1eff765f_uniq" ON "knowledgebase_activity_members" ("from_activity_id", "to_activity_id");
CREATE INDEX IF NOT EXISTS "knowledgebase_activity_members_from_activity_id_c9a26e2e" ON "knowledgebase_activity_members" ("from_activity_id");
CREATE INDEX IF NOT EXISTS "knowledgebase_activity_members_to_activity_id_579436d7" ON "knowledgebase_activity_members" ("to_activity_id");
CREATE UNIQUE INDEX "knowledgebase_actor_members_from_actor_id_to_actor_id_e7ed223d_uniq" ON "knowledgebase_actor_members" ("from_actor_id", "to_actor_id");
CREATE INDEX IF NOT EXISTS "knowledgebase_actor_members_from_actor_id_f23e9112" ON "knowledgebase_actor_members" ("from_actor_id");
CREATE INDEX IF NOT EXISTS "knowledgebase_actor_members_to_actor_id_0201cd5c" ON "knowledgebase_actor_members" ("to_actor_id");
CREATE INDEX IF NOT EXISTS "rest_framework_api_key_apikey_created_c61872d9" ON "rest_framework_api_key_apikey" ("created");
CREATE INDEX IF NOT EXISTS "knowledgebase_actor_category_id_9ed600e2" ON "knowledgebase_actor" ("category_id");
CREATE INDEX IF NOT EXISTS "knowledgebase_product_category_id_e08a0e2f" ON "knowledgebase_product" ("category_id");
CREATE INDEX IF NOT EXISTS "account_emailconfirmation_email_address_id_5b7f8c58" ON "account_emailconfirmation" ("email_address_id");
CREATE UNIQUE INDEX "account_emailaddress_user_id_email_987c8728_uniq" ON "account_emailaddress" ("user_id", "email");
CREATE UNIQUE INDEX "unique_verified_email" ON "account_emailaddress" ("email") WHERE "verified";
CREATE INDEX IF NOT EXISTS "account_emailaddress_user_id_2c513194" ON "account_emailaddress" ("user_id");
CREATE INDEX IF NOT EXISTS "account_emailaddress_upper" ON "account_emailaddress" ((UPPER("email")));
CREATE UNIQUE INDEX "socialaccount_socialtoken_app_id_account_id_fca4e0ac_uniq" ON "socialaccount_socialtoken" ("app_id", "account_id");
CREATE INDEX IF NOT EXISTS "socialaccount_socialtoken_account_id_951f210e" ON "socialaccount_socialtoken" ("account_id");
CREATE INDEX IF NOT EXISTS "socialaccount_socialtoken_app_id_636a42d7" ON "socialaccount_socialtoken" ("app_id");
CREATE UNIQUE INDEX "socialaccount_socialaccount_provider_uid_fc810c6e_uniq" ON "socialaccount_socialaccount" ("provider", "uid");
CREATE INDEX IF NOT EXISTS "socialaccount_socialaccount_user_id_8146e70c" ON "socialaccount_socialaccount" ("user_id");
CREATE INDEX IF NOT EXISTS "knowledgebase_location_category_id_c7d20c2e" ON "knowledgebase_location" ("category_id");
CREATE INDEX IF NOT EXISTS "knowledgebase_evidence_document_id_c2f41197" ON "knowledgebase_evidence" ("document_id");
CREATE INDEX IF NOT EXISTS "knowledgebase_evidence_topic_id_0486bccd" ON "knowledgebase_evidence" ("topic_id");
CREATE TABLE IF NOT EXISTS "django_session" ("session_key" varchar(40) NOT NULL PRIMARY KEY, "session_data" text NOT NULL, "expire_date" datetime NOT NULL);
INSERT INTO "django_session" VALUES('gkucmm2f5x71txua6mvyxpmuugco6hc8','.eJxVjEEOwiAQRe_C2pBBBigu3XsGMsAgVUOT0q6Md7dNutDte-__twi0LjWsnecwZnERSpx-WaT05LaL_KB2n2Sa2jKPUe6JPGyXtynz63q0fweVet3WzNZr550iM-iSAJidYo-gnUWPBssABYmiQwNFI0YFBB7tBs_kkvh8AcRXNxU:1po637:vFKjySxy3TofF61EhZzkl_6bGuTqWIpMHIXhA9AApro','2023-04-30 17:20:25.512142');
INSERT INTO "django_session" VALUES('p32wqf01zgy5a88rruaeao8rl3kasq8l','.eJxVjEEOwiAQRe_C2pBBBigu3XsGMsAgVUOT0q6Md7dNutDte-__twi0LjWsnecwZnERSpx-WaT05LaL_KB2n2Sa2jKPUe6JPGyXtynz63q0fweVet3WzNZr550iM-iSAJidYo-gnUWPBssABYmiQwNFI0YFBB7tBs_kkvh8AcRXNxU:1poTuL:avb0-bl8THVA4Ut7P5azhixJHHzCoMS0wJyJlQCgWn4','2023-05-01 18:48:57.168190');
INSERT INTO "django_session" VALUES('0aqi9vcrg8ci6z5jdvcuixnj1ky3waz5','.eJxVjEEOwiAQRe_C2pBBBigu3XsGMsAgVUOT0q6Md7dNutDte-__twi0LjWsnecwZnERSpx-WaT05LaL_KB2n2Sa2jKPUe6JPGyXtynz63q0fweVet3WzNZr550iM-iSAJidYo-gnUWPBssABYmiQwNFI0YFBB7tBs_kkvh8AcRXNxU:1porm5:ek_3SACbgndHrgEMN6hcb-8Sh6k5ekvszQkZ1kCO8xM','2023-05-02 20:18:01.360348');
INSERT INTO "django_session" VALUES('5qusg2a8tb2zz09vyf7g3mgs4xga2jpx','.eJxVjEEOwiAQRe_C2pBBBigu3XsGMsAgVUOT0q6Md7dNutDte-__twi0LjWsnecwZnERSpx-WaT05LaL_KB2n2Sa2jKPUe6JPGyXtynz63q0fweVet3WzNZr550iM-iSAJidYo-gnUWPBssABYmiQwNFI0YFBB7tBs_kkvh8AcRXNxU:1ppBME:glOcCSpoRz7TRPlNjnVn_2PjeDL7MMPQOWpTLBf7wd0','2023-05-03 17:12:38.174609');
INSERT INTO "django_session" VALUES('crb5dpb9nkh34mfbyxsvjutifm9akphn','.eJxVjEEOwiAQRe_C2pBBBigu3XsGMsAgVUOT0q6Md7dNutDte-__twi0LjWsnecwZnERSpx-WaT05LaL_KB2n2Sa2jKPUe6JPGyXtynz63q0fweVet3WzNZr550iM-iSAJidYo-gnUWPBssABYmiQwNFI0YFBB7tBs_kkvh8AcRXNxU:1prMT4:KwEtBdbZhdhr3esR5S2GrlKncba3ocmRbp5MlKJ6r6k','2023-05-09 17:28:42.128788');
INSERT INTO "django_session" VALUES('zxjglja9yq18o6ts746vh3igor98bb8m','.eJxVjEEOwiAQRe_C2pBBBigu3XsGMsAgVUOT0q6Md7dNutDte-__twi0LjWsnecwZnERSpx-WaT05LaL_KB2n2Sa2jKPUe6JPGyXtynz63q0fweVet3WzNZr550iM-iSAJidYo-gnUWPBssABYmiQwNFI0YFBB7tBs_kkvh8AcRXNxU:1przW6:8mwdrmQEPWgw2upSxwh5ooWmRwvcZzWatNKnXJ8ypH0','2023-05-11 11:10:26.623664');
INSERT INTO "django_session" VALUES('tii0jzs4bzqencit2dhct3rk8ln4emks','.eJxVjEEOwiAQRe_C2pBBBigu3XsGMsAgVUOT0q6Md7dNutDte-__twi0LjWsnecwZnERSpx-WaT05LaL_KB2n2Sa2jKPUe6JPGyXtynz63q0fweVet3WzNZr550iM-iSAJidYo-gnUWPBssABYmiQwNFI0YFBB7tBs_kkvh8AcRXNxU:1psHap:oGwRa4Hneid03itAPvhgp-B6FQFShnaEQFp-J8W83PA','2023-05-12 06:28:31.737427');
INSERT INTO "django_session" VALUES('yxibrqr1vcyxlrhxjz79igun04uvclzi','.eJxVjEEOwiAQRe_C2pBBBigu3XsGMsAgVUOT0q6Md7dNutDte-__twi0LjWsnecwZnERSpx-WaT05LaL_KB2n2Sa2jKPUe6JPGyXtynz63q0fweVet3WzNZr550iM-iSAJidYo-gnUWPBssABYmiQwNFI0YFBB7tBs_kkvh8AcRXNxU:1ptuaS:FH9tvUQfNz0CVdJSNFLRpn6RC_pLhv9vYMn2SNFGX4I','2023-05-16 18:18:52.115001');
INSERT INTO "django_session" VALUES('ebuyvxryukby2ppys81pvhshmnhizt3v','.eJxVjEEOwiAQRe_C2pBBBigu3XsGMsAgVUOT0q6Md7dNutDte-__twi0LjWsnecwZnERSpx-WaT05LaL_KB2n2Sa2jKPUe6JPGyXtynz63q0fweVet3WzNZr550iM-iSAJidYo-gnUWPBssABYmiQwNFI0YFBB7tBs_kkvh8AcRXNxU:1puFzY:AKg4hVTa-83CvEzVp9DkG31Aue0KMduIGirJzME73cY','2023-05-17 17:10:12.071020');
INSERT INTO "django_session" VALUES('5h3utsa5itkcd6m8hjm69xn6sweqecd8','.eJxVjEEOwiAQRe_C2pBBBigu3XsGMsAgVUOT0q6Md7dNutDte-__twi0LjWsnecwZnERSpx-WaT05LaL_KB2n2Sa2jKPUe6JPGyXtynz63q0fweVet3WzNZr550iM-iSAJidYo-gnUWPBssABYmiQwNFI0YFBB7tBs_kkvh8AcRXNxU:1px1Hc:Vi-TF_BYpOUWExtuFTUFYKWJlLau0_tt9uSABfwdp8s','2023-05-25 08:04:16.336398');
INSERT INTO "django_session" VALUES('ie7mw218kxqunr4txaolpptylc1tbkpq','.eJxVjEEOwiAQRe_C2pBBBigu3XsGMsAgVUOT0q6Md7dNutDte-__twi0LjWsnecwZnERSpx-WaT05LaL_KB2n2Sa2jKPUe6JPGyXtynz63q0fweVet3WzNZr550iM-iSAJidYo-gnUWPBssABYmiQwNFI0YFBB7tBs_kkvh8AcRXNxU:1pxMQn:32XZJv_ZeGUL9a3ipJbSn0t9K2qzhGIe7U3PVNytVNA','2023-05-26 06:39:09.782604');
INSERT INTO "django_session" VALUES('tm56fka4voxjr5qqycvzhmp0ofgpz3kc','.eJxVjEEOwiAQRe_C2pBBBigu3XsGMsAgVUOT0q6Md7dNutDte-__twi0LjWsnecwZnERSpx-WaT05LaL_KB2n2Sa2jKPUe6JPGyXtynz63q0fweVet3WzNZr550iM-iSAJidYo-gnUWPBssABYmiQwNFI0YFBB7tBs_kkvh8AcRXNxU:1pxhb6:bhIfMWFgrpuBbUGAXpF5EHzFQVnC5uCy37we4EfW9_Y','2023-05-27 05:15:12.279536');
INSERT INTO "django_session" VALUES('bql4o8oka9yka8lgi23gnimdzkxzdouw','.eJxVjEEOwiAQRe_C2pBBBigu3XsGMsAgVUOT0q6Md7dNutDte-__twi0LjWsnecwZnERSpx-WaT05LaL_KB2n2Sa2jKPUe6JPGyXtynz63q0fweVet3WzNZr550iM-iSAJidYo-gnUWPBssABYmiQwNFI0YFBB7tBs_kkvh8AcRXNxU:1py2um:wavIBjbrNed1Umf3YvH29ZZ9uGk2Uwpjtwt29lOxk3A','2023-05-28 04:00:56.518997');
INSERT INTO "django_session" VALUES('jnncu3x6pkt1k3br06lax7mgyysfetc2','.eJxVjEEOwiAQRe_C2pBBBigu3XsGMsAgVUOT0q6Md7dNutDte-__twi0LjWsnecwZnERSpx-WaT05LaL_KB2n2Sa2jKPUe6JPGyXtynz63q0fweVet3WzNZr550iM-iSAJidYo-gnUWPBssABYmiQwNFI0YFBB7tBs_kkvh8AcRXNxU:1py4qh:tDPZU31xaDrzvRJsv-6eI9wZ_2i-tfMnmoAdyeJtaEo','2023-05-28 06:04:51.978946');
INSERT INTO "django_session" VALUES('c38opjk6mx3uitkm6oyso1c6iyyn2pml','.eJxVjEEOwiAQRe_C2pBBBigu3XsGMsAgVUOT0q6Md7dNutDte-__twi0LjWsnecwZnERSpx-WaT05LaL_KB2n2Sa2jKPUe6JPGyXtynz63q0fweVet3WzNZr550iM-iSAJidYo-gnUWPBssABYmiQwNFI0YFBB7tBs_kkvh8AcRXNxU:1pyEmQ:ATOeHN5I-psCll6Xk9otVdgLJSvOQhuSjTOeoFifWVM','2023-05-28 16:41:06.568756');
INSERT INTO "django_session" VALUES('iuhte9k04eucnhwamwq8yr2603mzq82n','.eJxVjEEOwiAQRe_C2pBBBigu3XsGMsAgVUOT0q6Md7dNutDte-__twi0LjWsnecwZnERSpx-WaT05LaL_KB2n2Sa2jKPUe6JPGyXtynz63q0fweVet3WzNZr550iM-iSAJidYo-gnUWPBssABYmiQwNFI0YFBB7tBs_kkvh8AcRXNxU:1pz066:r3DE4bbTphFUCdInqpgjvtQ8KStaYKw7vvkBLhUIpLE','2023-05-30 19:12:34.666873');
INSERT INTO "django_session" VALUES('xpvykixzmrzcm05i7qngw3ly7l4g6coq','.eJxVjEEOwiAQRe_C2pBBBigu3XsGMsAgVUOT0q6Md7dNutDte-__twi0LjWsnecwZnERSpx-WaT05LaL_KB2n2Sa2jKPUe6JPGyXtynz63q0fweVet3WzNZr550iM-iSAJidYo-gnUWPBssABYmiQwNFI0YFBB7tBs_kkvh8AcRXNxU:1q2mN7:NgFJqWpES7FBhusd733kJp3zT23ye9OiV6_yQ04p6mw','2023-06-10 05:21:45.834690');
INSERT INTO "django_session" VALUES('oy9org4hgfm10njzd9yjco11qq5j58v6','.eJxVjEEOwiAQRe_C2pBBBigu3XsGMsAgVUOT0q6Md7dNutDte-__twi0LjWsnecwZnERSpx-WaT05LaL_KB2n2Sa2jKPUe6JPGyXtynz63q0fweVet3WzNZr550iM-iSAJidYo-gnUWPBssABYmiQwNFI0YFBB7tBs_kkvh8AcRXNxU:1q2nzj:5eiKhPgceAG6e8pYqmRVPA2pS7TyveXjPBZ5eVz9Veo','2023-06-10 07:05:43.411934');
INSERT INTO "django_session" VALUES('uw4xbwjistt5xl1ff371362p936uls8j','.eJxVjEEOwiAQRe_C2pBBBigu3XsGMsAgVUOT0q6Md7dNutDte-__twi0LjWsnecwZnERSpx-WaT05LaL_KB2n2Sa2jKPUe6JPGyXtynz63q0fweVet3WzNZr550iM-iSAJidYo-gnUWPBssABYmiQwNFI0YFBB7tBs_kkvh8AcRXNxU:1q3Biw:YkSv_jEKI1VfkFraH1rvjY4ccxFMq-IEeZTmDXmecM8','2023-06-11 08:25:58.929914');
INSERT INTO "django_session" VALUES('6a2ar30zuih8c6sdjavpg5zpi7k36jlw','.eJxVjEEOwiAQRe_C2pBBBigu3XsGMsAgVUOT0q6Md7dNutDte-__twi0LjWsnecwZnERSpx-WaT05LaL_KB2n2Sa2jKPUe6JPGyXtynz63q0fweVet3WzNZr550iM-iSAJidYo-gnUWPBssABYmiQwNFI0YFBB7tBs_kkvh8AcRXNxU:1q3DAU:v-7bQwiBEy0-5809dqgWvEaxXRBlWOvG8jz5nxM4Nj0','2023-06-11 09:58:30.409571');
INSERT INTO "django_session" VALUES('fkuf1noeewwmdqyin4y5eb11ufyarnql','.eJxVjEEOwiAQRe_C2pBBBigu3XsGMsAgVUOT0q6Md7dNutDte-__twi0LjWsnecwZnERSpx-WaT05LaL_KB2n2Sa2jKPUe6JPGyXtynz63q0fweVet3WzNZr550iM-iSAJidYo-gnUWPBssABYmiQwNFI0YFBB7tBs_kkvh8AcRXNxU:1q3czO:i9i0QVvcaq620wzJ-u9McC0gTQsj1YMg0YEAshafni4','2023-06-12 13:32:46.577782');
INSERT INTO "django_session" VALUES('y2bdenr4kvbkoeq4cc9gm3vsa0xajcn1','.eJxVjEEOwiAQRe_C2pBBBigu3XsGMsAgVUOT0q6Md7dNutDte-__twi0LjWsnecwZnERSpx-WaT05LaL_KB2n2Sa2jKPUe6JPGyXtynz63q0fweVet3WzNZr550iM-iSAJidYo-gnUWPBssABYmiQwNFI0YFBB7tBs_kkvh8AcRXNxU:1q4hD7:agaYJR-8KStSM4Aa3gSFbyglXiFc7j7UGcKz_fpVv1E','2023-06-15 12:15:21.045596');
INSERT INTO "django_session" VALUES('2txbgpnuqpm5myxgcobqlr49kjg0jjdh','.eJxVjEEOwiAQRe_C2pBBBigu3XsGMsAgVUOT0q6Md7dNutDte-__twi0LjWsnecwZnERSpx-WaT05LaL_KB2n2Sa2jKPUe6JPGyXtynz63q0fweVet3WzNZr550iM-iSAJidYo-gnUWPBssABYmiQwNFI0YFBB7tBs_kkvh8AcRXNxU:1q4zFu:fqgM1fUBSv_yQmJ5C19sj89OS2wotrzuvo63D2t9yEw','2023-06-16 07:31:26.355146');
INSERT INTO "django_session" VALUES('bq1kjzgc121m7zu701xxbq2l5qzxgc2l','.eJxVjEEOwiAQRe_C2pBBBigu3XsGMsAgVUOT0q6Md7dNutDte-__twi0LjWsnecwZnERSpx-WaT05LaL_KB2n2Sa2jKPUe6JPGyXtynz63q0fweVet3WzNZr550iM-iSAJidYo-gnUWPBssABYmiQwNFI0YFBB7tBs_kkvh8AcRXNxU:1q6xk7:9p1AaZikUF4FN2Dmt1Gk2iTCbOiqea2usxtnuLcF778','2023-06-21 18:18:47.662563');
INSERT INTO "django_session" VALUES('y3hqn0ec8boyy60ctjjcbqj9ewzshc3c','.eJxVjEEOwiAQRe_C2pBBBigu3XsGMsAgVUOT0q6Md7dNutDte-__twi0LjWsnecwZnERSpx-WaT05LaL_KB2n2Sa2jKPUe6JPGyXtynz63q0fweVet3WzNZr550iM-iSAJidYo-gnUWPBssABYmiQwNFI0YFBB7tBs_kkvh8AcRXNxU:1qChe9:6QfS54ObaW7TWwb1H_lAEd9tMj0KY86bfNlj3qkxboQ','2023-07-07 14:20:21.018735');
INSERT INTO "django_session" VALUES('mzslg6dnc2r5urd1yc8jrcy8w1n3lbbc','.eJxVjEEOwiAQRe_C2pBBBigu3XsGMsAgVUOT0q6Md7dNutDte-__twi0LjWsnecwZnERSpx-WaT05LaL_KB2n2Sa2jKPUe6JPGyXtynz63q0fweVet3WzNZr550iM-iSAJidYo-gnUWPBssABYmiQwNFI0YFBB7tBs_kkvh8AcRXNxU:1qCxRS:zknY4DQKjkru6gnkS8ANTJTNWEpMe29whCHVu33R3x8','2023-07-08 07:12:18.489887');
INSERT INTO "django_session" VALUES('14y9qiib0asra9n7jf9b0n0djolgkpp2','.eJxVjEEOwiAQRe_C2pBBBigu3XsGMsAgVUOT0q6Md7dNutDte-__twi0LjWsnecwZnERSpx-WaT05LaL_KB2n2Sa2jKPUe6JPGyXtynz63q0fweVet3WzNZr550iM-iSAJidYo-gnUWPBssABYmiQwNFI0YFBB7tBs_kkvh8AcRXNxU:1qFA5o:diatRyrIheV5PHSR5UgcYCgZ4yXSb293lOjCq5rDCe0','2023-07-14 09:07:04.327922');
INSERT INTO "django_session" VALUES('c1ostvoyjs76desjd0i9d83l68cujb42','.eJxVjEEOwiAQRe_C2pBBBigu3XsGMsAgVUOT0q6Md7dNutDte-__twi0LjWsnecwZnERSpx-WaT05LaL_KB2n2Sa2jKPUe6JPGyXtynz63q0fweVet3WzNZr550iM-iSAJidYo-gnUWPBssABYmiQwNFI0YFBB7tBs_kkvh8AcRXNxU:1qFyNZ:NMWKgDLdhurqkdo1Z378Mjj8H5TIZccV5EeVMI8bZ4s','2023-07-16 14:48:45.724801');
INSERT INTO "django_session" VALUES('9s4dazxfgutzwi6ho1m1tnn1ivzylb7j','.eJxVjEEOwiAQRe_C2pBBBigu3XsGMsAgVUOT0q6Md7dNutDte-__twi0LjWsnecwZnERSpx-WaT05LaL_KB2n2Sa2jKPUe6JPGyXtynz63q0fweVet3WzNZr550iM-iSAJidYo-gnUWPBssABYmiQwNFI0YFBB7tBs_kkvh8AcRXNxU:1qH4dk:R8QleK7oBhAwelyStOMT4NYuCuuZvhrb6yA0duB3D6E','2023-07-19 15:42:00.314264');
INSERT INTO "django_session" VALUES('ya7l7lho9bc0tt4i393sxdn2u2p4uipq','.eJxVjEEOwiAQRe_C2pBBBigu3XsGMsAgVUOT0q6Md7dNutDte-__twi0LjWsnecwZnERSpx-WaT05LaL_KB2n2Sa2jKPUe6JPGyXtynz63q0fweVet3WzNZr550iM-iSAJidYo-gnUWPBssABYmiQwNFI0YFBB7tBs_kkvh8AcRXNxU:1qI34i:AtxFDTbPzvEOEITEMvQ6B3DCOGQP8fUpH1m90O3zoPY','2023-07-22 08:13:52.171579');
INSERT INTO "django_session" VALUES('2tm1l5q7hf3v7ig4q438t6zc1aekdem9','.eJxVjEEOwiAQRe_C2pBBBigu3XsGMsAgVUOT0q6Md7dNutDte-__twi0LjWsnecwZnERSpx-WaT05LaL_KB2n2Sa2jKPUe6JPGyXtynz63q0fweVet3WzNZr550iM-iSAJidYo-gnUWPBssABYmiQwNFI0YFBB7tBs_kkvh8AcRXNxU:1qI5h5:g3l5jvWXWiOmyBK6HRpytAtjiVnE4wlyFlQ7xE5fkic','2023-07-22 11:01:39.740218');
INSERT INTO "django_session" VALUES('3k5kq8fqx1q6jy18ov0hs82luytsozko','.eJxVjEEOwiAQRe_C2pBBBigu3XsGMsAgVUOT0q6Md7dNutDte-__twi0LjWsnecwZnERSpx-WaT05LaL_KB2n2Sa2jKPUe6JPGyXtynz63q0fweVet3WzNZr550iM-iSAJidYo-gnUWPBssABYmiQwNFI0YFBB7tBs_kkvh8AcRXNxU:1qI9vp:BZ42P0IOlTBdCb2KGseN8YAKwPK2RgwJVUD54Jb6RSo','2023-07-22 15:33:09.284315');
INSERT INTO "django_session" VALUES('czo2kye6fgrn2q8fv70yygmnah0g1awy','.eJxVjEEOwiAQRe_C2pBBBigu3XsGMsAgVUOT0q6Md7dNutDte-__twi0LjWsnecwZnERSpx-WaT05LaL_KB2n2Sa2jKPUe6JPGyXtynz63q0fweVet3WzNZr550iM-iSAJidYo-gnUWPBssABYmiQwNFI0YFBB7tBs_kkvh8AcRXNxU:1qIR4s:6-E3IoHDWPN1maPk3Nra5NAfODR3SXU4Xp3qPXxQcT0','2023-07-23 09:51:38.303231');
INSERT INTO "django_session" VALUES('wh145x7xhkzila7ox9w4m9sznkfpi35z','.eJxVjEEOwiAQRe_C2pBBBigu3XsGMsAgVUOT0q6Md7dNutDte-__twi0LjWsnecwZnERSpx-WaT05LaL_KB2n2Sa2jKPUe6JPGyXtynz63q0fweVet3WzNZr550iM-iSAJidYo-gnUWPBssABYmiQwNFI0YFBB7tBs_kkvh8AcRXNxU:1qITdA:EIPGAG7ykvuzDqdBKl7TCZnbA1a-PEWFZGekc1lcvDY','2023-07-23 12:35:12.070420');
INSERT INTO "django_session" VALUES('dqa272e7rz4v5lh5ms3le7jw2wvtdcef','.eJxVjEEOwiAQRe_C2pBBBigu3XsGMsAgVUOT0q6Md7dNutDte-__twi0LjWsnecwZnERSpx-WaT05LaL_KB2n2Sa2jKPUe6JPGyXtynz63q0fweVet3WzNZr550iM-iSAJidYo-gnUWPBssABYmiQwNFI0YFBB7tBs_kkvh8AcRXNxU:1qIvOF:qmr6AUVYwXcXAx-Ka8rYBYvyKZBdLdEw9SoFI4YGaZc','2023-07-24 18:13:39.380905');
INSERT INTO "django_session" VALUES('zpyep1ugdlzgljy3v2u8apghid2grvea','.eJxVjEEOwiAQRe_C2pBBBigu3XsGMsAgVUOT0q6Md7dNutDte-__twi0LjWsnecwZnERSpx-WaT05LaL_KB2n2Sa2jKPUe6JPGyXtynz63q0fweVet3WzNZr550iM-iSAJidYo-gnUWPBssABYmiQwNFI0YFBB7tBs_kkvh8AcRXNxU:1qKCQz:-3aEahYqO9Y_kWQkOP0YGtCyRoaQ98ee17LB1BKee9E','2023-07-28 06:37:45.863930');
INSERT INTO "django_session" VALUES('oto88e6goetaytncfvshddzxyjlet3w6','.eJxVjEEOwiAQRe_C2pBBBigu3XsGMsAgVUOT0q6Md7dNutDte-__twi0LjWsnecwZnERSpx-WaT05LaL_KB2n2Sa2jKPUe6JPGyXtynz63q0fweVet3WzNZr550iM-iSAJidYo-gnUWPBssABYmiQwNFI0YFBB7tBs_kkvh8AcRXNxU:1qSeQQ:uP6x2yrH4ew0pPG9TUTvVzMiFbSIYUAuTFPh0Gz4JN4','2023-08-20 14:08:06.058838');
INSERT INTO "django_session" VALUES('lbebi7xzubp6ikvav27d4z0rjpjdq4x5','.eJxVjEEOwiAQRe_C2pBBBigu3XsGMsAgVUOT0q6Md7dNutDte-__twi0LjWsnecwZnERSpx-WaT05LaL_KB2n2Sa2jKPUe6JPGyXtynz63q0fweVet3WzNZr550iM-iSAJidYo-gnUWPBssABYmiQwNFI0YFBB7tBs_kkvh8AcRXNxU:1qTRxn:ZM6YCCwMk8rbs59A71Ohkwq9Lv-pfxBsiKbHWeTFFWw','2023-08-22 19:01:51.994020');
INSERT INTO "django_session" VALUES('mx08bd6kl4kf3avv1yd5nsk9wtpr4xtg','.eJxVjEEOwiAQRe_C2pBBBigu3XsGMsAgVUOT0q6Md7dNutDte-__twi0LjWsnecwZnERSpx-WaT05LaL_KB2n2Sa2jKPUe6JPGyXtynz63q0fweVet3WzNZr550iM-iSAJidYo-gnUWPBssABYmiQwNFI0YFBB7tBs_kkvh8AcRXNxU:1qU5DN:YDYka2MxmeTpk376iBLDVzFxgdn6bxGdjQwuq61qNbM','2023-08-24 12:56:33.143922');
INSERT INTO "django_session" VALUES('8gxsa48rjokgsfl2awa74ekidvgwqt19','.eJxVjEEOwiAQRe_C2pBBBigu3XsGMsAgVUOT0q6Md7dNutDte-__twi0LjWsnecwZnERSpx-WaT05LaL_KB2n2Sa2jKPUe6JPGyXtynz63q0fweVet3WzNZr550iM-iSAJidYo-gnUWPBssABYmiQwNFI0YFBB7tBs_kkvh8AcRXNxU:1qUMC5:5tKZvVfuuduOxuiIYnh5AjpEcJoPVs-mHSnfCRKzBtk','2023-08-25 07:04:21.967194');
INSERT INTO "django_session" VALUES('v9oshvpm00rd9cd5s0se5cjc5ebl32fx','.eJxVjEEOwiAQRe_C2pBBBigu3XsGMsAgVUOT0q6Md7dNutDte-__twi0LjWsnecwZnERSpx-WaT05LaL_KB2n2Sa2jKPUe6JPGyXtynz63q0fweVet3WzNZr550iM-iSAJidYo-gnUWPBssABYmiQwNFI0YFBB7tBs_kkvh8AcRXNxU:1qtlL5:d7pRJ3goZyC1UG351YuYZ6EdDI3PTcHHTJOKiJVx-Ks','2023-11-03 08:58:39.640628');
INSERT INTO "django_session" VALUES('68ehea9g1rxys1fkgdu0tfqven09gyge','.eJxVjEEOwiAQRe_C2pBBBigu3XsGMsAgVUOT0q6Md7dNutDte-__twi0LjWsnecwZnERSpx-WaT05LaL_KB2n2Sa2jKPUe6JPGyXtynz63q0fweVet3WzNZr550iM-iSAJidYo-gnUWPBssABYmiQwNFI0YFBB7tBs_kkvh8AcRXNxU:1qvMBa:5OXNSyktUn-eIR-CnsrYc2gGZWVBUPp231vLVeAega4','2023-11-07 18:31:26.500091');
INSERT INTO "django_session" VALUES('iwaag31fjhq0fu5una6zvhf3zefu1hnk','.eJxVjEEOwiAQRe_C2pBBBigu3XsGMsAgVUOT0q6Md7dNutDte-__twi0LjWsnecwZnERSpx-WaT05LaL_KB2n2Sa2jKPUe6JPGyXtynz63q0fweVet3WzNZr550iM-iSAJidYo-gnUWPBssABYmiQwNFI0YFBB7tBs_kkvh8AcRXNxU:1qyyhk:s1CunZjlU2XjFuzzzWxBQnTAXBLQMEVCSNR3CVXZhE8','2023-11-17 18:15:36.963993');
INSERT INTO "django_session" VALUES('luw6lvycrxy3k13hdi3tgrfzd94et2h2','.eJxVjEEOwiAQRe_C2pBBBigu3XsGMsAgVUOT0q6Md7dNutDte-__twi0LjWsnecwZnERSpx-WaT05LaL_KB2n2Sa2jKPUe6JPGyXtynz63q0fweVet3WzNZr550iM-iSAJidYo-gnUWPBssABYmiQwNFI0YFBB7tBs_kkvh8AcRXNxU:1qyzHJ:wDTJn55qkA5peZOARYeumLPFlxHPf4UDMo4jJeXubA0','2023-11-17 18:52:21.399056');
INSERT INTO "django_session" VALUES('j1lo1konc10qfm97w1vq5nai0k6nn6z5','.eJxVjEEOwiAQRe_C2pBBBigu3XsGMsAgVUOT0q6Md7dNutDte-__twi0LjWsnecwZnERSpx-WaT05LaL_KB2n2Sa2jKPUe6JPGyXtynz63q0fweVet3WzNZr550iM-iSAJidYo-gnUWPBssABYmiQwNFI0YFBB7tBs_kkvh8AcRXNxU:1qyzhK:OLpzjKm3Bk6UsLLtkWOI9ZVV9jPBsK2Nmz-TQ0TvMqo','2023-11-17 19:19:14.352412');
INSERT INTO "django_session" VALUES('gv7vode43ppn3zcg01fjzc0w88vbhx44','.eJxVjEEOwiAQRe_C2pBBBigu3XsGMsAgVUOT0q6Md7dNutDte-__twi0LjWsnecwZnERSpx-WaT05LaL_KB2n2Sa2jKPUe6JPGyXtynz63q0fweVet3WzNZr550iM-iSAJidYo-gnUWPBssABYmiQwNFI0YFBB7tBs_kkvh8AcRXNxU:1qz0I7:9ZYaPAJpB42apXfhrPg7axLJPLeWzuDTJsrN6bPmajw','2023-11-17 19:57:15.195548');
INSERT INTO "django_session" VALUES('0yjnb5ayu29fbrq9xtphctwvrvxvv9xa','.eJxVjEEOwiAQRe_C2pBBBigu3XsGMsAgVUOT0q6Md7dNutDte-__twi0LjWsnecwZnERSpx-WaT05LaL_KB2n2Sa2jKPUe6JPGyXtynz63q0fweVet3WzNZr550iM-iSAJidYo-gnUWPBssABYmiQwNFI0YFBB7tBs_kkvh8AcRXNxU:1r2Bhv:FBpEQB9YGz2nj1DClvBWbgkm3hstMN8paZ-T1bbHK4Y','2023-11-26 14:45:03.140675');
INSERT INTO "django_session" VALUES('mkvymdw8qdrcmg6ytz12iv6rn8hflt75','.eJxVjEEOwiAQRe_C2pBBBigu3XsGMsAgVUOT0q6Md7dNutDte-__twi0LjWsnecwZnERSpx-WaT05LaL_KB2n2Sa2jKPUe6JPGyXtynz63q0fweVet3WzNZr550iM-iSAJidYo-gnUWPBssABYmiQwNFI0YFBB7tBs_kkvh8AcRXNxU:1r2DNp:hnY2hwyjzCprGDHEr5WLP2Bwwst-Iu26YjIQhGu4oVU','2023-11-26 16:32:25.061173');
INSERT INTO "django_session" VALUES('2n6ic4clu71koejbbfwgfkau1oq0i6ny','.eJxVjEEOwiAQRe_C2pBBBigu3XsGMsAgVUOT0q6Md7dNutDte-__twi0LjWsnecwZnERSpx-WaT05LaL_KB2n2Sa2jKPUe6JPGyXtynz63q0fweVet3WzNZr550iM-iSAJidYo-gnUWPBssABYmiQwNFI0YFBB7tBs_kkvh8AcRXNxU:1r2G6d:01HgdPaXenbrspoy9u4fbIGv6MKf_lGRjQNrCUuY8Fc','2023-11-26 19:26:51.227423');
INSERT INTO "django_session" VALUES('8bvv5hqdfqhh6p2gro5f5ot58mlgdass','.eJxVjEEOwiAQRe_C2pBBBigu3XsGMsAgVUOT0q6Md7dNutDte-__twi0LjWsnecwZnERSpx-WaT05LaL_KB2n2Sa2jKPUe6JPGyXtynz63q0fweVet3WzNZr550iM-iSAJidYo-gnUWPBssABYmiQwNFI0YFBB7tBs_kkvh8AcRXNxU:1r3O5o:f1U5ZDz_PpWGwpVcIeob14Un8cQgJ0PmUEM8i4Zwc9I','2023-11-29 22:10:40.877374');
INSERT INTO "django_session" VALUES('ezviss6s1l6d5kpm20vgd8xw76fbg5pd','.eJxVjEEOwiAQRe_C2pBBBigu3XsGMsAgVUOT0q6Md7dNutDte-__twi0LjWsnecwZnERSpx-WaT05LaL_KB2n2Sa2jKPUe6JPGyXtynz63q0fweVet3WzNZr550iM-iSAJidYo-gnUWPBssABYmiQwNFI0YFBB7tBs_kkvh8AcRXNxU:1r3aUZ:3kPm5MFr3YwGv7duFQcwr1w2J1DLurDqvqmgV3ZPFP8','2023-11-30 11:25:03.643572');
INSERT INTO "django_session" VALUES('zkjzno5xg6snid5pqoe10t378fyhogap','.eJxVjEEOwiAQRe_C2pBBBigu3XsGMsAgVUOT0q6Md7dNutDte-__twi0LjWsnecwZnERSpx-WaT05LaL_KB2n2Sa2jKPUe6JPGyXtynz63q0fweVet3WzNZr550iM-iSAJidYo-gnUWPBssABYmiQwNFI0YFBB7tBs_kkvh8AcRXNxU:1r3ucU:f0-uuDPKuI8TnkAT3j2ymOsEBgA9wOBYxi6_sBzUsVM','2023-12-01 08:54:34.531885');
INSERT INTO "django_session" VALUES('tja1xgi7tziwq1kjkktgirpgr4612koy','.eJxVjEEOwiAQRe_C2pBBBigu3XsGMsAgVUOT0q6Md7dNutDte-__twi0LjWsnecwZnERSpx-WaT05LaL_KB2n2Sa2jKPUe6JPGyXtynz63q0fweVet3WzNZr550iM-iSAJidYo-gnUWPBssABYmiQwNFI0YFBB7tBs_kkvh8AcRXNxU:1r40xa:0q_cUnebe1dhzx0Wj806b7fX6YhNJqDGLfPWQvd-YTY','2023-12-01 15:40:46.906728');
INSERT INTO "django_session" VALUES('sck4mybd078s43yxid3qwlsj57c73f2p','.eJxVjEEOwiAQRe_C2pBBBigu3XsGMsAgVUOT0q6Md7dNutDte-__twi0LjWsnecwZnERSpx-WaT05LaL_KB2n2Sa2jKPUe6JPGyXtynz63q0fweVet3WzNZr550iM-iSAJidYo-gnUWPBssABYmiQwNFI0YFBB7tBs_kkvh8AcRXNxU:1r8Psm:q3kukWUjrY6ufpPYQ7EmNzDNX_Z_RF1xi148qQFck8M','2023-12-13 19:06:00.105632');
INSERT INTO "django_session" VALUES('bjal8p565ehwtkxs0hkj0n0lk1kz2gef','.eJxVjEEOwiAQRe_C2pBBBigu3XsGMsAgVUOT0q6Md7dNutDte-__twi0LjWsnecwZnERSpx-WaT05LaL_KB2n2Sa2jKPUe6JPGyXtynz63q0fweVet3WzNZr550iM-iSAJidYo-gnUWPBssABYmiQwNFI0YFBB7tBs_kkvh8AcRXNxU:1r8QVs:tP7-hdv2jVZEN3y_e-vqxGCuoH1SQkXOlAnvdEf2Mpg','2023-12-13 19:46:24.434342');
INSERT INTO "django_session" VALUES('mfw8wv0e1cwwaxco4snhfjgq54ab7we9','.eJxVjEEOwiAQRe_C2hAYENCl-56BzAxUqgaS0q6Md7dNutDtf-_9t4i4LiWuPc9xSuIqtDj9boT8zHUH6YH13iS3uswTyV2RB-1yaCm_bof7d1Cwl63OYExWyVnPSoOBNF4co_PKmGC8DqSYNwSWCC2CI7ZnUN4zBjUGi-LzBcf1N1E:1rCmVw:qw50bdss24LH5H2xdmPkCq-vujWQz3cwtbD77G_lobo','2023-12-25 20:04:28.171427');
INSERT INTO "django_session" VALUES('uze49ygtihm40j3pcbn438rk7389x99f','.eJxVjEEOwiAQRe_C2hAYENCl-56BzAxUqgaS0q6Md7dNutDtf-_9t4i4LiWuPc9xSuIqtDj9boT8zHUH6YH13iS3uswTyV2RB-1yaCm_bof7d1Cwl63OYExWyVnPSoOBNF4co_PKmGC8DqSYNwSWCC2CI7ZnUN4zBjUGi-LzBcf1N1E:1rCnPM:pnVcqIjx-23DMYZgY9FE_Mzg2Egx_dKWJ2UG_WzjCn4','2023-12-25 21:01:44.741846');
INSERT INTO "django_session" VALUES('mefomb665zkspwzcjd8adewi4hv6uver','.eJxVjEEOwiAQRe_C2hAYENCl-56BzAxUqgaS0q6Md7dNutDtf-_9t4i4LiWuPc9xSuIqtDj9boT8zHUH6YH13iS3uswTyV2RB-1yaCm_bof7d1Cwl63OYExWyVnPSoOBNF4co_PKmGC8DqSYNwSWCC2CI7ZnUN4zBjUGi-LzBcf1N1E:1rHIKR:S2wMEiNotND-yVrhQrKdqmHreLmpxc2uxEujE4j-rzc','2024-01-07 06:51:15.117146');
INSERT INTO "django_session" VALUES('pgx2q3w7h7ykatot1014ijn2evn4sqkk','.eJxVjEEOwiAQRe_C2hAYENCl-56BzAxUqgaS0q6Md7dNutDtf-_9t4i4LiWuPc9xSuIqtDj9boT8zHUH6YH13iS3uswTyV2RB-1yaCm_bof7d1Cwl63OYExWyVnPSoOBNF4co_PKmGC8DqSYNwSWCC2CI7ZnUN4zBjUGi-LzBcf1N1E:1rJegm:N9MyGB30JGWbBWpkvoRcbbdWlczByHPM6i15f_orPtA','2024-01-13 19:08:04.538773');
INSERT INTO "django_session" VALUES('ebg1058br3xisnhabxgxesjfgmvmr634','.eJxVjEEOwiAQRe_C2hAYENCl-56BzAxUqgaS0q6Md7dNutDtf-_9t4i4LiWuPc9xSuIqtDj9boT8zHUH6YH13iS3uswTyV2RB-1yaCm_bof7d1Cwl63OYExWyVnPSoOBNF4co_PKmGC8DqSYNwSWCC2CI7ZnUN4zBjUGi-LzBcf1N1E:1rJeoz:JAnv09JsbTgPK2dqxJGfJQ9ccA4uUYOUjb-lewVfFgI','2024-01-13 19:16:33.858819');
INSERT INTO "django_session" VALUES('1zf0qqbrqri66jj36dm3755aitc6buq3','.eJxVjEEOwiAQRe_C2hAYENCl-56BzAxUqgaS0q6Md7dNutDtf-_9t4i4LiWuPc9xSuIqtDj9boT8zHUH6YH13iS3uswTyV2RB-1yaCm_bof7d1Cwl63OYExWyVnPSoOBNF4co_PKmGC8DqSYNwSWCC2CI7ZnUN4zBjUGi-LzBcf1N1E:1rJg9y:7T16QpciELDDRFUR8AJczHWGQ3zi_5A_CzMJNOabTkE','2024-01-13 20:42:18.098745');
INSERT INTO "django_session" VALUES('lfq9ii9j96u49vyt0h4qbkovrwhj223w','.eJxVjEEOwiAQRe_C2hAYENCl-56BzAxUqgaS0q6Md7dNutDtf-_9t4i4LiWuPc9xSuIqtDj9boT8zHUH6YH13iS3uswTyV2RB-1yaCm_bof7d1Cwl63OYExWyVnPSoOBNF4co_PKmGC8DqSYNwSWCC2CI7ZnUN4zBjUGi-LzBcf1N1E:1rJhIy:PK2bDjxzBCywP5JPWtEmHVhp5YsLNXzKLcqFlwDXATc','2024-01-13 21:55:40.468719');
INSERT INTO "django_session" VALUES('k4ogyfbhb29lbo5nlu9vjvcqo9lu7ncn','.eJxVjEEOwiAQRe_C2hAYENCl-56BzAxUqgaS0q6Md7dNutDtf-_9t4i4LiWuPc9xSuIqtDj9boT8zHUH6YH13iS3uswTyV2RB-1yaCm_bof7d1Cwl63OYExWyVnPSoOBNF4co_PKmGC8DqSYNwSWCC2CI7ZnUN4zBjUGi-LzBcf1N1E:1rcorh:gBQb0uqdQHGa0g6piToDGRJod8NWdsoZs8vsVRZ3qgc','2024-03-06 15:50:33.220114');
INSERT INTO "django_session" VALUES('icepmadjrvubvhnvrsdpjg6kqyryjd0u','.eJxVjEEOwiAQRe_C2hAYENCl-56BzAxUqgaS0q6Md7dNutDtf-_9t4i4LiWuPc9xSuIqtDj9boT8zHUH6YH13iS3uswTyV2RB-1yaCm_bof7d1Cwl63OYExWyVnPSoOBNF4co_PKmGC8DqSYNwSWCC2CI7ZnUN4zBjUGi-LzBcf1N1E:1rdBER:hVrr65HTojlkJa8jrxEPcMu5B7IvRn2kna6yN2FQB1k','2024-03-07 15:43:31.347967');
INSERT INTO "django_session" VALUES('vosdncd3hrsuw2zxhu2t6t9nno1wylre','.eJxVjEEOwiAQRe_C2hAYENCl-56BzAxUqgaS0q6Md7dNutDtf-_9t4i4LiWuPc9xSuIqtDj9boT8zHUH6YH13iS3uswTyV2RB-1yaCm_bof7d1Cwl63OYExWyVnPSoOBNF4co_PKmGC8DqSYNwSWCC2CI7ZnUN4zBjUGi-LzBcf1N1E:1rdBVj:VlX3mvM_i-XKJTEQ1lfTFiSG235joHz-AYmTMeAEfc8','2024-03-07 16:01:23.843027');
INSERT INTO "django_session" VALUES('m6fcjdowbaphysxa1rd6b0063jjl5exh','.eJxVjEEOwiAQRe_C2hAYENCl-56BzAxUqgaS0q6Md7dNutDtf-_9t4i4LiWuPc9xSuIqtDj9boT8zHUH6YH13iS3uswTyV2RB-1yaCm_bof7d1Cwl63OYExWyVnPSoOBNF4co_PKmGC8DqSYNwSWCC2CI7ZnUN4zBjUGi-LzBcf1N1E:1rkUIN:M4eVzN2B0m5BjgR19CvdAofTTQ7NFNjFTuBPzpqPwSI','2024-03-27 19:29:47.785447');
INSERT INTO "django_session" VALUES('fekdppp11w8pq46ir482k8jvlkv9gv0y','.eJxVjEEOwiAQRe_C2hAYENCl-56BzAxUqgaS0q6Md7dNutDtf-_9t4i4LiWuPc9xSuIqtDj9boT8zHUH6YH13iS3uswTyV2RB-1yaCm_bof7d1Cwl63OYExWyVnPSoOBNF4co_PKmGC8DqSYNwSWCC2CI7ZnUN4zBjUGi-LzBcf1N1E:1rmHb2:F2Xao7O8KhOEJUwLTi7FRpClMa9hp2PPnK-qD3XVaok','2024-04-01 18:20:28.337647');
INSERT INTO "django_session" VALUES('3h8o0hlwv0dw411mxy8ilfp9bwpegqwd','.eJxVjEEOwiAQRe_C2hAYENCl-56BzAxUqgaS0q6Md7dNutDtf-_9t4i4LiWuPc9xSuIqtDj9boT8zHUH6YH13iS3uswTyV2RB-1yaCm_bof7d1Cwl63OYExWyVnPSoOBNF4co_PKmGC8DqSYNwSWCC2CI7ZnUN4zBjUGi-LzBcf1N1E:1rnO9s:9LxGjpGNGlHPpolorAf6PKRhFFtHT154tL6iDWgj8Dc','2024-04-04 19:33:00.116879');
INSERT INTO "django_session" VALUES('qf1yn33bxumbcn7cp6qhxyjxs3wedc4h','.eJxVjEEOwiAQRe_C2hAYENCl-56BzAxUqgaS0q6Md7dNutDtf-_9t4i4LiWuPc9xSuIqtDj9boT8zHUH6YH13iS3uswTyV2RB-1yaCm_bof7d1Cwl63OYExWyVnPSoOBNF4co_PKmGC8DqSYNwSWCC2CI7ZnUN4zBjUGi-LzBcf1N1E:1rpvo0:zRtjQNBhyjrf4mVPyzu2eRJ4K5pHJ5Tn1bUHO6hB8a0','2024-04-11 19:52:56.036432');
CREATE UNIQUE INDEX "auth_group_permissions_group_id_permission_id_0cd325b0_uniq" ON "auth_group_permissions" ("group_id", "permission_id");
CREATE INDEX IF NOT EXISTS "auth_group_permissions_group_id_b120cbf9" ON "auth_group_permissions" ("group_id");
CREATE INDEX IF NOT EXISTS "auth_group_permissions_permission_id_84c5c92e" ON "auth_group_permissions" ("permission_id");
CREATE UNIQUE INDEX "auth_user_groups_user_id_group_id_94350c0c_uniq" ON "auth_user_groups" ("user_id", "group_id");
CREATE INDEX IF NOT EXISTS "auth_user_groups_user_id_6a12ed8b" ON "auth_user_groups" ("user_id");
CREATE INDEX IF NOT EXISTS "auth_user_groups_group_id_97559544" ON "auth_user_groups" ("group_id");
CREATE UNIQUE INDEX "auth_user_user_permissions_user_id_permission_id_14a6b632_uniq" ON "auth_user_user_permissions" ("user_id", "permission_id");
CREATE INDEX IF NOT EXISTS "auth_user_user_permissions_user_id_a95ead1b" ON "auth_user_user_permissions" ("user_id");
CREATE INDEX IF NOT EXISTS "auth_user_user_permissions_permission_id_1fbb5f2c" ON "auth_user_user_permissions" ("permission_id");
CREATE INDEX IF NOT EXISTS "django_admin_log_content_type_id_c4bce8eb" ON "django_admin_log" ("content_type_id");
CREATE INDEX IF NOT EXISTS "django_admin_log_user_id_c564eba6" ON "django_admin_log" ("user_id");
CREATE UNIQUE INDEX "django_content_type_app_label_model_76bd3d3b_uniq" ON "django_content_type" ("app_label", "model");
CREATE UNIQUE INDEX "auth_permission_content_type_id_codename_01ab375a_uniq" ON "auth_permission" ("content_type_id", "codename");
CREATE INDEX IF NOT EXISTS "auth_permission_content_type_id_2f476e4b" ON "auth_permission" ("content_type_id");
CREATE INDEX IF NOT EXISTS "django_session_expire_date_a5c62663" ON "django_session" ("expire_date");
CREATE UNIQUE INDEX "knowledgebase_document_assocs_document_id_actor_id_0dba6674_uniq" ON "knowledgebase_document_assocs" ("document_id", "actor_id");
CREATE INDEX IF NOT EXISTS "knowledgebase_document_assocs_document_id_787a19cd" ON "knowledgebase_document_assocs" ("document_id");
CREATE INDEX IF NOT EXISTS "knowledgebase_document_assocs_actor_id_3ac84104" ON "knowledgebase_document_assocs" ("actor_id");
CREATE UNIQUE INDEX "knowledgebase_topic_products_topic_id_product_id_3f42bd5d_uniq" ON "knowledgebase_topic_products" ("topic_id", "product_id");
CREATE INDEX IF NOT EXISTS "knowledgebase_topic_products_topic_id_f888e9d9" ON "knowledgebase_topic_products" ("topic_id");
CREATE INDEX IF NOT EXISTS "knowledgebase_topic_products_product_id_8629a278" ON "knowledgebase_topic_products" ("product_id");
CREATE UNIQUE INDEX "knowledgebase_topic_locations_topic_id_location_id_f696a750_uniq" ON "knowledgebase_topic_locations" ("topic_id", "location_id");
CREATE INDEX IF NOT EXISTS "knowledgebase_topic_locations_topic_id_6aed79ba" ON "knowledgebase_topic_locations" ("topic_id");
CREATE INDEX IF NOT EXISTS "knowledgebase_topic_locations_location_id_8f9c03b8" ON "knowledgebase_topic_locations" ("location_id");
CREATE UNIQUE INDEX "knowledgebase_topic_activities_topic_id_activity_id_ec4b9f3e_uniq" ON "knowledgebase_topic_activities" ("topic_id", "activity_id");
CREATE INDEX IF NOT EXISTS "knowledgebase_topic_activities_topic_id_9de12ab5" ON "knowledgebase_topic_activities" ("topic_id");
CREATE INDEX IF NOT EXISTS "knowledgebase_topic_activities_activity_id_8baf0b60" ON "knowledgebase_topic_activities" ("activity_id");
CREATE UNIQUE INDEX "knowledgebase_topic_actors_topic_id_actor_id_95b82317_uniq" ON "knowledgebase_topic_actors" ("topic_id", "actor_id");
CREATE INDEX IF NOT EXISTS "knowledgebase_topic_actors_topic_id_8653ede0" ON "knowledgebase_topic_actors" ("topic_id");
CREATE INDEX IF NOT EXISTS "knowledgebase_topic_actors_actor_id_877d062b" ON "knowledgebase_topic_actors" ("actor_id");
CREATE UNIQUE INDEX "knowledgebase_topic_impacts_topic_id_impact_id_c9cfe9f2_uniq" ON "knowledgebase_topic_impacts" ("topic_id", "impact_id");
CREATE INDEX IF NOT EXISTS "knowledgebase_topic_impacts_topic_id_d750e6ab" ON "knowledgebase_topic_impacts" ("topic_id");
CREATE INDEX IF NOT EXISTS "knowledgebase_topic_impacts_impact_id_7b7ca3b9" ON "knowledgebase_topic_impacts" ("impact_id");
CREATE UNIQUE INDEX "knowledgebase_product_members_from_product_id_to_product_id_9a8ccd2c_uniq" ON "knowledgebase_product_members" ("from_product_id", "to_product_id");
CREATE INDEX IF NOT EXISTS "knowledgebase_product_members_from_product_id_c52d0ac5" ON "knowledgebase_product_members" ("from_product_id");
CREATE INDEX IF NOT EXISTS "knowledgebase_product_members_to_product_id_918c8808" ON "knowledgebase_product_members" ("to_product_id");
CREATE UNIQUE INDEX "knowledgebase_location_members_from_location_id_to_location_id_e45db455_uniq" ON "knowledgebase_location_members" ("from_location_id", "to_location_id");
CREATE INDEX IF NOT EXISTS "knowledgebase_location_members_from_location_id_7302ce95" ON "knowledgebase_location_members" ("from_location_id");
CREATE INDEX IF NOT EXISTS "knowledgebase_location_members_to_location_id_6ed01a55" ON "knowledgebase_location_members" ("to_location_id");
CREATE UNIQUE INDEX "knowledgebase_impact_members_from_impact_id_to_impact_id_a4d850d5_uniq" ON "knowledgebase_impact_members" ("from_impact_id", "to_impact_id");
CREATE INDEX IF NOT EXISTS "knowledgebase_impact_members_from_impact_id_105ca189" ON "knowledgebase_impact_members" ("from_impact_id");
CREATE INDEX IF NOT EXISTS "knowledgebase_impact_members_to_impact_id_8b695957" ON "knowledgebase_impact_members" ("to_impact_id");
CREATE UNIQUE INDEX "knowledgebase_activity_members_from_activity_id_to_activity_id_1eff765f_uniq" ON "knowledgebase_activity_members" ("from_activity_id", "to_activity_id");
CREATE INDEX IF NOT EXISTS "knowledgebase_activity_members_from_activity_id_c9a26e2e" ON "knowledgebase_activity_members" ("from_activity_id");
CREATE INDEX IF NOT EXISTS "knowledgebase_activity_members_to_activity_id_579436d7" ON "knowledgebase_activity_members" ("to_activity_id");
CREATE UNIQUE INDEX "knowledgebase_actor_members_from_actor_id_to_actor_id_e7ed223d_uniq" ON "knowledgebase_actor_members" ("from_actor_id", "to_actor_id");
CREATE INDEX IF NOT EXISTS "knowledgebase_actor_members_from_actor_id_f23e9112" ON "knowledgebase_actor_members" ("from_actor_id");
CREATE INDEX IF NOT EXISTS "knowledgebase_actor_members_to_actor_id_0201cd5c" ON "knowledgebase_actor_members" ("to_actor_id");
CREATE INDEX IF NOT EXISTS "rest_framework_api_key_apikey_created_c61872d9" ON "rest_framework_api_key_apikey" ("created");
CREATE INDEX IF NOT EXISTS "knowledgebase_actor_category_id_9ed600e2" ON "knowledgebase_actor" ("category_id");
CREATE INDEX IF NOT EXISTS "knowledgebase_product_category_id_e08a0e2f" ON "knowledgebase_product" ("category_id");
CREATE INDEX IF NOT EXISTS "account_emailconfirmation_email_address_id_5b7f8c58" ON "account_emailconfirmation" ("email_address_id");
CREATE UNIQUE INDEX "account_emailaddress_user_id_email_987c8728_uniq" ON "account_emailaddress" ("user_id", "email");
CREATE UNIQUE INDEX "unique_verified_email" ON "account_emailaddress" ("email") WHERE "verified";
CREATE INDEX IF NOT EXISTS "account_emailaddress_user_id_2c513194" ON "account_emailaddress" ("user_id");
CREATE INDEX IF NOT EXISTS "account_emailaddress_upper" ON "account_emailaddress" ((UPPER("email")));
CREATE UNIQUE INDEX "socialaccount_socialtoken_app_id_account_id_fca4e0ac_uniq" ON "socialaccount_socialtoken" ("app_id", "account_id");
CREATE INDEX IF NOT EXISTS "socialaccount_socialtoken_account_id_951f210e" ON "socialaccount_socialtoken" ("account_id");
CREATE INDEX IF NOT EXISTS "socialaccount_socialtoken_app_id_636a42d7" ON "socialaccount_socialtoken" ("app_id");
CREATE UNIQUE INDEX "socialaccount_socialaccount_provider_uid_fc810c6e_uniq" ON "socialaccount_socialaccount" ("provider", "uid");
CREATE INDEX IF NOT EXISTS "socialaccount_socialaccount_user_id_8146e70c" ON "socialaccount_socialaccount" ("user_id");
CREATE INDEX IF NOT EXISTS "knowledgebase_location_category_id_c7d20c2e" ON "knowledgebase_location" ("category_id");
CREATE INDEX IF NOT EXISTS "knowledgebase_evidence_document_id_c2f41197" ON "knowledgebase_evidence" ("document_id");
CREATE INDEX IF NOT EXISTS "knowledgebase_evidence_topic_id_0486bccd" ON "knowledgebase_evidence" ("topic_id");
CREATE TABLE IF NOT EXISTS "knowledgebase_activity" ("id" integer NOT NULL PRIMARY KEY AUTOINCREMENT, "name" varchar(50) NOT NULL, "alternative_names" varchar(250) NOT NULL);
INSERT INTO "knowledgebase_activity" VALUES(1,'Protest','');
INSERT INTO "knowledgebase_activity" VALUES(2,'Legislation','');
INSERT INTO "knowledgebase_activity" VALUES(3,'Due Diligence','Responsible Sourcing');
INSERT INTO "knowledgebase_activity" VALUES(4,'Financing','');
INSERT INTO "knowledgebase_activity" VALUES(5,'Extraction','');
INSERT INTO "knowledgebase_activity" VALUES(6,'Policy','');
INSERT INTO "knowledgebase_activity" VALUES(7,'Expansion','');
INSERT INTO "knowledgebase_activity" VALUES(8,'Trade','');
INSERT INTO "knowledgebase_activity" VALUES(9,'Purchasing','');
INSERT INTO "knowledgebase_activity" VALUES(10,'Recycling','');
INSERT INTO "knowledgebase_activity" VALUES(11,'Artisanal Mining','');
INSERT INTO "knowledgebase_activity" VALUES(12,'Resistance','');
INSERT INTO "knowledgebase_activity" VALUES(13,'Tracing','');
INSERT INTO "knowledgebase_activity" VALUES(14,'Formalization','');
INSERT INTO "knowledgebase_activity" VALUES(15,'Smelting','');
INSERT INTO "knowledgebase_activity" VALUES(16,'Reporting','');
INSERT INTO "knowledgebase_activity" VALUES(17,'Conflict Minerals Report (Dodd-Frank Act)','');
INSERT INTO "knowledgebase_activity" VALUES(18,'Due Diligence Reporting (Congo/Rwanda)','');
INSERT INTO "knowledgebase_activity" VALUES(19,'Manufacturing','');
INSERT INTO "knowledgebase_activity" VALUES(20,'Data Collection','');
INSERT INTO "knowledgebase_activity" VALUES(21,'Futures Studies','');
INSERT INTO "knowledgebase_activity" VALUES(22,'Benchmarking','');
INSERT INTO "knowledgebase_activity" VALUES(23,'Life Cycle Assessment','');
INSERT INTO "knowledgebase_activity" VALUES(24,'Project','');
INSERT INTO "knowledgebase_activity" VALUES(25,'Audits','');
INSERT INTO "knowledgebase_activity" VALUES(26,'Mine Development','');
INSERT INTO "knowledgebase_activity" VALUES(27,'Corporate Social Responsibility','');
INSERT INTO "knowledgebase_activity" VALUES(28,'Employing','');
INSERT INTO "knowledgebase_activity" VALUES(29,'Improvement','');
INSERT INTO "knowledgebase_activity" VALUES(30,'Public Procurement','');
INSERT INTO "knowledgebase_activity" VALUES(31,'Repair','');
INSERT INTO "knowledgebase_activity" VALUES(32,'Compensation','');
CREATE UNIQUE INDEX "auth_group_permissions_group_id_permission_id_0cd325b0_uniq" ON "auth_group_permissions" ("group_id", "permission_id");
CREATE INDEX IF NOT EXISTS "auth_group_permissions_group_id_b120cbf9" ON "auth_group_permissions" ("group_id");
CREATE INDEX IF NOT EXISTS "auth_group_permissions_permission_id_84c5c92e" ON "auth_group_permissions" ("permission_id");
CREATE UNIQUE INDEX "auth_user_groups_user_id_group_id_94350c0c_uniq" ON "auth_user_groups" ("user_id", "group_id");
CREATE INDEX IF NOT EXISTS "auth_user_groups_user_id_6a12ed8b" ON "auth_user_groups" ("user_id");
CREATE INDEX IF NOT EXISTS "auth_user_groups_group_id_97559544" ON "auth_user_groups" ("group_id");
CREATE UNIQUE INDEX "auth_user_user_permissions_user_id_permission_id_14a6b632_uniq" ON "auth_user_user_permissions" ("user_id", "permission_id");
CREATE INDEX IF NOT EXISTS "auth_user_user_permissions_user_id_a95ead1b" ON "auth_user_user_permissions" ("user_id");
CREATE INDEX IF NOT EXISTS "auth_user_user_permissions_permission_id_1fbb5f2c" ON "auth_user_user_permissions" ("permission_id");
CREATE INDEX IF NOT EXISTS "django_admin_log_content_type_id_c4bce8eb" ON "django_admin_log" ("content_type_id");
CREATE INDEX IF NOT EXISTS "django_admin_log_user_id_c564eba6" ON "django_admin_log" ("user_id");
CREATE UNIQUE INDEX "django_content_type_app_label_model_76bd3d3b_uniq" ON "django_content_type" ("app_label", "model");
CREATE UNIQUE INDEX "auth_permission_content_type_id_codename_01ab375a_uniq" ON "auth_permission" ("content_type_id", "codename");
CREATE INDEX IF NOT EXISTS "auth_permission_content_type_id_2f476e4b" ON "auth_permission" ("content_type_id");
CREATE INDEX IF NOT EXISTS "django_session_expire_date_a5c62663" ON "django_session" ("expire_date");
CREATE UNIQUE INDEX "knowledgebase_document_assocs_document_id_actor_id_0dba6674_uniq" ON "knowledgebase_document_assocs" ("document_id", "actor_id");
CREATE INDEX IF NOT EXISTS "knowledgebase_document_assocs_document_id_787a19cd" ON "knowledgebase_document_assocs" ("document_id");
CREATE INDEX IF NOT EXISTS "knowledgebase_document_assocs_actor_id_3ac84104" ON "knowledgebase_document_assocs" ("actor_id");
CREATE UNIQUE INDEX "knowledgebase_topic_products_topic_id_product_id_3f42bd5d_uniq" ON "knowledgebase_topic_products" ("topic_id", "product_id");
CREATE INDEX IF NOT EXISTS "knowledgebase_topic_products_topic_id_f888e9d9" ON "knowledgebase_topic_products" ("topic_id");
CREATE INDEX IF NOT EXISTS "knowledgebase_topic_products_product_id_8629a278" ON "knowledgebase_topic_products" ("product_id");
CREATE UNIQUE INDEX "knowledgebase_topic_locations_topic_id_location_id_f696a750_uniq" ON "knowledgebase_topic_locations" ("topic_id", "location_id");
CREATE INDEX IF NOT EXISTS "knowledgebase_topic_locations_topic_id_6aed79ba" ON "knowledgebase_topic_locations" ("topic_id");
CREATE INDEX IF NOT EXISTS "knowledgebase_topic_locations_location_id_8f9c03b8" ON "knowledgebase_topic_locations" ("location_id");
CREATE UNIQUE INDEX "knowledgebase_topic_activities_topic_id_activity_id_ec4b9f3e_uniq" ON "knowledgebase_topic_activities" ("topic_id", "activity_id");
CREATE INDEX IF NOT EXISTS "knowledgebase_topic_activities_topic_id_9de12ab5" ON "knowledgebase_topic_activities" ("topic_id");
CREATE INDEX IF NOT EXISTS "knowledgebase_topic_activities_activity_id_8baf0b60" ON "knowledgebase_topic_activities" ("activity_id");
CREATE UNIQUE INDEX "knowledgebase_topic_actors_topic_id_actor_id_95b82317_uniq" ON "knowledgebase_topic_actors" ("topic_id", "actor_id");
CREATE INDEX IF NOT EXISTS "knowledgebase_topic_actors_topic_id_8653ede0" ON "knowledgebase_topic_actors" ("topic_id");
CREATE INDEX IF NOT EXISTS "knowledgebase_topic_actors_actor_id_877d062b" ON "knowledgebase_topic_actors" ("actor_id");
CREATE UNIQUE INDEX "knowledgebase_topic_impacts_topic_id_impact_id_c9cfe9f2_uniq" ON "knowledgebase_topic_impacts" ("topic_id", "impact_id");
CREATE INDEX IF NOT EXISTS "knowledgebase_topic_impacts_topic_id_d750e6ab" ON "knowledgebase_topic_impacts" ("topic_id");
CREATE INDEX IF NOT EXISTS "knowledgebase_topic_impacts_impact_id_7b7ca3b9" ON "knowledgebase_topic_impacts" ("impact_id");
CREATE UNIQUE INDEX "knowledgebase_product_members_from_product_id_to_product_id_9a8ccd2c_uniq" ON "knowledgebase_product_members" ("from_product_id", "to_product_id");
CREATE INDEX IF NOT EXISTS "knowledgebase_product_members_from_product_id_c52d0ac5" ON "knowledgebase_product_members" ("from_product_id");
CREATE INDEX IF NOT EXISTS "knowledgebase_product_members_to_product_id_918c8808" ON "knowledgebase_product_members" ("to_product_id");
CREATE UNIQUE INDEX "knowledgebase_location_members_from_location_id_to_location_id_e45db455_uniq" ON "knowledgebase_location_members" ("from_location_id", "to_location_id");
CREATE INDEX IF NOT EXISTS "knowledgebase_location_members_from_location_id_7302ce95" ON "knowledgebase_location_members" ("from_location_id");
CREATE INDEX IF NOT EXISTS "knowledgebase_location_members_to_location_id_6ed01a55" ON "knowledgebase_location_members" ("to_location_id");
CREATE UNIQUE INDEX "knowledgebase_impact_members_from_impact_id_to_impact_id_a4d850d5_uniq" ON "knowledgebase_impact_members" ("from_impact_id", "to_impact_id");
CREATE INDEX IF NOT EXISTS "knowledgebase_impact_members_from_impact_id_105ca189" ON "knowledgebase_impact_members" ("from_impact_id");
CREATE INDEX IF NOT EXISTS "knowledgebase_impact_members_to_impact_id_8b695957" ON "knowledgebase_impact_members" ("to_impact_id");
CREATE UNIQUE INDEX "knowledgebase_activity_members_from_activity_id_to_activity_id_1eff765f_uniq" ON "knowledgebase_activity_members" ("from_activity_id", "to_activity_id");
CREATE INDEX IF NOT EXISTS "knowledgebase_activity_members_from_activity_id_c9a26e2e" ON "knowledgebase_activity_members" ("from_activity_id");
CREATE INDEX IF NOT EXISTS "knowledgebase_activity_members_to_activity_id_579436d7" ON "knowledgebase_activity_members" ("to_activity_id");
CREATE UNIQUE INDEX "knowledgebase_actor_members_from_actor_id_to_actor_id_e7ed223d_uniq" ON "knowledgebase_actor_members" ("from_actor_id", "to_actor_id");
CREATE INDEX IF NOT EXISTS "knowledgebase_actor_members_from_actor_id_f23e9112" ON "knowledgebase_actor_members" ("from_actor_id");
CREATE INDEX IF NOT EXISTS "knowledgebase_actor_members_to_actor_id_0201cd5c" ON "knowledgebase_actor_members" ("to_actor_id");
CREATE INDEX IF NOT EXISTS "rest_framework_api_key_apikey_created_c61872d9" ON "rest_framework_api_key_apikey" ("created");
CREATE INDEX IF NOT EXISTS "knowledgebase_actor_category_id_9ed600e2" ON "knowledgebase_actor" ("category_id");
CREATE INDEX IF NOT EXISTS "knowledgebase_product_category_id_e08a0e2f" ON "knowledgebase_product" ("category_id");
CREATE INDEX IF NOT EXISTS "account_emailconfirmation_email_address_id_5b7f8c58" ON "account_emailconfirmation" ("email_address_id");
CREATE UNIQUE INDEX "account_emailaddress_user_id_email_987c8728_uniq" ON "account_emailaddress" ("user_id", "email");
CREATE UNIQUE INDEX "unique_verified_email" ON "account_emailaddress" ("email") WHERE "verified";
CREATE INDEX IF NOT EXISTS "account_emailaddress_user_id_2c513194" ON "account_emailaddress" ("user_id");
CREATE INDEX IF NOT EXISTS "account_emailaddress_upper" ON "account_emailaddress" ((UPPER("email")));
CREATE UNIQUE INDEX "socialaccount_socialtoken_app_id_account_id_fca4e0ac_uniq" ON "socialaccount_socialtoken" ("app_id", "account_id");
CREATE INDEX IF NOT EXISTS "socialaccount_socialtoken_account_id_951f210e" ON "socialaccount_socialtoken" ("account_id");
CREATE INDEX IF NOT EXISTS "socialaccount_socialtoken_app_id_636a42d7" ON "socialaccount_socialtoken" ("app_id");
CREATE UNIQUE INDEX "socialaccount_socialaccount_provider_uid_fc810c6e_uniq" ON "socialaccount_socialaccount" ("provider", "uid");
CREATE INDEX IF NOT EXISTS "socialaccount_socialaccount_user_id_8146e70c" ON "socialaccount_socialaccount" ("user_id");
CREATE INDEX IF NOT EXISTS "knowledgebase_location_category_id_c7d20c2e" ON "knowledgebase_location" ("category_id");
CREATE INDEX IF NOT EXISTS "knowledgebase_evidence_document_id_c2f41197" ON "knowledgebase_evidence" ("document_id");
CREATE INDEX IF NOT EXISTS "knowledgebase_evidence_topic_id_0486bccd" ON "knowledgebase_evidence" ("topic_id");
CREATE TABLE IF NOT EXISTS "knowledgebase_activity_members" ("id" integer NOT NULL PRIMARY KEY AUTOINCREMENT, "from_activity_id" bigint NOT NULL REFERENCES "knowledgebase_activity" ("id") DEFERRABLE INITIALLY DEFERRED, "to_activity_id" bigint NOT NULL REFERENCES "knowledgebase_activity" ("id") DEFERRABLE INITIALLY DEFERRED);
INSERT INTO "knowledgebase_activity_members" VALUES(1,16,17);
INSERT INTO "knowledgebase_activity_members" VALUES(2,2,3);
INSERT INTO "knowledgebase_activity_members" VALUES(3,16,18);
INSERT INTO "knowledgebase_activity_members" VALUES(4,1,12);
CREATE UNIQUE INDEX "auth_group_permissions_group_id_permission_id_0cd325b0_uniq" ON "auth_group_permissions" ("group_id", "permission_id");
CREATE INDEX IF NOT EXISTS "auth_group_permissions_group_id_b120cbf9" ON "auth_group_permissions" ("group_id");
CREATE INDEX IF NOT EXISTS "auth_group_permissions_permission_id_84c5c92e" ON "auth_group_permissions" ("permission_id");
CREATE UNIQUE INDEX "auth_user_groups_user_id_group_id_94350c0c_uniq" ON "auth_user_groups" ("user_id", "group_id");
CREATE INDEX IF NOT EXISTS "auth_user_groups_user_id_6a12ed8b" ON "auth_user_groups" ("user_id");
CREATE INDEX IF NOT EXISTS "auth_user_groups_group_id_97559544" ON "auth_user_groups" ("group_id");
CREATE UNIQUE INDEX "auth_user_user_permissions_user_id_permission_id_14a6b632_uniq" ON "auth_user_user_permissions" ("user_id", "permission_id");
CREATE INDEX IF NOT EXISTS "auth_user_user_permissions_user_id_a95ead1b" ON "auth_user_user_permissions" ("user_id");
CREATE INDEX IF NOT EXISTS "auth_user_user_permissions_permission_id_1fbb5f2c" ON "auth_user_user_permissions" ("permission_id");
CREATE INDEX IF NOT EXISTS "django_admin_log_content_type_id_c4bce8eb" ON "django_admin_log" ("content_type_id");
CREATE INDEX IF NOT EXISTS "django_admin_log_user_id_c564eba6" ON "django_admin_log" ("user_id");
CREATE UNIQUE INDEX "django_content_type_app_label_model_76bd3d3b_uniq" ON "django_content_type" ("app_label", "model");
CREATE UNIQUE INDEX "auth_permission_content_type_id_codename_01ab375a_uniq" ON "auth_permission" ("content_type_id", "codename");
CREATE INDEX IF NOT EXISTS "auth_permission_content_type_id_2f476e4b" ON "auth_permission" ("content_type_id");
CREATE INDEX IF NOT EXISTS "django_session_expire_date_a5c62663" ON "django_session" ("expire_date");
CREATE UNIQUE INDEX "knowledgebase_document_assocs_document_id_actor_id_0dba6674_uniq" ON "knowledgebase_document_assocs" ("document_id", "actor_id");
CREATE INDEX IF NOT EXISTS "knowledgebase_document_assocs_document_id_787a19cd" ON "knowledgebase_document_assocs" ("document_id");
CREATE INDEX IF NOT EXISTS "knowledgebase_document_assocs_actor_id_3ac84104" ON "knowledgebase_document_assocs" ("actor_id");
CREATE UNIQUE INDEX "knowledgebase_topic_products_topic_id_product_id_3f42bd5d_uniq" ON "knowledgebase_topic_products" ("topic_id", "product_id");
CREATE INDEX IF NOT EXISTS "knowledgebase_topic_products_topic_id_f888e9d9" ON "knowledgebase_topic_products" ("topic_id");
CREATE INDEX IF NOT EXISTS "knowledgebase_topic_products_product_id_8629a278" ON "knowledgebase_topic_products" ("product_id");
CREATE UNIQUE INDEX "knowledgebase_topic_locations_topic_id_location_id_f696a750_uniq" ON "knowledgebase_topic_locations" ("topic_id", "location_id");
CREATE INDEX IF NOT EXISTS "knowledgebase_topic_locations_topic_id_6aed79ba" ON "knowledgebase_topic_locations" ("topic_id");
CREATE INDEX IF NOT EXISTS "knowledgebase_topic_locations_location_id_8f9c03b8" ON "knowledgebase_topic_locations" ("location_id");
CREATE UNIQUE INDEX "knowledgebase_topic_activities_topic_id_activity_id_ec4b9f3e_uniq" ON "knowledgebase_topic_activities" ("topic_id", "activity_id");
CREATE INDEX IF NOT EXISTS "knowledgebase_topic_activities_topic_id_9de12ab5" ON "knowledgebase_topic_activities" ("topic_id");
CREATE INDEX IF NOT EXISTS "knowledgebase_topic_activities_activity_id_8baf0b60" ON "knowledgebase_topic_activities" ("activity_id");
CREATE UNIQUE INDEX "knowledgebase_topic_actors_topic_id_actor_id_95b82317_uniq" ON "knowledgebase_topic_actors" ("topic_id", "actor_id");
CREATE INDEX IF NOT EXISTS "knowledgebase_topic_actors_topic_id_8653ede0" ON "knowledgebase_topic_actors" ("topic_id");
CREATE INDEX IF NOT EXISTS "knowledgebase_topic_actors_actor_id_877d062b" ON "knowledgebase_topic_actors" ("actor_id");
CREATE UNIQUE INDEX "knowledgebase_topic_impacts_topic_id_impact_id_c9cfe9f2_uniq" ON "knowledgebase_topic_impacts" ("topic_id", "impact_id");
CREATE INDEX IF NOT EXISTS "knowledgebase_topic_impacts_topic_id_d750e6ab" ON "knowledgebase_topic_impacts" ("topic_id");
CREATE INDEX IF NOT EXISTS "knowledgebase_topic_impacts_impact_id_7b7ca3b9" ON "knowledgebase_topic_impacts" ("impact_id");
CREATE UNIQUE INDEX "knowledgebase_product_members_from_product_id_to_product_id_9a8ccd2c_uniq" ON "knowledgebase_product_members" ("from_product_id", "to_product_id");
CREATE INDEX IF NOT EXISTS "knowledgebase_product_members_from_product_id_c52d0ac5" ON "knowledgebase_product_members" ("from_product_id");
CREATE INDEX IF NOT EXISTS "knowledgebase_product_members_to_product_id_918c8808" ON "knowledgebase_product_members" ("to_product_id");
CREATE UNIQUE INDEX "knowledgebase_location_members_from_location_id_to_location_id_e45db455_uniq" ON "knowledgebase_location_members" ("from_location_id", "to_location_id");
CREATE INDEX IF NOT EXISTS "knowledgebase_location_members_from_location_id_7302ce95" ON "knowledgebase_location_members" ("from_location_id");
CREATE INDEX IF NOT EXISTS "knowledgebase_location_members_to_location_id_6ed01a55" ON "knowledgebase_location_members" ("to_location_id");
CREATE UNIQUE INDEX "knowledgebase_impact_members_from_impact_id_to_impact_id_a4d850d5_uniq" ON "knowledgebase_impact_members" ("from_impact_id", "to_impact_id");
CREATE INDEX IF NOT EXISTS "knowledgebase_impact_members_from_impact_id_105ca189" ON "knowledgebase_impact_members" ("from_impact_id");
CREATE INDEX IF NOT EXISTS "knowledgebase_impact_members_to_impact_id_8b695957" ON "knowledgebase_impact_members" ("to_impact_id");
CREATE UNIQUE INDEX "knowledgebase_activity_members_from_activity_id_to_activity_id_1eff765f_uniq" ON "knowledgebase_activity_members" ("from_activity_id", "to_activity_id");
CREATE INDEX IF NOT EXISTS "knowledgebase_activity_members_from_activity_id_c9a26e2e" ON "knowledgebase_activity_members" ("from_activity_id");
CREATE INDEX IF NOT EXISTS "knowledgebase_activity_members_to_activity_id_579436d7" ON "knowledgebase_activity_members" ("to_activity_id");
CREATE UNIQUE INDEX "knowledgebase_actor_members_from_actor_id_to_actor_id_e7ed223d_uniq" ON "knowledgebase_actor_members" ("from_actor_id", "to_actor_id");
CREATE INDEX IF NOT EXISTS "knowledgebase_actor_members_from_actor_id_f23e9112" ON "knowledgebase_actor_members" ("from_actor_id");
CREATE INDEX IF NOT EXISTS "knowledgebase_actor_members_to_actor_id_0201cd5c" ON "knowledgebase_actor_members" ("to_actor_id");
CREATE INDEX IF NOT EXISTS "rest_framework_api_key_apikey_created_c61872d9" ON "rest_framework_api_key_apikey" ("created");
CREATE INDEX IF NOT EXISTS "knowledgebase_actor_category_id_9ed600e2" ON "knowledgebase_actor" ("category_id");
CREATE INDEX IF NOT EXISTS "knowledgebase_product_category_id_e08a0e2f" ON "knowledgebase_product" ("category_id");
CREATE INDEX IF NOT EXISTS "account_emailconfirmation_email_address_id_5b7f8c58" ON "account_emailconfirmation" ("email_address_id");
CREATE UNIQUE INDEX "account_emailaddress_user_id_email_987c8728_uniq" ON "account_emailaddress" ("user_id", "email");
CREATE UNIQUE INDEX "unique_verified_email" ON "account_emailaddress" ("email") WHERE "verified";
CREATE INDEX IF NOT EXISTS "account_emailaddress_user_id_2c513194" ON "account_emailaddress" ("user_id");
CREATE INDEX IF NOT EXISTS "account_emailaddress_upper" ON "account_emailaddress" ((UPPER("email")));
CREATE UNIQUE INDEX "socialaccount_socialtoken_app_id_account_id_fca4e0ac_uniq" ON "socialaccount_socialtoken" ("app_id", "account_id");
CREATE INDEX IF NOT EXISTS "socialaccount_socialtoken_account_id_951f210e" ON "socialaccount_socialtoken" ("account_id");
CREATE INDEX IF NOT EXISTS "socialaccount_socialtoken_app_id_636a42d7" ON "socialaccount_socialtoken" ("app_id");
CREATE UNIQUE INDEX "socialaccount_socialaccount_provider_uid_fc810c6e_uniq" ON "socialaccount_socialaccount" ("provider", "uid");
CREATE INDEX IF NOT EXISTS "socialaccount_socialaccount_user_id_8146e70c" ON "socialaccount_socialaccount" ("user_id");
CREATE INDEX IF NOT EXISTS "knowledgebase_location_category_id_c7d20c2e" ON "knowledgebase_location" ("category_id");
CREATE INDEX IF NOT EXISTS "knowledgebase_evidence_document_id_c2f41197" ON "knowledgebase_evidence" ("document_id");
CREATE INDEX IF NOT EXISTS "knowledgebase_evidence_topic_id_0486bccd" ON "knowledgebase_evidence" ("topic_id");
CREATE TABLE IF NOT EXISTS "knowledgebase_actor" ("id" integer NOT NULL PRIMARY KEY AUTOINCREMENT, "name" varchar(100) NOT NULL, "abbreviation" varchar(20) NOT NULL, "alternative_names" varchar(250) NOT NULL, "category_id" bigint NOT NULL REFERENCES "knowledgebase_actorcategory" ("id") DEFERRABLE INITIALLY DEFERRED);
INSERT INTO "knowledgebase_actor" VALUES(3,'Catapa','','',9);
INSERT INTO "knowledgebase_actor" VALUES(4,'Antofagasta Minerals','','',4);
INSERT INTO "knowledgebase_actor" VALUES(5,'Make ICT Fair','','',9);
INSERT INTO "knowledgebase_actor" VALUES(6,'War on Want','','',9);
INSERT INTO "knowledgebase_actor" VALUES(7,'People','','',11);
INSERT INTO "knowledgebase_actor" VALUES(8,'Human Rights Watch','','',9);
INSERT INTO "knowledgebase_actor" VALUES(9,'International Federation for Human Rights','fidh','',9);
INSERT INTO "knowledgebase_actor" VALUES(10,'Justiça nos Trilhos','','',9);
INSERT INTO "knowledgebase_actor" VALUES(11,'Southern Africa Resource Watch','SARW','',9);
INSERT INTO "knowledgebase_actor" VALUES(12,'Open Society Initiative for Southern Africa','OSISA','',9);
INSERT INTO "knowledgebase_actor" VALUES(13,'Congolese Government','','',8);
INSERT INTO "knowledgebase_actor" VALUES(14,'Five Winds International','','',12);
INSERT INTO "knowledgebase_actor" VALUES(15,'International Council on Mining and Metals','ICMM','',13);
INSERT INTO "knowledgebase_actor" VALUES(16,'International Institute for Sustainable Development','IISD','',12);
INSERT INTO "knowledgebase_actor" VALUES(17,'University of Jos','','',14);
INSERT INTO "knowledgebase_actor" VALUES(18,'global witness','','',9);
INSERT INTO "knowledgebase_actor" VALUES(19,'Business & Human Rights Resource Centre','BHRRC','',9);
INSERT INTO "knowledgebase_actor" VALUES(20,'Brot für die Welt','','Bread for the World',9);
INSERT INTO "knowledgebase_actor" VALUES(21,'Lonmin','','',4);
INSERT INTO "knowledgebase_actor" VALUES(22,'Police','','',8);
INSERT INTO "knowledgebase_actor" VALUES(25,'PowerShift','','',9);
INSERT INTO "knowledgebase_actor" VALUES(26,'urgewald','','',9);
INSERT INTO "knowledgebase_actor" VALUES(27,'Chinese Government','','',8);
INSERT INTO "knowledgebase_actor" VALUES(28,'Independent','','',17);
INSERT INTO "knowledgebase_actor" VALUES(29,'Swiss Federal Laboratories for Materials Science and Technology','EMPA','',14);
INSERT INTO "knowledgebase_actor" VALUES(30,'Environmental Justice Atlas','EJA','',9);
INSERT INTO "knowledgebase_actor" VALUES(31,'MiningWatch Canada','','',9);
INSERT INTO "knowledgebase_actor" VALUES(32,'Gesellschaft für bedrohte Völker','GfbV','Society for Threatened Peoples',9);
INSERT INTO "knowledgebase_actor" VALUES(33,'Nussir ASA','','',4);
INSERT INTO "knowledgebase_actor" VALUES(34,'Sami','','',11);
INSERT INTO "knowledgebase_actor" VALUES(35,'Credit Suisse','','',18);
INSERT INTO "knowledgebase_actor" VALUES(36,'Forschungs- und Dokumentationszentrum Chile-Lateinamerika e. V.','fdcl','',9);
INSERT INTO "knowledgebase_actor" VALUES(37,'Germanwatch','','',9);
INSERT INTO "knowledgebase_actor" VALUES(38,'Codelco','','',4);
INSERT INTO "knowledgebase_actor" VALUES(39,'Organisation for Economic Co-operation and Development','OECD','Organisation für wirtschaftliche Zusammenarbeit und Entwicklung, Organisation de coopération et de développement économiques',19);
INSERT INTO "knowledgebase_actor" VALUES(40,'Justiça Global','','',9);
INSERT INTO "knowledgebase_actor" VALUES(41,'Vale','','',4);
INSERT INTO "knowledgebase_actor" VALUES(42,'Residents','','',11);
INSERT INTO "knowledgebase_actor" VALUES(43,'Western Sahara Resource Watch','WSRW','',9);
INSERT INTO "knowledgebase_actor" VALUES(44,'Terre des hommes','Tdh','',9);
INSERT INTO "knowledgebase_actor" VALUES(45,'Anglo Platinum','Amplats','',4);
INSERT INTO "knowledgebase_actor" VALUES(46,'BASF','','',2);
INSERT INTO "knowledgebase_actor" VALUES(47,'Angloamerican','','',4);
INSERT INTO "knowledgebase_actor" VALUES(48,'Fairphone','','',7);
INSERT INTO "knowledgebase_actor" VALUES(49,'Specialty Metals Resources','','',20);
INSERT INTO "knowledgebase_actor" VALUES(50,'Wolfram Bergbau und Hütten AG','Wolfram','',6);
INSERT INTO "knowledgebase_actor" VALUES(51,'Bugarama Mining Company Ltd','NBM','',4);
INSERT INTO "knowledgebase_actor" VALUES(52,'Bundesanstalt für Geowissenschaften und Rohstoffe','BGR','',8);
INSERT INTO "knowledgebase_actor" VALUES(53,'Arepo Consult GmbH','Arepo','',12);
INSERT INTO "knowledgebase_actor" VALUES(54,'Rosa-Luxemburg-Stiftung Gesellschaftsanalyse und politische Bildung','RLS','',21);
INSERT INTO "knowledgebase_actor" VALUES(55,'Public Eye','','Berne Declaration, Erklärung von Bern',9);
INSERT INTO "knowledgebase_actor" VALUES(56,'Valcambi SA','','',6);
INSERT INTO "knowledgebase_actor" VALUES(57,'Sociaal-Economische raad','SER','Social and Economic Council',22);
INSERT INTO "knowledgebase_actor" VALUES(58,'Dutch Gold Sector International RBC Agreement','Gold Int. RBC','',22);
INSERT INTO "knowledgebase_actor" VALUES(59,'Bonn International Center for Conflict Studies','BICC','Bonn International Center of Conversion, Internationales Konversionszentrum Bonn GmbH',14);
INSERT INTO "knowledgebase_actor" VALUES(60,'Südwind-Institut für Ökonomie und Ökumene','Südwind (GER)','',9);
INSERT INTO "knowledgebase_actor" VALUES(61,'European Center for Constitutional and Human Rights','ECCHR','',9);
INSERT INTO "knowledgebase_actor" VALUES(62,'Roșia Montană Gold Corporation','RMGC','',4);
INSERT INTO "knowledgebase_actor" VALUES(63,'Local Community','','',11);
INSERT INTO "knowledgebase_actor" VALUES(64,'Christliche Initiative Romero','CIR','',9);
INSERT INTO "knowledgebase_actor" VALUES(65,'Consumer','','',11);
INSERT INTO "knowledgebase_actor" VALUES(66,'IMPACT','','Partnership Africa Canada',10);
INSERT INTO "knowledgebase_actor" VALUES(67,'Just Gold Traceability and Due Diligence System','Just Gold','',23);
INSERT INTO "knowledgebase_actor" VALUES(68,'Trafigura','','',20);
INSERT INTO "knowledgebase_actor" VALUES(69,'Karlsruher Institut für Technologie','KIT','',14);
INSERT INTO "knowledgebase_actor" VALUES(70,'THINKTANK Industrielle Ressourcenstrategien','','',12);
INSERT INTO "knowledgebase_actor" VALUES(71,'Leiden University','CML','',14);
INSERT INTO "knowledgebase_actor" VALUES(72,'Rights and Accountability in Development','RAID','',9);
INSERT INTO "knowledgebase_actor" VALUES(73,'Centre d’Aide Juridico-Judiciaire','CAJJ','',9);
INSERT INTO "knowledgebase_actor" VALUES(75,'Glencore','','',4);
INSERT INTO "knowledgebase_actor" VALUES(76,'Kamoto Copper Company','KCC','',4);
INSERT INTO "knowledgebase_actor" VALUES(77,'Eurasian Resources Group','','',4);
INSERT INTO "knowledgebase_actor" VALUES(78,'Metalkol','RTR','',4);
INSERT INTO "knowledgebase_actor" VALUES(79,'China Molybdenum','','',4);
INSERT INTO "knowledgebase_actor" VALUES(80,'Tenke Fungurume Mining','TFM','',4);
INSERT INTO "knowledgebase_actor" VALUES(81,'China Nonferrous Metal Mining Company','CNMC','',4);
INSERT INTO "knowledgebase_actor" VALUES(82,'Société minière de Deziwa','Somidez','',4);
INSERT INTO "knowledgebase_actor" VALUES(83,'Gécamines','','',4);
INSERT INTO "knowledgebase_actor" VALUES(84,'Sino-congolaise des mines','Sicomines','',4);
INSERT INTO "knowledgebase_actor" VALUES(85,'Responsible Mining Foundation','RMF','',14);
INSERT INTO "knowledgebase_actor" VALUES(86,'Responsible Mining Index','RMI','',24);
INSERT INTO "knowledgebase_actor" VALUES(87,'Save the Children','STC','',9);
INSERT INTO "knowledgebase_actor" VALUES(88,'The Centre for Child Rights and Business','','',12);
INSERT INTO "knowledgebase_actor" VALUES(89,'Deutsches Kupferinstitut','','',13);
INSERT INTO "knowledgebase_actor" VALUES(90,'Electronics Watch','','',10);
INSERT INTO "knowledgebase_actor" VALUES(91,'Deutsche Rohstoffagentur','DERA','',22);
INSERT INTO "knowledgebase_actor" VALUES(92,'Grupo México','','',4);
INSERT INTO "knowledgebase_actor" VALUES(93,'Aurubis','','',4);
INSERT INTO "knowledgebase_actor" VALUES(94,'ThyssenKrupp','','',25);
INSERT INTO "knowledgebase_actor" VALUES(95,'adelphi consult GmbH','adelphi','',12);
INSERT INTO "knowledgebase_actor" VALUES(96,'Amnesty International','Amnesty','',9);
INSERT INTO "knowledgebase_actor" VALUES(97,'PT Antam','','',4);
INSERT INTO "knowledgebase_actor" VALUES(98,'Company (general)','','',26);
INSERT INTO "knowledgebase_actor" VALUES(99,'KnowTheChain','','',9);
INSERT INTO "knowledgebase_actor" VALUES(100,'International Peace Information Service','IPIS','',14);
INSERT INTO "knowledgebase_actor" VALUES(101,'International Alert','','',9);
INSERT INTO "knowledgebase_actor" VALUES(102,'Observatoire Gouvernance et Paix','OGP','',9);
INSERT INTO "knowledgebase_actor" VALUES(103,'European Network for Central Africa','EurAc','',9);
INSERT INTO "knowledgebase_actor" VALUES(104,'ASW - Aktionsgemeinschaft Solidarische Welt e.V.','ASW','',10);
INSERT INTO "knowledgebase_actor" VALUES(105,'CorA-Netzwerk für Unternehmensverantwortung','CorA','',9);
INSERT INTO "knowledgebase_actor" VALUES(106,'FEMNET e.V.','FEMNET','',9);
INSERT INTO "knowledgebase_actor" VALUES(107,'FIAN Deutschland e.V. FoodFirst Informations- & Aktions-Netzwerk','FIAN','',9);
INSERT INTO "knowledgebase_actor" VALUES(108,'Global Policy Forum Europe e.V.','GPF','',9);
INSERT INTO "knowledgebase_actor" VALUES(109,'Entwicklungsprojekte für Frauen – MARIE-SCHLEI-VEREIN e. V.','Marie-Schlei-Verein','',9);
INSERT INTO "knowledgebase_actor" VALUES(110,'materra -Stiftung Frau & Gesundheit e.V.','materra','',9);
INSERT INTO "knowledgebase_actor" VALUES(111,'Plan International Deutschland e.V.','Plan','',9);
INSERT INTO "knowledgebase_actor" VALUES(112,'TERRE DES FEMMES - Menschenrechte für die Frau e.V.','Terre des Femmes','',9);
INSERT INTO "knowledgebase_actor" VALUES(113,'TransFair – Verein zur Förderung des Fairen Handels in der Einen Welt e.V.','TransFair','',9);
INSERT INTO "knowledgebase_actor" VALUES(114,'WECF e.V. Deutschland Women Engage for a Common Future','WECF','',9);
INSERT INTO "knowledgebase_actor" VALUES(115,'INKOTA-netzwerk e.V.','INKOTA','',9);
INSERT INTO "knowledgebase_actor" VALUES(116,'Verité','','',12);
INSERT INTO "knowledgebase_actor" VALUES(117,'UN Environment Programme','UNEP','',19);
INSERT INTO "knowledgebase_actor" VALUES(118,'UN Human Rights - Office of the High Commissioner','OHCHR','',19);
INSERT INTO "knowledgebase_actor" VALUES(119,'Adda Central Purchasing Body','Adda','',8);
INSERT INTO "knowledgebase_actor" VALUES(120,'Swedish Regions','','',8);
INSERT INTO "knowledgebase_actor" VALUES(121,'Church of Sweden','','',27);
INSERT INTO "knowledgebase_actor" VALUES(122,'European Union','EU','',8);
INSERT INTO "knowledgebase_actor" VALUES(123,'Australian Strategic Policy Institute','ASPI','',12);
INSERT INTO "knowledgebase_actor" VALUES(124,'Apple','','',7);
INSERT INTO "knowledgebase_actor" VALUES(125,'International Labour Organization','ILO','',19);
INSERT INTO "knowledgebase_actor" VALUES(126,'Walk Free','','',9);
INSERT INTO "knowledgebase_actor" VALUES(127,'International Organization for Migration','IOM','',19);
INSERT INTO "knowledgebase_actor" VALUES(128,'Hamburger Stiftung für Wirtschaftsethik','HSfW','',21);
INSERT INTO "knowledgebase_actor" VALUES(129,'United Nations University','UNU','',19);
INSERT INTO "knowledgebase_actor" VALUES(130,'step - solving the e-waste problem','step','',10);
INSERT INTO "knowledgebase_actor" VALUES(131,'United Nations Institute for Training and Research','UNITAR','',19);
INSERT INTO "knowledgebase_actor" VALUES(132,'International Solid Waste Association','ISWA','',10);
INSERT INTO "knowledgebase_actor" VALUES(133,'International Telecommunication Union','','',28);
INSERT INTO "knowledgebase_actor" VALUES(134,'Zhuhai National Resources & Jingjie Printing Technology Co., Ltd','','',26);
INSERT INTO "knowledgebase_actor" VALUES(135,'Zhuhai Maetone Infotech Co., Ltd','','',26);
INSERT INTO "knowledgebase_actor" VALUES(136,'SwedWatch','','',9);
INSERT INTO "knowledgebase_actor" VALUES(137,'SOMO - Centre for Research on Multinational Corporations','SOMO','',9);
INSERT INTO "knowledgebase_actor" VALUES(138,'Olympus','','',7);
INSERT INTO "knowledgebase_actor" VALUES(139,'Olympus Vietnam Co. Ltd','','',3);
INSERT INTO "knowledgebase_actor" VALUES(140,'Sanyo','','',7);
INSERT INTO "knowledgebase_actor" VALUES(141,'Sanyo DI Solutions Co. Ltd.','','',29);
INSERT INTO "knowledgebase_actor" VALUES(142,'Pentax','','',2);
INSERT INTO "knowledgebase_actor" VALUES(143,'Pentax Vietnam','','',29);
INSERT INTO "knowledgebase_actor" VALUES(144,'Samsung Electronics','','',2);
INSERT INTO "knowledgebase_actor" VALUES(145,'Samsung Electronics Vietnam Co. Ltd.','SEV','',29);
INSERT INTO "knowledgebase_actor" VALUES(146,'Nikon','','',7);
INSERT INTO "knowledgebase_actor" VALUES(147,'Fujifilm','','',7);
INSERT INTO "knowledgebase_actor" VALUES(148,'Canon','','',7);
INSERT INTO "knowledgebase_actor" VALUES(149,'IndustriALL Global Union','IndustriALL','',28);
INSERT INTO "knowledgebase_actor" VALUES(150,'Rio Tinto','','',4);
INSERT INTO "knowledgebase_actor" VALUES(151,'Bischöfliches Hilfswerk MISEREOR e.V.','MISEREOR','',27);
INSERT INTO "knowledgebase_actor" VALUES(152,'Facing Finance e.V.','Facing Finance','',9);
INSERT INTO "knowledgebase_actor" VALUES(153,'Fairtrade','','',24);
INSERT INTO "knowledgebase_actor" VALUES(154,'Fairmined','','',24);
INSERT INTO "knowledgebase_actor" VALUES(155,'WALHI Central Sulawesi','','',9);
INSERT INTO "knowledgebase_actor" VALUES(156,'World Benchmark Alliance','','',24);
INSERT INTO "knowledgebase_actor" VALUES(157,'Corporate Human Rights Benchmark','','',24);
INSERT INTO "knowledgebase_actor" VALUES(158,'Argonne National Laboratory','','',14);
INSERT INTO "knowledgebase_actor" VALUES(159,'Levin Sources','','',12);
INSERT INTO "knowledgebase_actor" VALUES(160,'Smelter and Refiner (general)','','',6);
INSERT INTO "knowledgebase_actor" VALUES(161,'Helena Kennedy Centre for International Justice','','',14);
INSERT INTO "knowledgebase_actor" VALUES(162,'NomoGaia','','',10);
INSERT INTO "knowledgebase_actor" VALUES(163,'Development International e.V.','','',10);
INSERT INTO "knowledgebase_actor" VALUES(164,'Freeport','','',4);
INSERT INTO "knowledgebase_actor" VALUES(165,'Center for Ecology and Sustainable Development','CEKOR','Centar za ekologiju i održivi razvoj',9);
INSERT INTO "knowledgebase_actor" VALUES(166,'Coalition for Sustainable Mining, Serbia','KORS','Koalicija za održivo rudarstvo u Srbiji',9);
INSERT INTO "knowledgebase_actor" VALUES(167,'Montanuniversität Leoben','Univ. Leoben','',14);
INSERT INTO "knowledgebase_actor" VALUES(168,'re-sourcing','','',30);
INSERT INTO "knowledgebase_actor" VALUES(169,'Chemaf','','',4);
INSERT INTO "knowledgebase_actor" VALUES(170,'Community Mutual Assistance','','',9);
INSERT INTO "knowledgebase_actor" VALUES(171,'corporate watch','','',9);
INSERT INTO "knowledgebase_actor" VALUES(172,'Deutsche Kontrollstelle EU-Sorgfaltspflichten in Rohstofflieferketten','DEKSOR','',8);
INSERT INTO "knowledgebase_actor" VALUES(173,'Ecorating','','',24);
INSERT INTO "knowledgebase_actor" VALUES(174,'Global Electronics Council','GEC','',10);
INSERT INTO "knowledgebase_actor" VALUES(175,'Electronic Product Environmental Assessment Tool','EPEAT','',24);
INSERT INTO "knowledgebase_actor" VALUES(176,'Clínica de Direitos Humanos da Universidade Federal de Minas Gerais','Clínica UFMG','',31);
INSERT INTO "knowledgebase_actor" VALUES(177,'Österreichische Forschungsstiftung für Internationale Entwicklung','ÖFSE','',21);
INSERT INTO "knowledgebase_actor" VALUES(178,'Dreikönigsaktion – Hilfswerk der Katholischen Jungschar','Dreikönigsaktion','',27);
INSERT INTO "knowledgebase_actor" VALUES(179,'United States of America','U.S.A.','',8);
INSERT INTO "knowledgebase_actor" VALUES(180,'International Council on Mining & Metals','ICMM','',13);
INSERT INTO "knowledgebase_actor" VALUES(181,'Contract Manufacturer','','',26);
INSERT INTO "knowledgebase_actor" VALUES(182,'Trade Union','','',28);
INSERT INTO "knowledgebase_actor" VALUES(183,'Institute for Sustainable Futures','ISF','',14);
INSERT INTO "knowledgebase_actor" VALUES(184,'Fundación Ambiente y Recursos Naturales','FARN','',9);
INSERT INTO "knowledgebase_actor" VALUES(185,'Foxconn','','',3);
INSERT INTO "knowledgebase_actor" VALUES(186,'CEE Bankwatch Network','','',9);
INSERT INTO "knowledgebase_actor" VALUES(187,'Oyu Tolgoi Watch','OT Watch','',9);
INSERT INTO "knowledgebase_actor" VALUES(188,'Oyu Tolgoi LLC','','',4);
INSERT INTO "knowledgebase_actor" VALUES(189,'Mongalian state','','',8);
INSERT INTO "knowledgebase_actor" VALUES(190,'Periféria Policy and Research Center','','',12);
CREATE UNIQUE INDEX "auth_group_permissions_group_id_permission_id_0cd325b0_uniq" ON "auth_group_permissions" ("group_id", "permission_id");
CREATE INDEX IF NOT EXISTS "auth_group_permissions_group_id_b120cbf9" ON "auth_group_permissions" ("group_id");
CREATE INDEX IF NOT EXISTS "auth_group_permissions_permission_id_84c5c92e" ON "auth_group_permissions" ("permission_id");
CREATE UNIQUE INDEX "auth_user_groups_user_id_group_id_94350c0c_uniq" ON "auth_user_groups" ("user_id", "group_id");
CREATE INDEX IF NOT EXISTS "auth_user_groups_user_id_6a12ed8b" ON "auth_user_groups" ("user_id");
CREATE INDEX IF NOT EXISTS "auth_user_groups_group_id_97559544" ON "auth_user_groups" ("group_id");
CREATE UNIQUE INDEX "auth_user_user_permissions_user_id_permission_id_14a6b632_uniq" ON "auth_user_user_permissions" ("user_id", "permission_id");
CREATE INDEX IF NOT EXISTS "auth_user_user_permissions_user_id_a95ead1b" ON "auth_user_user_permissions" ("user_id");
CREATE INDEX IF NOT EXISTS "auth_user_user_permissions_permission_id_1fbb5f2c" ON "auth_user_user_permissions" ("permission_id");
CREATE INDEX IF NOT EXISTS "django_admin_log_content_type_id_c4bce8eb" ON "django_admin_log" ("content_type_id");
CREATE INDEX IF NOT EXISTS "django_admin_log_user_id_c564eba6" ON "django_admin_log" ("user_id");
CREATE UNIQUE INDEX "django_content_type_app_label_model_76bd3d3b_uniq" ON "django_content_type" ("app_label", "model");
CREATE UNIQUE INDEX "auth_permission_content_type_id_codename_01ab375a_uniq" ON "auth_permission" ("content_type_id", "codename");
CREATE INDEX IF NOT EXISTS "auth_permission_content_type_id_2f476e4b" ON "auth_permission" ("content_type_id");
CREATE INDEX IF NOT EXISTS "django_session_expire_date_a5c62663" ON "django_session" ("expire_date");
CREATE UNIQUE INDEX "knowledgebase_document_assocs_document_id_actor_id_0dba6674_uniq" ON "knowledgebase_document_assocs" ("document_id", "actor_id");
CREATE INDEX IF NOT EXISTS "knowledgebase_document_assocs_document_id_787a19cd" ON "knowledgebase_document_assocs" ("document_id");
CREATE INDEX IF NOT EXISTS "knowledgebase_document_assocs_actor_id_3ac84104" ON "knowledgebase_document_assocs" ("actor_id");
CREATE UNIQUE INDEX "knowledgebase_topic_products_topic_id_product_id_3f42bd5d_uniq" ON "knowledgebase_topic_products" ("topic_id", "product_id");
CREATE INDEX IF NOT EXISTS "knowledgebase_topic_products_topic_id_f888e9d9" ON "knowledgebase_topic_products" ("topic_id");
CREATE INDEX IF NOT EXISTS "knowledgebase_topic_products_product_id_8629a278" ON "knowledgebase_topic_products" ("product_id");
CREATE UNIQUE INDEX "knowledgebase_topic_locations_topic_id_location_id_f696a750_uniq" ON "knowledgebase_topic_locations" ("topic_id", "location_id");
CREATE INDEX IF NOT EXISTS "knowledgebase_topic_locations_topic_id_6aed79ba" ON "knowledgebase_topic_locations" ("topic_id");
CREATE INDEX IF NOT EXISTS "knowledgebase_topic_locations_location_id_8f9c03b8" ON "knowledgebase_topic_locations" ("location_id");
CREATE UNIQUE INDEX "knowledgebase_topic_activities_topic_id_activity_id_ec4b9f3e_uniq" ON "knowledgebase_topic_activities" ("topic_id", "activity_id");
CREATE INDEX IF NOT EXISTS "knowledgebase_topic_activities_topic_id_9de12ab5" ON "knowledgebase_topic_activities" ("topic_id");
CREATE INDEX IF NOT EXISTS "knowledgebase_topic_activities_activity_id_8baf0b60" ON "knowledgebase_topic_activities" ("activity_id");
CREATE UNIQUE INDEX "knowledgebase_topic_actors_topic_id_actor_id_95b82317_uniq" ON "knowledgebase_topic_actors" ("topic_id", "actor_id");
CREATE INDEX IF NOT EXISTS "knowledgebase_topic_actors_topic_id_8653ede0" ON "knowledgebase_topic_actors" ("topic_id");
CREATE INDEX IF NOT EXISTS "knowledgebase_topic_actors_actor_id_877d062b" ON "knowledgebase_topic_actors" ("actor_id");
CREATE UNIQUE INDEX "knowledgebase_topic_impacts_topic_id_impact_id_c9cfe9f2_uniq" ON "knowledgebase_topic_impacts" ("topic_id", "impact_id");
CREATE INDEX IF NOT EXISTS "knowledgebase_topic_impacts_topic_id_d750e6ab" ON "knowledgebase_topic_impacts" ("topic_id");
CREATE INDEX IF NOT EXISTS "knowledgebase_topic_impacts_impact_id_7b7ca3b9" ON "knowledgebase_topic_impacts" ("impact_id");
CREATE UNIQUE INDEX "knowledgebase_product_members_from_product_id_to_product_id_9a8ccd2c_uniq" ON "knowledgebase_product_members" ("from_product_id", "to_product_id");
CREATE INDEX IF NOT EXISTS "knowledgebase_product_members_from_product_id_c52d0ac5" ON "knowledgebase_product_members" ("from_product_id");
CREATE INDEX IF NOT EXISTS "knowledgebase_product_members_to_product_id_918c8808" ON "knowledgebase_product_members" ("to_product_id");
CREATE UNIQUE INDEX "knowledgebase_location_members_from_location_id_to_location_id_e45db455_uniq" ON "knowledgebase_location_members" ("from_location_id", "to_location_id");
CREATE INDEX IF NOT EXISTS "knowledgebase_location_members_from_location_id_7302ce95" ON "knowledgebase_location_members" ("from_location_id");
CREATE INDEX IF NOT EXISTS "knowledgebase_location_members_to_location_id_6ed01a55" ON "knowledgebase_location_members" ("to_location_id");
CREATE UNIQUE INDEX "knowledgebase_impact_members_from_impact_id_to_impact_id_a4d850d5_uniq" ON "knowledgebase_impact_members" ("from_impact_id", "to_impact_id");
CREATE INDEX IF NOT EXISTS "knowledgebase_impact_members_from_impact_id_105ca189" ON "knowledgebase_impact_members" ("from_impact_id");
CREATE INDEX IF NOT EXISTS "knowledgebase_impact_members_to_impact_id_8b695957" ON "knowledgebase_impact_members" ("to_impact_id");
CREATE UNIQUE INDEX "knowledgebase_activity_members_from_activity_id_to_activity_id_1eff765f_uniq" ON "knowledgebase_activity_members" ("from_activity_id", "to_activity_id");
CREATE INDEX IF NOT EXISTS "knowledgebase_activity_members_from_activity_id_c9a26e2e" ON "knowledgebase_activity_members" ("from_activity_id");
CREATE INDEX IF NOT EXISTS "knowledgebase_activity_members_to_activity_id_579436d7" ON "knowledgebase_activity_members" ("to_activity_id");
CREATE UNIQUE INDEX "knowledgebase_actor_members_from_actor_id_to_actor_id_e7ed223d_uniq" ON "knowledgebase_actor_members" ("from_actor_id", "to_actor_id");
CREATE INDEX IF NOT EXISTS "knowledgebase_actor_members_from_actor_id_f23e9112" ON "knowledgebase_actor_members" ("from_actor_id");
CREATE INDEX IF NOT EXISTS "knowledgebase_actor_members_to_actor_id_0201cd5c" ON "knowledgebase_actor_members" ("to_actor_id");
CREATE INDEX IF NOT EXISTS "rest_framework_api_key_apikey_created_c61872d9" ON "rest_framework_api_key_apikey" ("created");
CREATE INDEX IF NOT EXISTS "knowledgebase_actor_category_id_9ed600e2" ON "knowledgebase_actor" ("category_id");
CREATE INDEX IF NOT EXISTS "knowledgebase_product_category_id_e08a0e2f" ON "knowledgebase_product" ("category_id");
CREATE INDEX IF NOT EXISTS "account_emailconfirmation_email_address_id_5b7f8c58" ON "account_emailconfirmation" ("email_address_id");
CREATE UNIQUE INDEX "account_emailaddress_user_id_email_987c8728_uniq" ON "account_emailaddress" ("user_id", "email");
CREATE UNIQUE INDEX "unique_verified_email" ON "account_emailaddress" ("email") WHERE "verified";
CREATE INDEX IF NOT EXISTS "account_emailaddress_user_id_2c513194" ON "account_emailaddress" ("user_id");
CREATE INDEX IF NOT EXISTS "account_emailaddress_upper" ON "account_emailaddress" ((UPPER("email")));
CREATE UNIQUE INDEX "socialaccount_socialtoken_app_id_account_id_fca4e0ac_uniq" ON "socialaccount_socialtoken" ("app_id", "account_id");
CREATE INDEX IF NOT EXISTS "socialaccount_socialtoken_account_id_951f210e" ON "socialaccount_socialtoken" ("account_id");
CREATE INDEX IF NOT EXISTS "socialaccount_socialtoken_app_id_636a42d7" ON "socialaccount_socialtoken" ("app_id");
CREATE UNIQUE INDEX "socialaccount_socialaccount_provider_uid_fc810c6e_uniq" ON "socialaccount_socialaccount" ("provider", "uid");
CREATE INDEX IF NOT EXISTS "socialaccount_socialaccount_user_id_8146e70c" ON "socialaccount_socialaccount" ("user_id");
CREATE INDEX IF NOT EXISTS "knowledgebase_location_category_id_c7d20c2e" ON "knowledgebase_location" ("category_id");
CREATE INDEX IF NOT EXISTS "knowledgebase_evidence_document_id_c2f41197" ON "knowledgebase_evidence" ("document_id");
CREATE INDEX IF NOT EXISTS "knowledgebase_evidence_topic_id_0486bccd" ON "knowledgebase_evidence" ("topic_id");
CREATE TABLE IF NOT EXISTS "knowledgebase_actor_members" ("id" integer NOT NULL PRIMARY KEY AUTOINCREMENT, "from_actor_id" bigint NOT NULL REFERENCES "knowledgebase_actor" ("id") DEFERRABLE INITIALLY DEFERRED, "to_actor_id" bigint NOT NULL REFERENCES "knowledgebase_actor" ("id") DEFERRABLE INITIALLY DEFERRED);
INSERT INTO "knowledgebase_actor_members" VALUES(1,47,45);
INSERT INTO "knowledgebase_actor_members" VALUES(2,52,91);
INSERT INTO "knowledgebase_actor_members" VALUES(3,75,76);
INSERT INTO "knowledgebase_actor_members" VALUES(4,7,63);
INSERT INTO "knowledgebase_actor_members" VALUES(5,77,78);
INSERT INTO "knowledgebase_actor_members" VALUES(6,83,84);
INSERT INTO "knowledgebase_actor_members" VALUES(7,81,82);
INSERT INTO "knowledgebase_actor_members" VALUES(8,69,70);
INSERT INTO "knowledgebase_actor_members" VALUES(9,79,80);
INSERT INTO "knowledgebase_actor_members" VALUES(10,138,139);
INSERT INTO "knowledgebase_actor_members" VALUES(11,140,141);
INSERT INTO "knowledgebase_actor_members" VALUES(12,142,143);
INSERT INTO "knowledgebase_actor_members" VALUES(13,144,145);
INSERT INTO "knowledgebase_actor_members" VALUES(14,105,37);
INSERT INTO "knowledgebase_actor_members" VALUES(15,105,106);
INSERT INTO "knowledgebase_actor_members" VALUES(16,105,115);
INSERT INTO "knowledgebase_actor_members" VALUES(17,105,20);
INSERT INTO "knowledgebase_actor_members" VALUES(18,105,60);
INSERT INTO "knowledgebase_actor_members" VALUES(19,52,172);
INSERT INTO "knowledgebase_actor_members" VALUES(20,150,188);
INSERT INTO "knowledgebase_actor_members" VALUES(21,189,188);
CREATE UNIQUE INDEX "auth_group_permissions_group_id_permission_id_0cd325b0_uniq" ON "auth_group_permissions" ("group_id", "permission_id");
CREATE INDEX IF NOT EXISTS "auth_group_permissions_group_id_b120cbf9" ON "auth_group_permissions" ("group_id");
CREATE INDEX IF NOT EXISTS "auth_group_permissions_permission_id_84c5c92e" ON "auth_group_permissions" ("permission_id");
CREATE UNIQUE INDEX "auth_user_groups_user_id_group_id_94350c0c_uniq" ON "auth_user_groups" ("user_id", "group_id");
CREATE INDEX IF NOT EXISTS "auth_user_groups_user_id_6a12ed8b" ON "auth_user_groups" ("user_id");
CREATE INDEX IF NOT EXISTS "auth_user_groups_group_id_97559544" ON "auth_user_groups" ("group_id");
CREATE UNIQUE INDEX "auth_user_user_permissions_user_id_permission_id_14a6b632_uniq" ON "auth_user_user_permissions" ("user_id", "permission_id");
CREATE INDEX IF NOT EXISTS "auth_user_user_permissions_user_id_a95ead1b" ON "auth_user_user_permissions" ("user_id");
CREATE INDEX IF NOT EXISTS "auth_user_user_permissions_permission_id_1fbb5f2c" ON "auth_user_user_permissions" ("permission_id");
CREATE INDEX IF NOT EXISTS "django_admin_log_content_type_id_c4bce8eb" ON "django_admin_log" ("content_type_id");
CREATE INDEX IF NOT EXISTS "django_admin_log_user_id_c564eba6" ON "django_admin_log" ("user_id");
CREATE UNIQUE INDEX "django_content_type_app_label_model_76bd3d3b_uniq" ON "django_content_type" ("app_label", "model");
CREATE UNIQUE INDEX "auth_permission_content_type_id_codename_01ab375a_uniq" ON "auth_permission" ("content_type_id", "codename");
CREATE INDEX IF NOT EXISTS "auth_permission_content_type_id_2f476e4b" ON "auth_permission" ("content_type_id");
CREATE INDEX IF NOT EXISTS "django_session_expire_date_a5c62663" ON "django_session" ("expire_date");
CREATE UNIQUE INDEX "knowledgebase_document_assocs_document_id_actor_id_0dba6674_uniq" ON "knowledgebase_document_assocs" ("document_id", "actor_id");
CREATE INDEX IF NOT EXISTS "knowledgebase_document_assocs_document_id_787a19cd" ON "knowledgebase_document_assocs" ("document_id");
CREATE INDEX IF NOT EXISTS "knowledgebase_document_assocs_actor_id_3ac84104" ON "knowledgebase_document_assocs" ("actor_id");
CREATE UNIQUE INDEX "knowledgebase_topic_products_topic_id_product_id_3f42bd5d_uniq" ON "knowledgebase_topic_products" ("topic_id", "product_id");
CREATE INDEX IF NOT EXISTS "knowledgebase_topic_products_topic_id_f888e9d9" ON "knowledgebase_topic_products" ("topic_id");
CREATE INDEX IF NOT EXISTS "knowledgebase_topic_products_product_id_8629a278" ON "knowledgebase_topic_products" ("product_id");
CREATE UNIQUE INDEX "knowledgebase_topic_locations_topic_id_location_id_f696a750_uniq" ON "knowledgebase_topic_locations" ("topic_id", "location_id");
CREATE INDEX IF NOT EXISTS "knowledgebase_topic_locations_topic_id_6aed79ba" ON "knowledgebase_topic_locations" ("topic_id");
CREATE INDEX IF NOT EXISTS "knowledgebase_topic_locations_location_id_8f9c03b8" ON "knowledgebase_topic_locations" ("location_id");
CREATE UNIQUE INDEX "knowledgebase_topic_activities_topic_id_activity_id_ec4b9f3e_uniq" ON "knowledgebase_topic_activities" ("topic_id", "activity_id");
CREATE INDEX IF NOT EXISTS "knowledgebase_topic_activities_topic_id_9de12ab5" ON "knowledgebase_topic_activities" ("topic_id");
CREATE INDEX IF NOT EXISTS "knowledgebase_topic_activities_activity_id_8baf0b60" ON "knowledgebase_topic_activities" ("activity_id");
CREATE UNIQUE INDEX "knowledgebase_topic_actors_topic_id_actor_id_95b82317_uniq" ON "knowledgebase_topic_actors" ("topic_id", "actor_id");
CREATE INDEX IF NOT EXISTS "knowledgebase_topic_actors_topic_id_8653ede0" ON "knowledgebase_topic_actors" ("topic_id");
CREATE INDEX IF NOT EXISTS "knowledgebase_topic_actors_actor_id_877d062b" ON "knowledgebase_topic_actors" ("actor_id");
CREATE UNIQUE INDEX "knowledgebase_topic_impacts_topic_id_impact_id_c9cfe9f2_uniq" ON "knowledgebase_topic_impacts" ("topic_id", "impact_id");
CREATE INDEX IF NOT EXISTS "knowledgebase_topic_impacts_topic_id_d750e6ab" ON "knowledgebase_topic_impacts" ("topic_id");
CREATE INDEX IF NOT EXISTS "knowledgebase_topic_impacts_impact_id_7b7ca3b9" ON "knowledgebase_topic_impacts" ("impact_id");
CREATE UNIQUE INDEX "knowledgebase_product_members_from_product_id_to_product_id_9a8ccd2c_uniq" ON "knowledgebase_product_members" ("from_product_id", "to_product_id");
CREATE INDEX IF NOT EXISTS "knowledgebase_product_members_from_product_id_c52d0ac5" ON "knowledgebase_product_members" ("from_product_id");
CREATE INDEX IF NOT EXISTS "knowledgebase_product_members_to_product_id_918c8808" ON "knowledgebase_product_members" ("to_product_id");
CREATE UNIQUE INDEX "knowledgebase_location_members_from_location_id_to_location_id_e45db455_uniq" ON "knowledgebase_location_members" ("from_location_id", "to_location_id");
CREATE INDEX IF NOT EXISTS "knowledgebase_location_members_from_location_id_7302ce95" ON "knowledgebase_location_members" ("from_location_id");
CREATE INDEX IF NOT EXISTS "knowledgebase_location_members_to_location_id_6ed01a55" ON "knowledgebase_location_members" ("to_location_id");
CREATE UNIQUE INDEX "knowledgebase_impact_members_from_impact_id_to_impact_id_a4d850d5_uniq" ON "knowledgebase_impact_members" ("from_impact_id", "to_impact_id");
CREATE INDEX IF NOT EXISTS "knowledgebase_impact_members_from_impact_id_105ca189" ON "knowledgebase_impact_members" ("from_impact_id");
CREATE INDEX IF NOT EXISTS "knowledgebase_impact_members_to_impact_id_8b695957" ON "knowledgebase_impact_members" ("to_impact_id");
CREATE UNIQUE INDEX "knowledgebase_activity_members_from_activity_id_to_activity_id_1eff765f_uniq" ON "knowledgebase_activity_members" ("from_activity_id", "to_activity_id");
CREATE INDEX IF NOT EXISTS "knowledgebase_activity_members_from_activity_id_c9a26e2e" ON "knowledgebase_activity_members" ("from_activity_id");
CREATE INDEX IF NOT EXISTS "knowledgebase_activity_members_to_activity_id_579436d7" ON "knowledgebase_activity_members" ("to_activity_id");
CREATE UNIQUE INDEX "knowledgebase_actor_members_from_actor_id_to_actor_id_e7ed223d_uniq" ON "knowledgebase_actor_members" ("from_actor_id", "to_actor_id");
CREATE INDEX IF NOT EXISTS "knowledgebase_actor_members_from_actor_id_f23e9112" ON "knowledgebase_actor_members" ("from_actor_id");
CREATE INDEX IF NOT EXISTS "knowledgebase_actor_members_to_actor_id_0201cd5c" ON "knowledgebase_actor_members" ("to_actor_id");
CREATE INDEX IF NOT EXISTS "rest_framework_api_key_apikey_created_c61872d9" ON "rest_framework_api_key_apikey" ("created");
CREATE INDEX IF NOT EXISTS "knowledgebase_actor_category_id_9ed600e2" ON "knowledgebase_actor" ("category_id");
CREATE INDEX IF NOT EXISTS "knowledgebase_product_category_id_e08a0e2f" ON "knowledgebase_product" ("category_id");
CREATE INDEX IF NOT EXISTS "account_emailconfirmation_email_address_id_5b7f8c58" ON "account_emailconfirmation" ("email_address_id");
CREATE UNIQUE INDEX "account_emailaddress_user_id_email_987c8728_uniq" ON "account_emailaddress" ("user_id", "email");
CREATE UNIQUE INDEX "unique_verified_email" ON "account_emailaddress" ("email") WHERE "verified";
CREATE INDEX IF NOT EXISTS "account_emailaddress_user_id_2c513194" ON "account_emailaddress" ("user_id");
CREATE INDEX IF NOT EXISTS "account_emailaddress_upper" ON "account_emailaddress" ((UPPER("email")));
CREATE UNIQUE INDEX "socialaccount_socialtoken_app_id_account_id_fca4e0ac_uniq" ON "socialaccount_socialtoken" ("app_id", "account_id");
CREATE INDEX IF NOT EXISTS "socialaccount_socialtoken_account_id_951f210e" ON "socialaccount_socialtoken" ("account_id");
CREATE INDEX IF NOT EXISTS "socialaccount_socialtoken_app_id_636a42d7" ON "socialaccount_socialtoken" ("app_id");
CREATE UNIQUE INDEX "socialaccount_socialaccount_provider_uid_fc810c6e_uniq" ON "socialaccount_socialaccount" ("provider", "uid");
CREATE INDEX IF NOT EXISTS "socialaccount_socialaccount_user_id_8146e70c" ON "socialaccount_socialaccount" ("user_id");
CREATE INDEX IF NOT EXISTS "knowledgebase_location_category_id_c7d20c2e" ON "knowledgebase_location" ("category_id");
CREATE INDEX IF NOT EXISTS "knowledgebase_evidence_document_id_c2f41197" ON "knowledgebase_evidence" ("document_id");
CREATE INDEX IF NOT EXISTS "knowledgebase_evidence_topic_id_0486bccd" ON "knowledgebase_evidence" ("topic_id");
CREATE TABLE IF NOT EXISTS "knowledgebase_actorcategory" ("id" integer NOT NULL PRIMARY KEY AUTOINCREMENT, "name" varchar(50) NOT NULL UNIQUE, "description" text NOT NULL, "alternative_names" varchar(250) NOT NULL);
INSERT INTO "knowledgebase_actorcategory" VALUES(2,'Component Firm','','');
INSERT INTO "knowledgebase_actorcategory" VALUES(3,'Manufacturer','Contract Manufacturer','');
INSERT INTO "knowledgebase_actorcategory" VALUES(4,'Mining Company','','');
INSERT INTO "knowledgebase_actorcategory" VALUES(5,'Semi Producer','','');
INSERT INTO "knowledgebase_actorcategory" VALUES(6,'Smelter / Refiner','','');
INSERT INTO "knowledgebase_actorcategory" VALUES(7,'Technology Brand','','');
INSERT INTO "knowledgebase_actorcategory" VALUES(8,'Governmental','','');
INSERT INTO "knowledgebase_actorcategory" VALUES(9,'Non-Governmental','','');
INSERT INTO "knowledgebase_actorcategory" VALUES(10,'Non-Profit','','');
INSERT INTO "knowledgebase_actorcategory" VALUES(11,'People','','');
INSERT INTO "knowledgebase_actorcategory" VALUES(12,'Consulting','','');
INSERT INTO "knowledgebase_actorcategory" VALUES(13,'Industry Body','','');
INSERT INTO "knowledgebase_actorcategory" VALUES(14,'Research','','');
INSERT INTO "knowledgebase_actorcategory" VALUES(15,'Reporter','','');
INSERT INTO "knowledgebase_actorcategory" VALUES(16,'Publisher','','');
INSERT INTO "knowledgebase_actorcategory" VALUES(17,'None','','');
INSERT INTO "knowledgebase_actorcategory" VALUES(18,'Bank','','');
INSERT INTO "knowledgebase_actorcategory" VALUES(19,'International Organisation','https://en.wikipedia.org/wiki/International_organization','');
INSERT INTO "knowledgebase_actorcategory" VALUES(20,'Trader','','');
INSERT INTO "knowledgebase_actorcategory" VALUES(21,'Political Foundation','','');
INSERT INTO "knowledgebase_actorcategory" VALUES(22,'Advisory Council','','');
INSERT INTO "knowledgebase_actorcategory" VALUES(23,'Sustainability Scheme','','');
INSERT INTO "knowledgebase_actorcategory" VALUES(24,'Assessment Scheme','','');
INSERT INTO "knowledgebase_actorcategory" VALUES(25,'Industry (general)','','');
INSERT INTO "knowledgebase_actorcategory" VALUES(26,'Company','','');
INSERT INTO "knowledgebase_actorcategory" VALUES(27,'Religeous','','');
INSERT INTO "knowledgebase_actorcategory" VALUES(28,'Union','','');
INSERT INTO "knowledgebase_actorcategory" VALUES(29,'Factory','','');
INSERT INTO "knowledgebase_actorcategory" VALUES(30,'Project','','');
INSERT INTO "knowledgebase_actorcategory" VALUES(31,'Medical','','');
CREATE UNIQUE INDEX "auth_group_permissions_group_id_permission_id_0cd325b0_uniq" ON "auth_group_permissions" ("group_id", "permission_id");
CREATE INDEX IF NOT EXISTS "auth_group_permissions_group_id_b120cbf9" ON "auth_group_permissions" ("group_id");
CREATE INDEX IF NOT EXISTS "auth_group_permissions_permission_id_84c5c92e" ON "auth_group_permissions" ("permission_id");
CREATE UNIQUE INDEX "auth_user_groups_user_id_group_id_94350c0c_uniq" ON "auth_user_groups" ("user_id", "group_id");
CREATE INDEX IF NOT EXISTS "auth_user_groups_user_id_6a12ed8b" ON "auth_user_groups" ("user_id");
CREATE INDEX IF NOT EXISTS "auth_user_groups_group_id_97559544" ON "auth_user_groups" ("group_id");
CREATE UNIQUE INDEX "auth_user_user_permissions_user_id_permission_id_14a6b632_uniq" ON "auth_user_user_permissions" ("user_id", "permission_id");
CREATE INDEX IF NOT EXISTS "auth_user_user_permissions_user_id_a95ead1b" ON "auth_user_user_permissions" ("user_id");
CREATE INDEX IF NOT EXISTS "auth_user_user_permissions_permission_id_1fbb5f2c" ON "auth_user_user_permissions" ("permission_id");
CREATE INDEX IF NOT EXISTS "django_admin_log_content_type_id_c4bce8eb" ON "django_admin_log" ("content_type_id");
CREATE INDEX IF NOT EXISTS "django_admin_log_user_id_c564eba6" ON "django_admin_log" ("user_id");
CREATE UNIQUE INDEX "django_content_type_app_label_model_76bd3d3b_uniq" ON "django_content_type" ("app_label", "model");
CREATE UNIQUE INDEX "auth_permission_content_type_id_codename_01ab375a_uniq" ON "auth_permission" ("content_type_id", "codename");
CREATE INDEX IF NOT EXISTS "auth_permission_content_type_id_2f476e4b" ON "auth_permission" ("content_type_id");
CREATE INDEX IF NOT EXISTS "django_session_expire_date_a5c62663" ON "django_session" ("expire_date");
CREATE UNIQUE INDEX "knowledgebase_document_assocs_document_id_actor_id_0dba6674_uniq" ON "knowledgebase_document_assocs" ("document_id", "actor_id");
CREATE INDEX IF NOT EXISTS "knowledgebase_document_assocs_document_id_787a19cd" ON "knowledgebase_document_assocs" ("document_id");
CREATE INDEX IF NOT EXISTS "knowledgebase_document_assocs_actor_id_3ac84104" ON "knowledgebase_document_assocs" ("actor_id");
CREATE UNIQUE INDEX "knowledgebase_topic_products_topic_id_product_id_3f42bd5d_uniq" ON "knowledgebase_topic_products" ("topic_id", "product_id");
CREATE INDEX IF NOT EXISTS "knowledgebase_topic_products_topic_id_f888e9d9" ON "knowledgebase_topic_products" ("topic_id");
CREATE INDEX IF NOT EXISTS "knowledgebase_topic_products_product_id_8629a278" ON "knowledgebase_topic_products" ("product_id");
CREATE UNIQUE INDEX "knowledgebase_topic_locations_topic_id_location_id_f696a750_uniq" ON "knowledgebase_topic_locations" ("topic_id", "location_id");
CREATE INDEX IF NOT EXISTS "knowledgebase_topic_locations_topic_id_6aed79ba" ON "knowledgebase_topic_locations" ("topic_id");
CREATE INDEX IF NOT EXISTS "knowledgebase_topic_locations_location_id_8f9c03b8" ON "knowledgebase_topic_locations" ("location_id");
CREATE UNIQUE INDEX "knowledgebase_topic_activities_topic_id_activity_id_ec4b9f3e_uniq" ON "knowledgebase_topic_activities" ("topic_id", "activity_id");
CREATE INDEX IF NOT EXISTS "knowledgebase_topic_activities_topic_id_9de12ab5" ON "knowledgebase_topic_activities" ("topic_id");
CREATE INDEX IF NOT EXISTS "knowledgebase_topic_activities_activity_id_8baf0b60" ON "knowledgebase_topic_activities" ("activity_id");
CREATE UNIQUE INDEX "knowledgebase_topic_actors_topic_id_actor_id_95b82317_uniq" ON "knowledgebase_topic_actors" ("topic_id", "actor_id");
CREATE INDEX IF NOT EXISTS "knowledgebase_topic_actors_topic_id_8653ede0" ON "knowledgebase_topic_actors" ("topic_id");
CREATE INDEX IF NOT EXISTS "knowledgebase_topic_actors_actor_id_877d062b" ON "knowledgebase_topic_actors" ("actor_id");
CREATE UNIQUE INDEX "knowledgebase_topic_impacts_topic_id_impact_id_c9cfe9f2_uniq" ON "knowledgebase_topic_impacts" ("topic_id", "impact_id");
CREATE INDEX IF NOT EXISTS "knowledgebase_topic_impacts_topic_id_d750e6ab" ON "knowledgebase_topic_impacts" ("topic_id");
CREATE INDEX IF NOT EXISTS "knowledgebase_topic_impacts_impact_id_7b7ca3b9" ON "knowledgebase_topic_impacts" ("impact_id");
CREATE UNIQUE INDEX "knowledgebase_product_members_from_product_id_to_product_id_9a8ccd2c_uniq" ON "knowledgebase_product_members" ("from_product_id", "to_product_id");
CREATE INDEX IF NOT EXISTS "knowledgebase_product_members_from_product_id_c52d0ac5" ON "knowledgebase_product_members" ("from_product_id");
CREATE INDEX IF NOT EXISTS "knowledgebase_product_members_to_product_id_918c8808" ON "knowledgebase_product_members" ("to_product_id");
CREATE UNIQUE INDEX "knowledgebase_location_members_from_location_id_to_location_id_e45db455_uniq" ON "knowledgebase_location_members" ("from_location_id", "to_location_id");
CREATE INDEX IF NOT EXISTS "knowledgebase_location_members_from_location_id_7302ce95" ON "knowledgebase_location_members" ("from_location_id");
CREATE INDEX IF NOT EXISTS "knowledgebase_location_members_to_location_id_6ed01a55" ON "knowledgebase_location_members" ("to_location_id");
CREATE UNIQUE INDEX "knowledgebase_impact_members_from_impact_id_to_impact_id_a4d850d5_uniq" ON "knowledgebase_impact_members" ("from_impact_id", "to_impact_id");
CREATE INDEX IF NOT EXISTS "knowledgebase_impact_members_from_impact_id_105ca189" ON "knowledgebase_impact_members" ("from_impact_id");
CREATE INDEX IF NOT EXISTS "knowledgebase_impact_members_to_impact_id_8b695957" ON "knowledgebase_impact_members" ("to_impact_id");
CREATE UNIQUE INDEX "knowledgebase_activity_members_from_activity_id_to_activity_id_1eff765f_uniq" ON "knowledgebase_activity_members" ("from_activity_id", "to_activity_id");
CREATE INDEX IF NOT EXISTS "knowledgebase_activity_members_from_activity_id_c9a26e2e" ON "knowledgebase_activity_members" ("from_activity_id");
CREATE INDEX IF NOT EXISTS "knowledgebase_activity_members_to_activity_id_579436d7" ON "knowledgebase_activity_members" ("to_activity_id");
CREATE UNIQUE INDEX "knowledgebase_actor_members_from_actor_id_to_actor_id_e7ed223d_uniq" ON "knowledgebase_actor_members" ("from_actor_id", "to_actor_id");
CREATE INDEX IF NOT EXISTS "knowledgebase_actor_members_from_actor_id_f23e9112" ON "knowledgebase_actor_members" ("from_actor_id");
CREATE INDEX IF NOT EXISTS "knowledgebase_actor_members_to_actor_id_0201cd5c" ON "knowledgebase_actor_members" ("to_actor_id");
CREATE INDEX IF NOT EXISTS "rest_framework_api_key_apikey_created_c61872d9" ON "rest_framework_api_key_apikey" ("created");
CREATE INDEX IF NOT EXISTS "knowledgebase_actor_category_id_9ed600e2" ON "knowledgebase_actor" ("category_id");
CREATE INDEX IF NOT EXISTS "knowledgebase_product_category_id_e08a0e2f" ON "knowledgebase_product" ("category_id");
CREATE INDEX IF NOT EXISTS "account_emailconfirmation_email_address_id_5b7f8c58" ON "account_emailconfirmation" ("email_address_id");
CREATE UNIQUE INDEX "account_emailaddress_user_id_email_987c8728_uniq" ON "account_emailaddress" ("user_id", "email");
CREATE UNIQUE INDEX "unique_verified_email" ON "account_emailaddress" ("email") WHERE "verified";
CREATE INDEX IF NOT EXISTS "account_emailaddress_user_id_2c513194" ON "account_emailaddress" ("user_id");
CREATE INDEX IF NOT EXISTS "account_emailaddress_upper" ON "account_emailaddress" ((UPPER("email")));
CREATE UNIQUE INDEX "socialaccount_socialtoken_app_id_account_id_fca4e0ac_uniq" ON "socialaccount_socialtoken" ("app_id", "account_id");
CREATE INDEX IF NOT EXISTS "socialaccount_socialtoken_account_id_951f210e" ON "socialaccount_socialtoken" ("account_id");
CREATE INDEX IF NOT EXISTS "socialaccount_socialtoken_app_id_636a42d7" ON "socialaccount_socialtoken" ("app_id");
CREATE UNIQUE INDEX "socialaccount_socialaccount_provider_uid_fc810c6e_uniq" ON "socialaccount_socialaccount" ("provider", "uid");
CREATE INDEX IF NOT EXISTS "socialaccount_socialaccount_user_id_8146e70c" ON "socialaccount_socialaccount" ("user_id");
CREATE INDEX IF NOT EXISTS "knowledgebase_location_category_id_c7d20c2e" ON "knowledgebase_location" ("category_id");
CREATE INDEX IF NOT EXISTS "knowledgebase_evidence_document_id_c2f41197" ON "knowledgebase_evidence" ("document_id");
CREATE INDEX IF NOT EXISTS "knowledgebase_evidence_topic_id_0486bccd" ON "knowledgebase_evidence" ("topic_id");
CREATE TABLE IF NOT EXISTS "knowledgebase_document" ("id" integer NOT NULL PRIMARY KEY AUTOINCREMENT, "title" varchar(250) NOT NULL, "subtitle" varchar(250) NOT NULL, "abstract" text NOT NULL, "note" text NOT NULL, "release_date" date NULL, "source" varchar(200) NULL, "todo" varchar(250) NOT NULL, "created_at" datetime NOT NULL, "updated_at" datetime NOT NULL, "volume" varchar(250) NOT NULL, "author" varchar(250) NOT NULL, "file" varchar(100) NULL);
INSERT INTO "knowledgebase_document" VALUES(4,'Living under risk','Copper, Information and Communication Technologies (ICT) and Human Rights in Chile','','Sie haben sich eine Mine in Chile genau angeschaut.
Kleinteilige Arbeit. Keine Überraschungen.
Inkl. Lieferkettenanalyse in Kap.4, deswegen interessant.','2019-01-01','https://catapa.be/en/living-under-risk-copper-ict-and-human-rights-in-chile/','Ch. 3+','2023-04-25 20:07:21.442658','2023-05-13 06:45:14.343735','','Sebastian Smart','documents/2019/1/living-under-risk.pdf');
INSERT INTO "knowledgebase_document" VALUES(5,'We Have to Be Worried','The Impact of Lead Contamination on Children’s Rights in Kabwe, Zambia','Twenty-five years after the closure of an in-
dustrial lead and zinc mine in the Zambian
town of Kabwe, over 76,000 residents living
nearby are still exposed to toxic lead in their
backyards, schools, play areas, and other pub-
lic areas. Children in Kabwe are especially at
risk because they are more likely to ingest
lead dust when playing in the soil, their brains
and bodies are still developing, and they ab-
sorb at least four times as much lead as adults.
Studies estimate that half of the children in
the townships around the former mine have
elevated blood lead levels that warrant med-
ical treatment.

“We Have to Be Worried” documents the Zam-
bian government’s response to the lead con-
tamination—which far exceeds international
standards—and its impact on children’s rights.
Based on interviews with children, parents
and guardians, teachers, small-scale miners,
civil society, government officials, donors, and
others, the report reveals that the government
has failed to clean up lead-affected townships
and provide sustained testing and treatment
for Kabwe’s children.

Human Rights Watch calls on the Zambian gov-
ernment to ensure that new cleanup, testing,
and treatment efforts protect children’s rights.
The government’s remediation program
should address the full scope of the contami-
nation and also tackle its source, the mine’s
25-year-old waste dumps. Initial rounds of test-
ing and treatment should prioritize those who
are most vulnerable to lead poisoning, includ-
ing children under age 5 and pregnant and
breastfeeding women. Ultimately, all children
and adults in Kabwe should be eligible for
testing and treatment.','','2019-08-01','https://www.hrw.org/report/2019/08/23/we-have-be-worried/impact-lead-contamination-childrens-rights-kabwe-zambia','Impact as topic','2023-04-25 20:07:21.442658','2023-05-13 06:44:39.198988','','','documents/2019/we-have-to-be-worried.pdf');
INSERT INTO "knowledgebase_document" VALUES(6,'Heavy metal','From abuse-ridden mines to global consumer goods, the journey of Brazilian iron','','','2022-02-24','https://www.fidh.org/en/issues/globalisation-human-rights/ironmadein-brazil-report-reveals-iron-industry-s-human-rights-abuses','Finalize, languages, companies','2023-04-25 20:07:21.442658','2023-05-13 06:42:40.091937','','Maria Isabel Cubides Sanchez, Ana Pérez','documents/2022/6-heavy-metal_ixp4i4W.pdf');
INSERT INTO "knowledgebase_document" VALUES(7,'(Completing Report No. 3)','','','','2014-05-01','https://www.sarwatch.co.za/resources/?_resources=research-reports','Trading aspect','2023-05-04 19:03:15.987741','2023-11-12 19:29:56.715468','Report no. 3 in a series of 3 reports','Lucien Bahimba, Jean-Marie Barongo, Kennedy Kihangi Bindu, Augustin Byamungu, Richard Etale, Franck','documents/2014/None-completing-report-no-3.pdf');
INSERT INTO "knowledgebase_document" VALUES(8,'Sustainable Development and the Global Copper Supply Chain','International research team report','"The primary purpose of this report is to compile and analyze information on market trends and
policy drivers affecting the international copper supply chain, within the context of sustainable
development. "','Ohne wertvollen Inhalt','2011-06-01','https://www.iisd.org/publications/report/sustainable-development-and-global-copper-supply-chain-international-research','','2023-05-04 19:17:12.692087','2023-05-13 06:08:52.659584','','','documents/2011/sustainable-development-and-the-global-copper-supply-chain.pdf');
INSERT INTO "knowledgebase_document" VALUES(9,'Benefits of cassiterite mining by artisanal miners in Jos Plateau, Nigeria','','This research aims at discussing the importance of cassiterite mining in Plateau and its benefit to Nigeria’s economy','Hier könnte man versuchen, die Produktivität und das Einkommen
der Minenarbeiter zu ermitteln, allerdings fehlen zumindest
genauere Arbeitszeiten.','2020-07-11','https://bnrc.springeropen.com/articles/10.1186/s42269-020-00373-1','','2023-05-04 19:35:03.618102','2023-05-13 06:00:27.451597','Bulletin of the National Research Centre','Clinton Ebimobowei Ebikemefa','documents/2020/benefits-of-cassiterite-mining-by-artisanal-miners-in-jos-plateau-nigeria.pdf');
INSERT INTO "knowledgebase_document" VALUES(10,'Faced with a gun, what can you do?','war and the militarisation of mining in eastern congo','"This report documents the militarisation of mining in the conflict-affected areas of eastern DRC."','','2009-06-01','https://www.globalwitness.org/en/campaigns/democratic-republic-congo/faced-gun-what-can-you-do/','Akteure (Government, Rebel Groups) fehlen','2023-05-04 19:54:55.421771','2023-07-05 12:13:40.751558','','','documents/2009/6/faced-with-a-gun-what-can-you-do.pdf');
INSERT INTO "knowledgebase_document" VALUES(12,'Warten auf Gerechtigkeit','Ein Jahrzehnt nach dem Massaker von Marikana','Die vorliegende Studie widmet sich den Kontinuitä-
ten und Veränderungen für die Arbeiter:innen und
Gemeinden vor Ort und zeigt auf, dass sich wenig verän-
dert, vieles sogar verschlechtert hat.','','2022-11-01','https://www.brot-fuer-die-welt.de/downloads/warten-auf-gerechtigkeitkeit-ein-jahrzehnt-nach-dem-massaker-von-marikana/','','2023-05-04 20:50:13.379800','2023-05-13 06:38:31.039061','','Asanda-Jonas Benya, Crispen Chinguno, Maren Leifker','documents/2022/11/warten-auf-gerechtigkeit.pdf');
INSERT INTO "knowledgebase_document" VALUES(13,'Die Spur des Goldes in Surinam','Im kleinsten Staat Südamerikas tobt ein politischer Dauerkonflikt','','','2022-10-01','https://monde-diplomatique.de/artikel/!5884940','Impact','2023-05-04 21:01:20.319210','2023-07-02 15:15:04.808019','','Hélène Ferrarini','documents/2022/10/die-spur-des-goldes-in-surinam.pdf');
INSERT INTO "knowledgebase_document" VALUES(14,'Auf dem Weg zur ­Regulierung von Liefer­kettenverantwortung: Richtlinien in der ­Volksrepublik China','','Die chinesische Regierung und chinesische Unternehmen sind für die globale Weltwirtschaft von großer Bedeutung. Aus Sicht deutscher und europäischer Unternehmen sind sie dabei Konkurrenten im Wettbewerb, aber auch Partner in der Erzeugung von Gütern in einem weit verzweigten Lieferantensystem.

Im hiesigen politischen Diskurs um höhere Standards dient „China“ immer wieder als Aufhänger für die Verhinderung von verpflichtenden Regulierungen – diese seien dann ein „Wettbewerbsnachteil“. Dabei herrscht eine mangelnde Kenntnis von chinesischen Ansätzen zur Regulierung von Lieferketten. Die hier in diesem Papier aufgeführten Gesetzesansätze, Richtlinien und Standards zeigen, dass sich die chinesische Regierung ausführlich mit den Auswirkungen und der Nachhaltigkeit des eigenen Auslandsengagements auseinandersetzt, darunter auch im Rohstoffbereich.

Nichtsdestotrotz fehlen verpflichtende Maßnahmen, um die Einhaltung von Nachhaltigkeits- und Menschenrechtsstandards durch chinesische Unternehmen im Ausland zu gewährleisten. Hier steht China jedoch nicht allein. Sowohl in Europa als auch in China mangelt es an Klagemöglichkeiten von Betroffenen von Menschenrechtsverletzungen oder Umweltkatastrophen.','','2021-11-01','https://power-shift.de/auf-dem-weg-zur-regulierung-von-lieferkettenverantwortung-richtlinien-in-der-volksrepublik-china/','','2023-05-13 06:21:58.805620','2023-05-13 06:53:53.912302','','Nora Sausmikat','documents/2021/11/auf-dem-weg-zur-regulierung-von-liefer-kettenverantwortung-richtlinien_6W92mKL.pdf');
INSERT INTO "knowledgebase_document" VALUES(15,'China and Global MarketsChina  and  Global  Markets: Copper Supply Chain Sustainable Copper  Supply  Chain  Sustainable Development Development','A Life Cycle Assessment Study','Chinese production of copper cathodes depends largely on imports of copper concentrates, copper
scrap or other intermediate copper products, because the natural occurrence of copper in China can
not satisfy the demand. In this study, the environmental impacts of the global copper supply chain
of copper cathodes produced in China were assessed. A Life Cycle Assessment of copper cathodes
produced in China from primary resources (22.9 per cent), cathodes produced globally from primary
resources and imported to China (12.7 per cent), cathodes produced in China from secondary
resources (18.6 per cent), and cathodes produced in China with imported concentrates (45.8 per
cent) was conducted. The percentages given in brackets represent the share of the production mix
that was assumed for this assessment. A sample of 15 mines, 15 smelters and 15 refineries was
collected and grouped according to the technology applied. The sample covers more than 30 per
cent, 80 per cent and 70 per cent of each category, respectively, of the Chinese production. Data for
copper-cathode production in other global regions and the global average were used to compare the
impacts.
The results show that the environmental impacts of the Chinese production mix for copper
cathodes are lower than the world average and lower than production in Indonesia, Latin America
and other Asian and Pacific regions. The results are in the range of North American impacts, but are
higher than those surrounding European production. The reasons for this are mainly (1) usage of a
lower grade copper ore in China than in Europe, (2) prevalence of a Chinese electricity mix of an
almost 100 per cent fossil fuel footprint, and (3) a relatively low share of secondary copper in the
entire copper mix.
Mining can be improved by focusing on higher grade material, environmental abatement techniques
and environmental restoration of processing sites. The smelter and refinery standards are relatively
good and can be improved by consequent phase-out of old fashioned technologies. A
comprehensive collection and pre-treatment of copper-containing products could increase the share
and quality of copper-cathode production from secondary resources.
The results were tested with five different Life Cycle Impact Assessment methods, which showed
relatively large variations in the impact results. The chosen default evaluation method was Eco-
indicator 99 in the Hierarchist perspective, which lies in the middle of all Life Cycle Impact
Assessment results.','','2010-02-01','https://www.iisd.org/publications/report/china-and-global-markets-copper-supply-chain-sustainable-development-life-cycle','','2023-05-13 07:02:28.102486','2023-05-13 07:14:40.419401','','Martin Streicher-Porte, Hans Jörg Althaus','documents/2010/2/china-and-global-marketschina-and-global-markets-copper-supply-chain-su_FMiY3L6.pdf');
INSERT INTO "knowledgebase_document" VALUES(16,'Mapping community resistance to the impacts and discourses of mining for the energy transition in the Americas','','Mobilized communities affected by the growing pressure
for strategic metals in nine countries of the Americas —
Argentina, Chile, Bolivia, Peru, Ecuador, Panama, Mexico,
USA, and Canada — have come together with the teams
at Environmental Justice Atlas and MiningWatch Canada
to document 25 individual cases — mostly related to
Canadian and Australian companies — and identify
regional trends as mining for the energy transition
accelerates.','','2021-11-23','https://miningwatch.ca/publications/2022/3/4/mapping-community-resistance-impacts-mining-energy-transition-americas','Es geht eigentlich um einzelne Impacts als Ursache der Proteste, nicht um die Proteste selbst','2023-05-13 07:32:45.925748','2023-05-13 07:44:14.223327','','Mariana Walter, Yannick Deniau, Viviana Herrera Vargas','documents/2021/11/mapping-community-resistance-to-the-impacts-and-discourses-of-mining-f_ZotLok2.pdf');
INSERT INTO "knowledgebase_document" VALUES(17,'Toxic waste in Repparfjord?','Credit Suisse: Stop banking against the Sami!','','','2019-08-01','https://www.gfbv.ch/wp-content/uploads/fact-sheet_en_alles.pdf','Deutsche Version vorhanden','2023-05-13 08:12:40.325283','2023-06-30 09:07:41.052853','','','documents/2019/8/toxic-waste-in-repparfjord.pdf');
INSERT INTO "knowledgebase_document" VALUES(18,'Factsheet Argentinien','','Argentinien ist traditionell ein Agrarland. Der Bergbausektor spielt seit Mitte der 1990er ­Jahre
eine wachsende Rolle. Die rechtlichen Bedingungen variieren zwischen den verschiedenen
Provinzen, die Zentralregierung unterstützt den Sektor jedoch. Aufgrund verbreiteter Umwelt-
schäden reicht der Widerstand gegen Bergbau von lokalen Versammlungen bis ins Parlament.
Der Protest konnte in den vergangenen Jahren einige Erfolge verzeichnen.','','2015-12-01','http://www.fdcl.org/publication/2015-12-01-bergbauboom-in-lateinamerika-2/','','2023-05-14 04:51:51.599798','2023-05-14 05:24:38.687310','Bergbauboom in Lateinamerika','Tobias Lambert','documents/2015/12/factsheet-argentinien.pdf');
INSERT INTO "knowledgebase_document" VALUES(19,'The Andina copper mine in Chile','Due diligence in downstream value chains','','','2023-03-01','https://www.germanwatch.org/en/87907','Beteiligung europäischer Maschinenliefernaten, Deutsche Version vorhanden','2023-05-14 06:19:06.340726','2023-06-30 09:08:04.851967','','Luisa Denter, Johanna Sydow','documents/2023/3/the-andina-copper-mine-in-chile.pdf');
INSERT INTO "knowledgebase_document" VALUES(20,'Gold Flows from Venezuela','Supporting due diligence on the production and trade of gold in Venezuela','','','2021-09-08','http://mneguidelines.oecd.org/gold-flows-from-venezuela-supporting-due-diligence.htm','Viele Akteure und detaillierte Aktivitäten, aber unwichtig','2023-05-14 06:40:18.502021','2023-05-14 06:40:18.502103','','','documents/2021/9/gold-flows-from-venezuela.pdf');
INSERT INTO "knowledgebase_document" VALUES(21,'Brazil - how much are human rights worth in the brazilian mining and steel industry?','The human rights impacts of the steel and mining industry in Açailândia','','','2011-03-01','https://www.fidh.org/en/region/americas/brazil/9662-how-much-are-human-rights-worth-in-the-brazilian-mining-and-steel-industry','Location vielleicht nochmal besser','2023-05-14 07:13:06.788587','2023-05-14 07:13:27.397085','','Andressa Caldas, Gustavo Bezerra, Isabel Mansur, Luciana Garcia, Tiago Botelho, Antonio Soffientini, Danilo Chammas, Dario Bossi, Federico Veronesi, Guilherme Zagallo, Ilaria Arcara. Laure Aviles, Geneviève Paul, Elin Wrzoncki','documents/2011/3/brazil-how-much-are-human-rights-worth-in-the-brazilian-mining-and-stee_Ymd1A5f.pdf');
INSERT INTO "knowledgebase_document" VALUES(22,'P for Plunder 2022','Morocco’s exports of phosphates from occupied Western Sahara','','','2022-04-06','https://wsrw.org/en/news/wsrw-reports','Da ist viel mehr zu holen, aber uninteressantes Thema','2023-05-14 08:08:56.929479','2023-05-14 08:09:30.311213','','','documents/2022/4/p-for-plunder-2022.pdf');
INSERT INTO "knowledgebase_document" VALUES(23,'Behind the Glittering Facade','Exploitation of Children in MIca Mining in India','','','2022-06-01','https://www.tdh.de/public-relations/pressemitteilungen/detaildarstellung/hinter-dem-schoenen-schein/','','2023-05-14 08:24:41.747795','2023-05-14 08:25:03.350984','','Katharina Debring','documents/2022/6/behind-the-glittering-facade.pdf');
INSERT INTO "knowledgebase_document" VALUES(24,'Edles Metall - Unwürdiger Abbau','Platin aus Südafrika und die Verantwortung deutscher Unternehmen','','','2018-04-01','https://www.brot-fuer-die-welt.de/downloads/analyse75-1/','Die Impacts genauer','2023-05-14 17:14:31.153261','2023-05-14 17:14:31.153395','','Aisha Bahadur, Maren Leifker, Sarah Lincoln','documents/2018/4/edles-metall-unwurdiger-abbau.pdf');
INSERT INTO "knowledgebase_document" VALUES(25,'Platinum for the World Market, Iron Shacks for the Workers','Living and Working Conditions in Marikana Five Years After the Massacre','','','2017-08-01','https://www.brot-fuer-die-welt.de/fileadmin/mediapool/2_Downloads/Fachinformationen/Analyse/Analyse75-Nd1-en-v01-Web.pdf','Impacts genauer','2023-05-14 17:35:40.168875','2023-05-14 17:35:40.168946','','Aisha Bahadur, Lisa Kadel, Sarah Lincoln','documents/2017/8/platinum-for-the-world-market-iron-shacks-for-the-workers.pdf');
INSERT INTO "knowledgebase_document" VALUES(26,'Beyond conflict-free tungsten','Identification of impact areas and preliminary assessment of the new bugarama mining company in rwanda','','Schwerpunkt auf positive Wirkungen
in einer konkreten Ruandischen
Wolframmine','2021-09-01','https://www.levinsources.com/what-we-do/case-studies/conflict-free-tungsten-fairphone','Impacts genauer','2023-05-14 18:08:17.529142','2023-05-14 18:12:53.959995','','Aline Providence Nkundibiza, Rosanna Tufo','documents/2021/9/beyond-conflict-free-tungsten.pdf');
INSERT INTO "knowledgebase_document" VALUES(27,'Glimmerland','','Anhand von Satellitenbildern wird deutlich, dass es in Indien weitaus mehr illegale Glimmerminen gibt als vermutet – und so viel Kinderarbeit wie nirgends sonst.','','2023-05-01','https://www.zeit.de/wissen/2022-05/glitter-indien-illegale-minen','','2023-05-14 18:34:46.183334','2023-05-14 18:34:46.183414','','Marcus Pfeil, Anuradha Sharma','documents/2023/5/glimmerland.pdf');
INSERT INTO "knowledgebase_document" VALUES(28,'Learnings from the new Bugarama mining company’s progressive journey','From informal mining to formal artisanal and semi-mechanised operations','The case study has been developed in parallel with the Beyond Conflict-Free Tungsten report which focuses on
the identification of impact areas based on the current mining operations. It showcases the progress of the
tungsten mine operated by the New Bugarama Mine Company (NBM) since 2009 and illustrates how the mine’s
journey has affected several impact areas. The case study aims to inform stakeholders and the wider public not
only about the changes at the mine site, but also highlight broader lessons which can be drawn from the NBM’s
experience. The Beyond Conflict-Free Tungsten report provides further detail of the context in which NBM operate
and the impact areas, as well as perspectives from stakeholders’ interviews and the methodology employed for
data collection and analysis.','Eines der Ergebnisse: Langfristige
Einkaufspartnerschaft und Bei-der-
Stange-Bleiben hilft.','2021-10-01','https://www.levinsources.com/what-we-do/case-studies/conflict-free-tungsten-fairphone','Impacts ermitteln','2023-05-14 18:41:43.729046','2023-06-30 19:01:03.879326','','','documents/2021/10/learnings-from-the-new-bugarama-mining-companys-progressive-journey.pdf');
INSERT INTO "knowledgebase_document" VALUES(29,'Platingruppenmetalle','Informationen zur Nachhaltigkeit','','','2022-02-01','https://www.bgr.bund.de/DE/Gemeinsames/Produkte/Downloads/Informationen_Nachhaltigkeit/PGM.html?nn=1542298','','2023-05-14 19:11:37.122515','2023-05-14 19:11:37.122594','','Malte Drobe','documents/2022/2/platingruppenmetalle.pdf');
INSERT INTO "knowledgebase_document" VALUES(30,'Risikobewertung - Graphit','','','','2021-11-01','https://www.bgr.bund.de/DERA/DE/Aktuelles/rohstoff_graphit.html','Das ist eine Risikobewertung. Benötige ich das überhaupt?','2023-05-14 19:17:27.971998','2023-05-14 19:17:27.972074','','Sophie Damm','documents/2021/11/risikobewertung-graphit.pdf');
INSERT INTO "knowledgebase_document" VALUES(31,'Natürlicher und synthetischer Graphit','','','','2022-03-01','https://www.bgr.bund.de/DERA/DE/Aktuelles/rohstoff_graphit.html','Brauchen wir dies überhaupt?','2023-05-14 19:19:36.584170','2023-05-29 13:52:57.509943','Rohstoffwirtschaftliche Steckbriefe','','documents/2022/3/naturlicher-und-synthetischer-graphit.pdf');
INSERT INTO "knowledgebase_document" VALUES(32,'Fair Green Hydrogen','Chance or Chimera in Morocco, Niger and Senegal?','The present study by Arepo GmbH on behalf of the Rosa Luxemburg Foundation (RLS)
examines how realistic hydrogen imports from the Global South are and which general
conditions would have to exist in order to make them socially and ecologically just, using the
example of the three countries: Senegal, Niger and Morocco. It concludes that imports from
at least Senegal and Niger can hardly be expected in the foreseeable future: Previous imports
are only viable if an extensive set of preconditions is met. In order to prevent a renewal of
neo-colonial relations between producer and importing countries, strict conditions would
have to apply for even for later imports. These include ruling out the possibility that hydrogen
is exported to industrialised countries instead of the potential supplier countries pursuing
their own decarbonisation policies and overcoming the energy poverty that usually prevails
there.','','2022-04-01','https://arepoconsult.com/en/projects/fair-hydrogen-potentials-and-limits-using-the-example-of-niger-senegal-and-morocco/','','2023-05-27 05:42:34.950484','2023-05-29 13:49:12.209265','','Sven Morgen, Max Schmidt, Jan Steppe, Dr. Christine Wörlen','documents/2022/4/fair-green-hydrogen.pdf');
INSERT INTO "knowledgebase_document" VALUES(33,'War in the treasure of the people','Afghanistan, Lapsis Lazuli and the battle for mineral wealth','','','2016-06-01','https://www.globalwitness.org/afghanistan-lapis/','','2023-05-27 05:55:22.293960','2023-05-29 13:48:40.889084','','','');
INSERT INTO "knowledgebase_document" VALUES(34,'A Golden Racket','The True Source of Switzerland’s “Togolese” Gold','','','2015-09-01','https://www.publiceye.ch/de/themen/rohstoffhandel/togolesisches-gold','','2023-05-27 07:29:38.369433','2023-05-29 13:48:11.292670','','Marc Guéniat, Natasha White','documents/2015/9/a-golden-racket.pdf');
INSERT INTO "knowledgebase_document" VALUES(35,'A Golden Opportunity (Summary)','The Risks and Rewards of Gold Recycling','','','2020-09-01','https://www.fairphone.com/de/2020/09/25/a-golden-opportunity-the-risks-and-rewards-of-gold-recycling/','Das geht detaillierter','2023-05-27 07:52:16.456627','2023-05-29 13:47:35.009946','','Alix Dodu','documents/2020/9/a-golden-opportunity-summary.pdf');
INSERT INTO "knowledgebase_document" VALUES(36,'Auf der Suche nach dem sauberen Gold','Kleinbergbau von Gold in Peru und DR Kongo','D
er gestiegen. Preis von Dies Gold hat ist dazu in den geführt, letzten dass Jahren die stark
 Zahl
der Kleinschürfer in diesem Sektor weltweit dras-
tisch gewachsen ist. Sie arbeiten häufig unter sehr
schlechten ökologischen und sozialen Bedingungen.
Zugleich sind Regulierungsansätze durch Regie-
rungen, Nichtregierungsorganisationen und Unter-
nehmen im Aufbau, die die Einhaltung von Sozial- und
Umweltstandards bei der Förderung von Gold garan-
tieren sollen.
Vor diesem Hintergrund haben das BICC und
SÜDWIND in Schürfgebieten Perus und der Demo-
kratischen Republik Kongo untersucht, welche Orga-
nisationsformen von Kleinschürfern dazu beitragen
können, soziale und ökologische Verbesserungen
im Goldabbau durch Kleinschürfer durchzusetzen,
und ob Zertifizierungsprozesse ebenfalls ein positiver
Ansatz sind.
Es lassen sich Gemeinsamkeiten zwischen Peru und
DR Kongo feststellen, doch auch erhebliche Unter-
schiede. Die Arbeitstechniken im Kleinbergbau sind
in Peru sehr viel weiter entwickelt, und ein großer Teil
der Schürfer arbeitet mit maschinellen Arbeitsmitteln,
während die Arbeit im Kongo mit minimalen techni-
schen Hilfsmitteln geleistet werden muss. In Peru ist der
Gebrauch von Quecksilber, das die Gesundheit der
Menschen bedroht und zu massiven ökologischen
Schäden führt, ein zentrales Problem. Auch in der DR
Kongo ist die Quecksilbermethode weit verbreitet; in
einigen Abbaugebieten wie Mukungwe ist jedoch
noch kaum Quecksilber in Gebrauch.
In beiden Fällen gibt es lokale Konflikte, die zum Teil
gewaltsam ausgetragen, aber oft friedlich geregelt
werden. Die Konfliktlinien verlaufen jeweils zwischen
unterschiedlichen Akteursgruppen und haben unter-
schiedliche Gegenstände. In Peru gibt es harte
Auseinandersetzungen zwischen Kleinschürfern in
Umweltschutzgebieten und der Regierung, die eine
Legalisierung anstrebt und auf Großbergbau setzt;
in der DR Kongo verlaufen die Konfliktlinien häufig
zwischen verschiedenen zivilen und militärischen
Autoritäten, die den Zugang regeln wollen sowie
zwischen Groß- und Kleinbergbau.
In Peru konnten Fortschritte im Arbeitsschutz, bei der
Selbstorganisation der Kleinschürfer, bei der Reduzie-
rung von Kinderarbeit sowie beim Zugang zu Bildung
durch Projekte der Entwicklungszusammenarbeit
beobachtet werden, auf die laufende Zertifizie-
rungsprozesse aufbauen können. Einige Projekte, die
zu Verbesserungen in den Schutzgebieten führten,
begannen lange vor der Zertifizierung – sie waren
die Voraussetzung dafür, überhaupt zertifizieren zu
können. Darüber hinaus gab es in Peru einen Gesetz-
gebungsprozess, der die Chancen auf eine staat-
liche Anerkennung der Rechte der Kleinschürfer trotz
Machtmissbrauch und Korruption erheblich erhöhte.
In der DR Kongo ist die Gesetzgebung dagegen noch
ungenügend und stellt die Schürfer vor hohe adminis-
trative Hürden.
Die Erfahrung in Peru zeigt, dass Zertifizierungspro-
zesse nur gestartet werden können, wenn sich Klein-
schürfer organisieren. Die gesetzliche Vorgabe für
kongolesische Schürfer die Form von Kooperativen
anzunehmen, stellt sie vor beinahe unüberwind-
bare Hindernisse. Während in Peru einige Kleinberg-
baukooperativen und –unternehmen funktionieren,
bestehen die meisten Kooperativen in der DR Kongo
hauptsächlich auf dem Papier. Es gibt jedoch auch
dort in praktisch allen Schürfgebieten Formen der
Selbstorganisation, die der Interessenvertretung und
Konfliktregelung dienen. Viele Kleinschürfer hoffen,
durch eine Zertifizierung die Befreiung von willkürlichen
und zum Teil mit Gewalt eingeforderten Abgaben zu
erreichen. Die vorhandenen Zertifizierungsansätze
bedienen allerdings nicht die Wünsche nach verbes-
serter technischer Ausstattung und Krediten. Außer
einer Konsultation mit Gemeinden über Entwicklungs-
möglichkeiten sind in der Zertifizierung keine sozialen
Kriterien wie Gesundheit, Bildung, Wasser- und sanitäre
Grundversorgung berücksichtigt. Zudem bilden die
politischen Rahmenbedingungen und die schlechte
Sicherheitslage hohe Hürden für Zertifizierungen.
Die Studie identifiziert Aspekte, die Zertifizierungen
berücksichtigen sollten, um erfolgreich zu sein. Sie
empfiehlt unterstützende Maßnahmen von Regie-
rungen, internationaler Entwicklungskooperation
und Unternehmen, die nötig sind, um die Lebensbe-
dingungen im Kleinbergbau zu verbessern und die
Voraussetzungen für Zertifizierung zu schaffen.','','2012-09-02','https://www.bicc.de/publications/publicationpage/publication/auf-der-suche-nach-dem-sauberen-gold-kleinbergbau-von-gold-in-peru-und-dr-kongo-348/','','2023-05-27 08:11:15.115445','2023-05-29 13:47:03.967913','','Friedel Hütz-Adams, Marie Müller','documents/2012/9/auf-der-suche-nach-dem-sauberen-gold.pdf');
INSERT INTO "knowledgebase_document" VALUES(37,'Gold Mining in Roșia Montană (Romania)','Billion dollar business vs. residents and the environment?','','','2019-09-01','https://www.ecchr.eu/fall/umweltschutz-versus-investitionsrecht-der-fall-der-goldmine-in-rosia-montana-rumaenien/','','2023-05-27 08:25:18.674387','2023-05-29 13:46:26.090656','','','documents/2019/9/gold-mining-in-rosia-montana-romania-billion-dollar-business-vs-residen_nz5fdxH.pdf');
INSERT INTO "knowledgebase_document" VALUES(38,'Schöner Schein','Ausbeutung und Menschenrechtsverletzungen im Goldbergbau und wie man dagegen Stellung bezieht','','','2018-08-01','https://www.ci-romero.de/produkt/faltblatt-schoener-schein/','','2023-05-28 08:36:33.875286','2023-05-29 13:45:15.102369','','','documents/2018/8/schoner-schein.pdf');
INSERT INTO "knowledgebase_document" VALUES(39,'Goldrausch am Tapajós','','Gold erzielt Rekordpreise. Im bra­si­lia­
nischen Regenwald entstehen deshalb
Hunderte neue illegale Minen. Die
Umwelt wird vergiftet, indigene Ak­ti­
vis­t*in­nen werden bedroht. Präsident
Bolsonaro schützt das Geschäft','','2022-07-26','https://taz.de/Gefahr-fuer-indigene-Aktivistinnen/!5867151/','','2023-05-28 08:44:05.424631','2023-05-29 13:44:33.744273','','Niklas Franzen','documents/2022/7/goldrausch-am-tapajos.pdf');
INSERT INTO "knowledgebase_document" VALUES(40,'The Just Gold Project','Lessons for the Future of Artisanal Gold in Democratic Republic of Congo','','','2021-03-01','https://impacttransform.org/en/work/project/just-gold/','','2023-05-28 09:07:59.407579','2023-05-29 13:44:06.826688','','Oscar Katho, Joanne Lebert, Jean Paul Lonema, Patience Singo, Gerard van der Burg','documents/2021/3/the-just-gold-project.pdf');
INSERT INTO "knowledgebase_document" VALUES(41,'Commodities Demystified','A guide to trading and the global supply chain','','','2019-01-01','https://www.commoditiesdemystified.info/en/','','2023-05-28 09:20:55.963060','2023-05-29 13:43:13.129028','','','documents/2019/commodities-demystified.pdf');
INSERT INTO "knowledgebase_document" VALUES(42,'Prepayments Demystified','An Addendum to the Commodities Demystified guide','','Ein Zusatzkapitel zu Trafigura: Commodities Demystified','2020-01-01','https://www.trafigura.com/brochure/prepayments-demystified/','','2023-05-28 09:28:43.488391','2023-05-29 13:42:38.603811','','','documents/2020/prepayments-demystified.pdf');
INSERT INTO "knowledgebase_document" VALUES(43,'Resiliente Rohstoffversorgung und verantwortliche Lieferketten für die Industrie','Handlungsempfehlungen für die Beschaffung von primären Rohstoffen für die Batterieherstellung','','Am Ende dann doch sehr oberflächlich','2021-01-01','https://www.thinktank-irs.de/','','2023-05-28 09:43:46.959098','2023-06-16 10:18:56.599978','','Klaus Steinmüller','documents/2021/resiliente-rohstoff-versorgung-und-verantwortliche-lieferketten-fur-die-industrie.pdf');
INSERT INTO "knowledgebase_document" VALUES(44,'Identifying supply risks by mapping the cobalt supply chain','','Cobalt is considered a critical raw material. Global cobalt demand is expected to quadruple in the next four
decades, due primarily to lithium-ion battery demand. Uniquely, this study provides detailed geographically ex-
plicit data on the cobalt supply chain, with the aim of both determining how susceptible primary cobalt production
is to supply chain disruptions, and to evaluate possible supply risks. We conclude that the risks for supply chain
disruptions are high. Firstly, the cobalt market is highly concentrated, with more than half of the cobalt mined in
the Democratic Republic of the Congo, and almost half of the cobalt refined in China. Secondly, almost all cobalt is
mined as a by-product of copper and nickel. Finally, political stability in production countries is considered to be
medium to very weak. There are also several factors in play that reduce supply risks. The concentration of the
individual mines, refineries and companies remains under the threshold of a concentrated market, and the esti-
mated 80 artisanal cobalt mines further diversify the mined supply. A network analysis shows the important
position of companies with high betweenness and degree centrality. A disruption at these companies can affect the
functioning of the overall supply chain. The geographic and a network visualization provide useful insights in the
supply risks. Based on the analysis, we recommend to diversify cobalt production, through the development of
mines, refineries, and efforts to ensure socially and environmentally sustainable artisanal mining.','Interessant, dass man sich die Informationen sogar zu einem so präsenten Thema
mühsam aus mehreren Quellen zusammensuchen muss, individuell für dieses Thema.','2020-02-12','https://www.sciencedirect.com/science/article/pii/S0921344920300653','','2023-05-28 10:24:57.039357','2023-05-29 13:40:16.639902','Resources, Conservation & Recycling 156 (2020) 104743','Susan van den Brink, René Kleijn, Benjamin Sprecher, Arnold Tukker','documents/2020/2/identifying-supply-risks-by-mapping-the-cobalt-supply-chain.pdf');
INSERT INTO "knowledgebase_document" VALUES(45,'The Road to Ruin?','Electric vehicles and workers’ rights abuses at DR Congo’s industrial cobalt mines','','Hier geht es um die Arbeitsbedingungen in den industriellen
Minen, aus denen 80% des kongolesischen Kobalt kommt.','2021-11-01','https://www.raid-uk.org/blog/cobalt-workers-exploitation','Genauere Impacts','2023-05-28 11:04:46.642076','2023-07-02 14:59:08.159992','','','documents/2021/11/the-road-to-ruin.pdf');
INSERT INTO "knowledgebase_document" VALUES(46,'Harmful Impacts of Mining','When extraction harms people, environments and economies','This report presents the results of a recent study by the Responsible Mining
Foundation on harmful economic, environmental, social and governance
(EESG) impacts associated with a sample of 38 of the world’s largest
mining companies. These companies together account for approximately
28 per cent of global mining production, collectively covering 18 home
countries, 55 producing countries and about 1,000 mining sites worldwide.
The study shows the range of harmful impacts that have been recently
reported for, or by, this sample of companies as an illustration of the
negative impacts of mining activities worldwide. As such, the study offers a
reality check that underlines the urgent need to ensure responsible mining
practices – and particularly the prevention of harm – become the norm.','Ein paar Einblicke in deren Analyseerkenntnisse (RMI)','2021-01-01','https://www.responsibleminingfoundation.org/harmful-impacts-mining/','Die 38 Comapnies, die etwas 20 Impacts','2023-06-16 11:01:10.458656','2023-06-30 19:05:56.807402','','','documents/2021/harmful-impacts-of-mining.pdf');
INSERT INTO "knowledgebase_document" VALUES(47,'Kinderrechte in der Kobaltlieferkette','So können Unternehmen Kinder im artisanalen Kleinbergbau schützen','','','2021-01-01','https://www.savethechildren.de/informieren/downloads/berichte-und-studien/#2021','Englische Version verfügbar','2023-06-16 11:41:46.975242','2023-07-02 14:55:40.190831','','Canaria Gaffar, Ines Kaempfer','documents/2021/kinderrechte-in-der-kobaltlieferkette.pdf');
INSERT INTO "knowledgebase_document" VALUES(48,'Across the Copperbelt','Urban & Social Change in Central Africa’s Borderland Communities','','','2021-01-01',NULL,'','2023-06-16 12:04:07.667935','2023-06-16 12:04:07.668001','','Miles Larmer, Enid Geune, Benoît Henriet, Iva Peša and Rachel Taylor','documents/2021/across-the-copperbelt.pdf');
INSERT INTO "knowledgebase_document" VALUES(49,'Recycling von Kupferwerkstoffen','','','','2019-10-01','https://kupfer.de/kupferwerkstoffe/nachhaltigkeit/recycling/','','2023-06-16 12:08:20.301907','2023-06-30 19:03:52.240339','','','documents/2019/10/recycling-von-kupferwerkstoffen.pdf');
INSERT INTO "knowledgebase_document" VALUES(50,'Ein Stoff macht Zukunft','Zum sozialen Leben von Lithium am Salar de Uyuni, Bolivien','','','2016-01-01',NULL,'','2023-06-16 12:21:11.462339','2023-06-16 12:21:11.462407','A. Exner et al. (Hrsg.), Kritische Metalle in der Großen Transformation','Katrin Vogel','documents/2016/ein-stoff-macht-zukunft.pdf');
INSERT INTO "knowledgebase_document" VALUES(51,'Der Lithium-Rush','Sozial-ökologische Konflikte um einen strategischen Rohstoff in Argentinien','','','2020-12-01',NULL,'','2023-06-16 12:32:41.579860','2023-06-16 12:32:41.579924','','Felix M. Dorn','documents/2020/12/der-lithium-rush.pdf');
INSERT INTO "knowledgebase_document" VALUES(52,'Die Rechte der Q’eqchi’','','','','2022-06-01',NULL,'','2023-06-16 12:58:59.454362','2023-06-16 12:58:59.454421','','Wolf-Dieter Vogel','documents/2022/6/die-rechte-der-qeqchi.pdf');
INSERT INTO "knowledgebase_document" VALUES(53,'Human Rights and Environmental Impact of Nickel Mining at Rio Tuba','','','','2022-05-01',NULL,'','2023-06-16 13:04:07.332520','2023-06-16 13:04:07.332615','','','documents/2022/5/human-rights-and-environmental-impact-of-nickel-mining-at-rio-tuba.pdf');
INSERT INTO "knowledgebase_document" VALUES(54,'Der globale Nickelmetallmarkt – zwischen Legierungselement und Batterierohstoff','','','','2022-05-01','https://www.bgr.bund.de/DE/Gemeinsames/Produkte/Downloads/Commodity_Top_News/Rohstoffwirtschaft/68_nickel.html','','2023-06-24 07:19:52.440455','2023-06-24 08:01:39.820222','Commodity TopNews','Michael Szurlies','documents/2022/5/der-globale-nickelmetallmarkt-zwischen-legierungselement-und-batterierohstoff.pdf');
INSERT INTO "knowledgebase_document" VALUES(55,'Der deutsche Rohstoffhunger und seine menschenrechtlichen Folgen im Globalen Süden','Eine Studie zu den Lieferketten von Kupfer und Molybdän aus Mexiko und Palmöl aus Guatemala','','','2019-09-01','https://www.ci-romero.de/produkt/studie-der-deutsche-rohstoffhunger-2/','Das 2. Kapitel, genaue Minen, genaue Firmen, Impacts auch genauer (Folgen des Dammbruchs)','2023-06-24 08:01:15.115260','2023-06-24 08:02:08.569617','','Christian Wimberger, Thorsten Moll','documents/2019/9/der-deutsche-rohstoffhunger-und-seine-menschenrechtlichen-folgen-im-glo_zPePm69.pdf');
INSERT INTO "knowledgebase_document" VALUES(56,'Rohstoffe im Fokus','Menschenrechts- und Umweltrisiken integrativ betrachten','','Es dreht sich in den Zahlen um
Deutschland','2021-06-02','https://adelphi.de/de/publikationen/rohstoffe-im-fokus','Drumherum, Modellierung der Topic gut so?','2023-06-24 08:15:23.410473','2023-06-24 08:15:23.410561','','Markus Buderath, Daniel Weiß, Pia van Ackern, Bibiana Garcia, Lena Dovidat, Caroline Kraft, Felix Padubrin','documents/2021/6/rohstoffe-im-fokus.pdf');
INSERT INTO "knowledgebase_document" VALUES(57,'Rezept für eine Katastrophe','','Indonesien, wichtiger Goldlieferant, wird auf der Hannover-Messe umworben.
Ein großes Abbauvorhaben ist in der von Konflikten betroffenen Provinz Papua geplant.
Amnesty kritisiert die weitere Gefährdung der dort lebenden indigenen Bevölkerung.','','2023-02-01',NULL,'Impacts genauer','2023-06-24 08:26:42.272498','2023-06-24 08:26:42.272555','','Esther Hoffmann','documents/2023/2/rezept-fur-eine-katastrophe.pdf');
INSERT INTO "knowledgebase_document" VALUES(58,'Digging for Transparency','How U.S. companies are only scratching the surface of conflict minerals reporting','','','2015-04-01','https://www.globalwitness.org/en/campaigns/conflict-minerals/digging-transparency/','','2023-06-24 14:37:55.514433','2023-07-05 12:14:33.366937','','','documents/2015/4/digging-for-transparency.pdf');
INSERT INTO "knowledgebase_document" VALUES(59,'Time to dig deeper','Companies exporting and trading minerals from the African Great Lakes have made some progress on responsible sourcing, but must do more','','','2017-08-01','https://www.globalwitness.org/en/campaigns/democratic-republic-congo/time-dig-deeper/','Einzelne Companies','2023-06-24 14:47:16.898857','2023-06-24 14:49:53.439022','','','documents/2017/8/time-to-dig-deeper.pdf');
INSERT INTO "knowledgebase_document" VALUES(60,'Schuldknechtschaft','','','','2021-12-01','https://www.suedwind-institut.de/alle-verfuegbaren-publikationen/fact-sheet-schuldknechtschaft-nicht-nur-in-asien-oder-afrika-eine-bittere-realit%C3%A4t.html','','2023-06-24 16:11:11.079272','2023-06-24 16:11:11.079328','','Dr. Sabine Ferenschild','documents/2021/12/schuldknechtschaft.pdf');
INSERT INTO "knowledgebase_document" VALUES(61,'In die Mine statt zur Schule - Kinderarbeit im 21.Jahrhundert','Daten und Fakten zu Kinderarbeit und ihrer Bekämpfung','','','2021-12-01','https://www.suedwind-institut.de/alle-verfuegbaren-publikationen/in-die-mine-statt-zur-schule-kinderarbeit-im-21-jahrhundert.html','','2023-06-24 16:26:18.775273','2023-06-24 16:27:14.965581','','Dr. Pedro Morazan, Friedel Hütz-Adams, Irene Knoke','documents/2021/12/in-die-mine-statt-zur-schule-kinderarbeit-im-21-jahrhundert.pdf');
INSERT INTO "knowledgebase_document" VALUES(62,'Closing the gap','Evidence for effective human rights due diligence from five years measuring company efforts to address forced labour','','','2022-01-18','https://www.business-humanrights.org/en/from-us/briefings/closing-the-gap-evidence-for-effective-human-rights-due-diligence-from-five-years-measuring-company-efforts-to-address-forced-labour/','Companies','2023-06-24 16:40:19.677690','2023-06-24 16:40:19.677757','','','documents/2022/1/closing-the-gap.pdf');
INSERT INTO "knowledgebase_document" VALUES(63,'Conflict analysis and stakeholder mapping in South Kivu and Ituri','','','Konfliktursachen im Ostkongo,
inkl. ein paar Statistiken (u.a.
Produktivität)','2021-04-01','https://ipisresearch.be/publication/madini-conflict-analysis-and-stakeholder-mapping-in-the-mining-regions-of-south-kivu-and-ituri/','','2023-06-24 17:00:37.729483','2023-07-05 12:15:42.299951','','Guillaume de Brier','documents/2021/4/conflict-analysis-and-stakeholder-mapping-in-south-kivu-and-ituri.pdf');
INSERT INTO "knowledgebase_document" VALUES(64,'Geschlechtergerechtigkeit in globalen Lieferketten','Forderungen an Politik & Unternehmen','','','2020-07-01','https://www.rosalux.de/publikation/id/42682/geschlechtergerechtigkeit-in-globalen-lieferketten','','2023-07-08 08:50:47.140275','2023-07-08 09:21:48.545320','','Karolin Seitz','documents/2020/7/geschlechtergerechtigkeit-in-globalen-lieferketten.pdf');
INSERT INTO "knowledgebase_document" VALUES(65,'Frauenrechte Im Bergbau','','','','2020-12-01','https://webshop.inkota.de/node/1634','','2023-07-08 09:26:42.714254','2023-07-08 09:26:42.714304','','Lara Louisa Siever, Ronja Fink','documents/2020/12/frauenrechte-im-bergbau.pdf');
INSERT INTO "knowledgebase_document" VALUES(66,'Strengthening Protections Against Trafficking in Persons in Federal and Corporate Supply Chains','','','','2017-01-01','https://www.verite.org/wp-content/uploads/2017/04/EO-and-Commodity-Reports-Combined-FINAL-2017.pdf','noch andere respourcen, noch andere Themen?','2023-07-08 09:38:00.805693','2023-07-10 18:41:58.375007','','','documents/2017/strengthening-protections-against-trafficking-in-persons-in-federal-and-c_sl59Cwn.pdf');
INSERT INTO "knowledgebase_document" VALUES(67,'Human Rights and Hazardous Substances','Key Messages','Pollution is the largest source of premature death in the developing world, causing approxi-
mately three times more deaths than HIV/AIDS, tuberculosis and malaria combined (2018
Report of the Lancet Commission on pollution and health). It disproportionately affects
persons, groups and peoples in vulnerable situations reflecting both historical and ongoing
discrimination, racism, and power imbalances that have given rise to powerful social move-
ments for environmental justice. Those responsible for the harmful impacts of hazardous
substances must be held legally accountable for them through the application of human
rights laws, norms and standards. Meanwhile, effective international and national measures
must be employed to prevent future harms. The United Nations Environment Programme
(UNEP) Global Chemicals Outlook II emphasizes that ambitious, global action by all stake-
holders is required to minimize the adverse impacts of hazardous chemicals and wastes. The
complete lifecycle of “hazardous substances,” a term used here to include all toxics and
wastes that have adverse effects on human health and on the environment, starting from
their manufacturing and transport, to use, to trade, and eventually disposal, can have an
enormous impact on the enjoyment of fundamental human rights, such as the rights to life, to
the highest attainable standard of health, to food, to clean water and sanitation, to housing,
and the right to a healthy environment. Given the impact of hazardous substances on human
rights including the rights to health and life, the Office of the United Nations High Commis-
sioner for Human Rights (OHCHR) and UNEP have issued the following Key Messages to
highlight the human rights obligations and responsibilities of States and other duty-bearers,
such as businesses, to prevent and remedy the harmful effects of hazardous substances.','',NULL,NULL,'','2023-07-08 11:17:51.077544','2023-07-08 11:20:02.351458','','','documents/human-rights-and-hazardous-substances.pdf');
INSERT INTO "knowledgebase_document" VALUES(68,'Forced Labour Risks, Remedy and Changing Regulation','','This briefing outlines key findings from KnowTheChain
(KTC) data on 184 companies assessed in the 2020 and
2021 benchmarks in respect of the prevalence of forced
labour in global supply chains across three high-risk sectors:
ICT, food and beverage, and apparel and footwear. Despite
some evidence of progress over time, the risk of forced
labour across these sectors persists and where forced
labour is uncovered, identifiable remediation efforts remain
limited. Collectively encompassing 61% of the commodities
at risk of forced labour, the KTC benchmarks are also an
important proxy for how the world''s largest companies are
addressing forced labour risks, which remain considerable.','',NULL,NULL,'','2023-07-08 11:31:02.982870','2023-07-08 11:31:02.982952','','','documents/forced-labour-risks-remedy-and-changing-regulation.pdf');
INSERT INTO "knowledgebase_document" VALUES(69,'State Imposed Forced Labor in China','Swedish Buyers'' Monitoring of Electronics Supply Chains','Due to reports of serious human rights violations in China
targeting Uyghurs and other ethnic minority citizens,
Adda Central Purchasing Body, the Swedish Regions and
the Church of Sweden initiated a collaborative effort
to conduct due diligence and monitor the risk of state-
imposed forced labor in the supply chains of the goods and
services we procure. This report focuses on the monitoring
of electronics supply chains.
A monitoring methodology based on information gathered
from various civil society and government organizations
was developed and a follow-up package was sent to
electronics suppliers. The purpose of the monitoring was
to identify instances of forced labor of Uyghur and other
ethnic minorities in our supply chains and to ensure that
suppliers and brands were conducting human rights due
diligence in accordance with our contract terms. The focus
was to determine whether credible methods to detect
state-imposed forced labor were being used.
Our monitoring revealed no instances of final assembly
production in Xinjiang, but we cannot exclude the risk
of state-imposed forced labor at factories in our supply
chains in other parts of China. The reasons for this are:
•
•
•
•
The industry in general is ill-prepared to identify,
prevent, mitigate and account for how it addresses the
risk of state-imposed forced labor in China.
The audit methods used by the industry are in many
cases not adapted to detect the risk of state-imposed
forced labor in China.
With very few exceptions, brands are not as
transparent as they need to be to fulfill their due
diligence obligations, nor to enable buyers to conduct
their own due diligence.
More groups are targeted by China''s poverty alleviation
program and at risk of state-imposed forced labor,
than Uyghurs and other ethnic minority citizens.
The risk of state-imposed forced labor is still prevalent
and should be part of regular monitoring activities of
electronics supply chains for brands, suppliers and buyers.','','2021-12-01',NULL,'','2023-07-08 11:43:58.440545','2023-07-08 11:43:58.440603','','','documents/2021/12/state-imposed-forced-labor-in-china.pdf');
INSERT INTO "knowledgebase_document" VALUES(70,'Guidance on Due Diligence for EU Businesses to Address the Risk of Forced Labour in Their Operations and Supply Chains','','','Tipps zur DD bzgl. Zwangsarbeit.
Zfsg: Man muss es sich vor Ort anschauen.','2021-07-12','https://ec.europa.eu/commission/presscorner/detail/en/ip_21_3664','','2023-07-08 13:31:56.460720','2023-07-08 14:06:28.460175','','','documents/2021/7/guidance-on-due-diligence-for-eu-businesses-to-address-the-risk-of-forc_xjtwcVH.pdf');
INSERT INTO "knowledgebase_document" VALUES(71,'Uyghurs for sale','‘Re-education’, forced labour and surveillance beyond Xinjiang','','','2021-10-20','https://www.aspi.org.au/report/uyghurs-sale','','2023-07-08 13:51:25.567048','2023-07-08 13:51:25.567109','','Vicky Xiuzhong Xu','documents/2021/10/uyghurs-for-sale.pdf');
INSERT INTO "knowledgebase_document" VALUES(72,'Global Estimates of Modern Slavery Forced Labour and Forced Marriage','','','','2022-09-12','https://www.ilo.org/global/topics/forced-labour/publications/WCMS_854733/lang--en/index.htm','','2023-07-08 14:19:15.108546','2023-07-08 14:30:02.692124','','','documents/2022/9/global-estimates-of-modern-slavery-forced-labour-and-forced-marriage.pdf');
INSERT INTO "knowledgebase_document" VALUES(73,'Value-added Chains of Electronic Waste','A Simplified Graph','','','2017-06-29','https://www.stiftung-wirtschaftsethik.de/fileadmin/user_upload/downloads/projects/200_10_1_Elektrorecycling/170629_ewaste.pdf','','2023-07-08 14:51:05.814862','2023-07-08 14:51:05.814905','','','documents/2017/6/value-added-chains-of-electronic-waste.pdf');
INSERT INTO "knowledgebase_document" VALUES(74,'Future E-waste Scenarios','','','','2019-08-29','https://www.unep.org/ietc/resources/publication/future-e-waste-scenarios','','2023-07-08 15:05:21.723580','2023-07-08 15:05:21.723608','','Keshav Parajuly, Ruediger Kuehr, Abhishek Kumar Awasthi, Colin Fitzpatrick, Josh Lepawsky, Elisabeth Smith, Rolf Widmer, Xianlai Zeng','documents/2019/8/future-e-waste-scenarios.pdf');
INSERT INTO "knowledgebase_document" VALUES(75,'The Global E-waste Monitor 2020','Quantities, flows, and the circular economy potential','','','2020-12-01','https://ewastemonitor.info/','','2023-07-08 15:19:24.731327','2023-07-08 15:19:24.731407','','Vanessa Forti, Cornelis Peter Baldé, Ruediger Kuehr, Garam Bel','documents/2020/12/the-global-e-waste-monitor-2020.pdf');
INSERT INTO "knowledgebase_document" VALUES(76,'Abuse in the Printing Supply Chain','An Investigation into Two Cartridge Manufacturers','','','2021-12-13','https://chinalaborwatch.org/abuse-in-the-printing-supply-chain-an-investigation-into-two-cartridge-manufacturers/','Genauere Impacts','2023-07-08 15:42:55.190156','2023-07-08 15:42:55.190201','','','documents/2021/12/abuse-in-the-printing-supply-chain.pdf');
INSERT INTO "knowledgebase_document" VALUES(77,'Hazardous chemicals in ICT-manufacturing and the impacts on female workers in the Philippines','','','','2021-01-25',NULL,'','2023-07-08 15:51:13.203918','2023-07-08 15:51:13.204019','','Olof Björnsson','documents/2021/1/hazardous-chemicals-in-ict-manufacturing-and-the-impacts-on-female-work_vMD1Naa.pdf');
INSERT INTO "knowledgebase_document" VALUES(78,'Out of Focus','Labour rights in Vietnam’s digital camera factories','','','2011-11-01',NULL,'Impacts genauer','2023-07-09 10:15:57.174711','2023-07-09 10:24:40.251931','','Anna Kakuli, Irene Schipper','documents/2011/11/out-of-focus.pdf');
INSERT INTO "knowledgebase_document" VALUES(79,'Viet Nam’s electronics supply chain','Decent work challenges and opportunities','During the past decade, Viet Nam has become one of the top electronics suppliers in
the world and its electronics industry has emerged as the country’s most important
export sector. Viet Nam’s integration into global supply chains has opened up great
opportunities for the industry, but at the same time placed new expectations on
manufacturers and suppliers, employers and workers.
From the first outbreak in early 2020, the COVID-19 pandemic accentuated decent
work deficits in global electronics supply chains due to movement restrictions, a
loss of working hours and wages, suspension of collective bargaining agreements
and cancellation of wage increases, along with health and safety risks. In Viet Nam,
the ILO and the VCCI are working with the Government of Viet Nam, the Viet Nam
General Confederation of Labour (VGCL) and other key supply chain partners to
promote a safe return to work and to “build forward better” with improved business
continuity planning.
This includes action to foster a more resilient, inclusive and sustainable electronics
industry and global electronics supply chain, which is supported by the European
Union-funded “Sustainable Supply Chains to Build Forward Better” project, the
ILO-International Finance Corporation (IFC) “Better Work Vietnam” programme and
other ILO projects.
This report assesses the electronics industry in Viet Nam, the largest export sector
and one of the largest employers in Viet Nam, with the aim of understanding op-
portunities and challenges for advancing decent work during the post-COVID-19
recovery period.
We hope that this overview report will inform national partners and key supply chain
stakeholders and encourage the Government of Viet Nam, as well as electronics
manufacturers and workers, to continue in their efforts to promote and create
better workplaces and seize new opportunities for the industry to succeed in the
global marketplace.','','2022-01-01',NULL,'','2023-07-09 10:38:27.096752','2023-07-09 10:38:27.096791','','','documents/2022/viet-nams-electronics-supply-chain.pdf');
INSERT INTO "knowledgebase_document" VALUES(80,'Rio Tinto: The way it really works','','','','2015-07-14','https://www.industriall-union.org/rio-tinto','Minen genauer, Impacts genauer','2023-07-09 11:02:42.618969','2023-07-09 11:07:34.678862','','','documents/2015/7/rio-tinto-the-way-it-really-works.pdf');
INSERT INTO "knowledgebase_document" VALUES(81,'Glencore, Below the Surface','','This briefing details Glencore’s environmental, social and governance
(ESG)-related risks – with a focus on labour-related risks – that have
not been disclosed adequately by the company or well-covered by
other sources, and encourages investors and other stakeholders to
put specific questions to the company based on this information.','','2018-05-01',NULL,'','2023-07-09 11:07:05.641413','2023-07-09 11:10:41.274745','','','documents/2018/5/glencore-below-the-surface.pdf');
INSERT INTO "knowledgebase_document" VALUES(82,'Fragwürdige Unternehmenstätigkeiten des Schweizer Bergbauriesen Glencore und die Verantwortung deutscher Banken','','','','2017-05-01',NULL,'Impacts genauer, Minen genauer','2023-07-09 11:33:35.576548','2023-07-09 11:33:35.576599','','Sarah Guhr, Johanna Sydow, Susanne Friess','documents/2017/5/fragwurdige-unternehmenstatigkeiten-des-schweizer-bergbauriesen-glencor_T0TdGWO.pdf');
INSERT INTO "knowledgebase_document" VALUES(83,'Searching for pure gold: The impact of ethical gold sourcing certification programmes in the UK and Switzerland','','','Eine kleine Geschichte der Entwicklung von fair trade gold.
Deutliche Kritik an Fairtrade, nicht an ARM.',NULL,NULL,'','2023-07-09 11:50:20.135023','2023-07-09 11:50:20.135069','','Peter Oakley','documents/searching-for-pure-gold-the-impact-of-ethical-gold-sourcing-certification-prog_bk0aMD7.pdf');
INSERT INTO "knowledgebase_document" VALUES(84,'Rohstoffe für Handys und Co.: Lithiumabbau in Argentinien','','','','2016-12-01',NULL,'impacts genauer','2023-07-09 11:53:55.643187','2023-07-09 11:54:59.650392','','Friedel Hütz-Adams, Eva-Maria Reinwald','documents/2016/12/rohstoffe-fur-handys-und-co-lithiumabbau-in-argentinien.pdf');
INSERT INTO "knowledgebase_document" VALUES(85,'Save the Rainforests and the People of Sulawesi: Stop Financing and Investment in Mines, and Nickel Smelters and Their Supporting Coal Power Plants in Indonesia. Electric Vehicles Are a False Solution to Climate Change','Official Statement of the People and the Sulawesi Alliance, Indonesia','','','2022-11-15',NULL,'Impacts genauer','2023-07-09 12:05:47.820461','2023-07-09 12:05:47.820493','','','documents/2022/11/save-the-rainforests-and-the-people-of-sulawesi-stop-financing-and-inv_nYrzItA.pdf');
INSERT INTO "knowledgebase_document" VALUES(86,'Corporate Human Rights Benchmark 2022','Insights Report','','Ein Ergebnis: Die Firmen verlangen von ihren
Zulieferern nzr due Einhaltung, unterstützen sie
aber nicht dabei (und sehen auch nicht ihre eigene
Rolle, vermute ich).','2022-11-01',NULL,'Einzelne Firmen','2023-07-09 12:11:50.011859','2023-07-09 12:39:09.665741','','','');
INSERT INTO "knowledgebase_document" VALUES(87,'A Review of Battery Life-Cycle Analysis: State of Knowledge and Critical Needs','','','','2010-10-01',NULL,'','2023-07-09 12:43:46.557233','2023-07-09 12:43:46.557275','','J.L. Sullivan, L. Gaines','documents/2010/10/a-review-of-battery-life-cycle-analysis-state-of-knowledge-and-critical-needs.pdf');
INSERT INTO "knowledgebase_document" VALUES(88,'Safety Performance Report','Benchmarking progress of ICMM company members in 2021','','Unternehmensdaten zu
Unfällen. Tendenz den
Dammbruch 2019 als Spitze
herauszurechnen. Nützlich?','2022-07-01',NULL,'','2023-07-09 12:48:19.070631','2023-07-09 12:50:15.826096','','Helen Bates, Bob Holwill','documents/2022/7/safety-performance-report.pdf');
INSERT INTO "knowledgebase_document" VALUES(89,'The implementation of due diligence in 3TG supply chains','The cases of Burkina Faso, Mozambique and Nigeria','The objective of this study was to conduct an anal-
ysis of to what extent due diligence is implemented
in supply chains of tin, tungsten, tantalum and gold
in Burkina Faso, Mozambique and Nigeria. It fo-
cusses on the areas in which improvements in the
implementation of due diligence is needed in order
to enable responsible sourcing of 3TG from those
regions, in particular areas where support by ac-
tors of the German development cooperation can
be used to leverage greater positive impact in the
sector.','Etwas frustrierend: Grob
überflogen scheint mir, dass eine
Sorgfaltspflicht praktisch
unmöglich ist. Soll das die
Erkenntnis sein? Es gibt
Empfehlungen, aber die sind halt
nicht umgesetzt.','2022-03-01','https://www.deutsche-rohstoffagentur.de/EN/Themen/Min_rohstoffe/Downloads/BGR_3TG_2022.html','','2023-07-09 13:15:54.769349','2023-07-09 13:15:54.769382','','Olivia Lyster, Ashley Smith-Roberts','documents/2022/3/the-implementation-of-due-diligence-in-3tg-supply-chains.pdf');
INSERT INTO "knowledgebase_document" VALUES(90,'Der Schatz vom Jadar-Tal','','Lithium ist ein wichtiger Grundstoff für Solarzellen und E-Autos. Bisher wird er vor allem außerhalb Europas
gewonnen. Aber auch in Serbien gibt es Vorkommen. Der geplante Abbau sorgt für Streit','','2023-01-04','https://taz.de/Umstrittenes-Lithium-aus-Serbien/!5899786/','','2023-07-09 13:20:26.591775','2023-07-09 13:20:26.591863','','Jana Lapper','documents/2023/1/der-schatz-vom-jadar-tal.pdf');
INSERT INTO "knowledgebase_document" VALUES(91,'Digging for Disclosure','A review of publicly-available supply chain due diligence information by Chinese metals processing companies','','Es geht um Tranzparenz bzgl. eine OECD-DD. Alle nehmen an
Industrieinitiativen teil. Ergebnisse erschreckend schlecht','2021-03-01','https://www.globalwitness.org/en/campaigns/natural-resource-governance/digging-disclosure/','Die einzelnen Firmen (hinten im Dokument)','2023-07-09 13:35:06.837644','2023-07-09 13:35:06.837685','','','documents/2021/3/digging-for-disclosure.pdf');
INSERT INTO "knowledgebase_document" VALUES(92,'Driving Force: Automotive Supply Chains and Forced Labor in the Uyghur Region','','','Reichlich neue und zusammengestellte Infos zur
Zwangsbeschäftigung der Uiguren, u.a. in der
Kupder- und Elektroniklieferkette.','2022-12-01','https://www.shuforcedlabour.org/drivingforce','Automobil auch, einzelne Firmen, Supply Chain Map, Minen, doch Ressourcen und niht materialien?','2023-07-09 13:45:31.855048','2023-07-09 13:45:31.855104','','Laura Murphy, Kendyl Salcito, Yalkun Uluyol, Mia Rabkin','documents/2022/12/driving-force-automotive-supply-chains-and-forced-labor-in-the-uyghur-region.pdf');
INSERT INTO "knowledgebase_document" VALUES(93,'Worst Forms of Child Labour in the Democratic Republic of the Congo: Cobalt Refiner Due Diligence Reporting','','','','2019-07-31',NULL,'Es werden auch Schemes erwähnt, Liste der Smelter ergänzen','2023-07-09 14:04:19.744475','2023-07-09 14:04:19.744514','','Chris N. Bayer, Anthony Cooper','documents/2019/7/worst-forms-of-child-labour-in-the-democratic-republic-of-the-congo-cob_tyXYQBE.pdf');
INSERT INTO "knowledgebase_document" VALUES(94,'Freeport köpft Berge','Wie der US-Kupfergigant den Westen Neuguineas verwüstet','','','2022-11-10','https://monde-diplomatique.de/artikel/!5892555','','2023-07-09 14:13:02.240094','2023-07-09 14:13:02.240207','','Philippe Pataud Célérier','documents/2022/11/freeport-kopft-berge.pdf');
INSERT INTO "knowledgebase_document" VALUES(95,'Jadar Lithium Mine, Serbia','A Raw Deal ICT metal mining case study','','','2021-03-15','https://bankwatch.org/publication/jadar-lithium-mine-serbia-a-raw-deal-ict-metal-mining-case-study','Impacts, Activities','2023-07-09 14:23:20.401917','2023-07-09 14:23:20.401958','','Zvezdan Kalmar','documents/2021/3/jadar-lithium-mine-serbia.pdf');
INSERT INTO "knowledgebase_document" VALUES(96,'State of play and roadmap concepts: Renewable Energy Sector','RE-SOURCING Deliverable 4.1','','Ähnliche Papers in diesem Projekt gibt es auch für Elektronik und Batterien.
Zu diesem Erneuerbare Bereich gibt es aber schon das Folgepaper, die Roadmap.','2020-10-01','https://re-sourcing.eu/reports/08022021-re-sourcing-wp4-d41-v2-res/','','2023-08-12 04:23:19.127920','2023-08-12 04:23:19.127964','','Marie-Theres Kügerl, Michael Tost','documents/2020/10/state-of-play-and-roadmap-concepts-renewable-energy-sector.pdf');
INSERT INTO "knowledgebase_document" VALUES(97,'Meeting the EV challenge: Responsible sourcing in the electric vehicle battery supply chain','','','Trafigura möchte mit Minenbetreiber Chemaf und NGO Pact eine responsible Kobaltquelle aus der DRC aufbauen, auch Kupfer wird erwähnt.

Projekt scheint beendet: https://www.mining-technology.com/news/trafigura-announces-end-of-artisanal-cobalt-formalisation-project/','2018-11-13','https://www.trafigura.com/brochure/meeting-the-ev-challenge-responsible-sourcing-in-the-electric-vehicle-battery-supply-chain/','','2023-08-12 04:51:14.811082','2023-08-12 04:51:14.811151','','','documents/2018/11/meeting-the-ev-challenge-responsible-sourcing-in-the-electric-vehicle-_OxSIQWg.pdf');
INSERT INTO "knowledgebase_document" VALUES(98,'Jenseits der Auditlogik','Schlüsselelemente Effektiver Sorgfaltspflichtengesetzgebung','','Zählt auf wie sich Sogfaltspflicht und Nur-Audits unterscheiden.

Gut!','2022-06-01','https://www.business-humanrights.org/de/von-uns/briefings/beyond-social-auditing-key-considerations-for-mandating-effective-due-diligence/','','2023-08-12 04:57:05.445477','2023-08-12 04:57:05.445592','','','documents/2022/6/jenseits-der-auditlogik.pdf');
INSERT INTO "knowledgebase_document" VALUES(99,'Assessing the social impacts of the preparatory and development phases at Lydian International’s Amulsar mine in Armenia through surveys of neighbouring communities','Sociological research. Amulsar gold mine project, Armenia','','','2018-10-06','https://www.ed.ac.uk/sustainability/what-we-do/supply-chains/initiatives/make-ict-fair-project/assessing-the-social-impacts','','2023-08-12 05:12:20.307614','2023-08-12 05:12:20.307660','','Anahit Mkrtchyan','documents/2018/10/assessing-the-social-impacts-of-the-preparatory-and-development-phases_3UBEgdO.pdf');
INSERT INTO "knowledgebase_document" VALUES(100,'What''s wrong with corporate social responsibility?','','','Sehr kritisch','2006-01-01',NULL,'','2023-08-12 05:18:31.933166','2023-08-12 05:19:37.889655','','','documents/2006/whats-wrong-with-corporate-social-responsibility.pdf');
INSERT INTO "knowledgebase_document" VALUES(101,'Jahresbericht über den Vollzug der Verordnung (EU) 2017/821 nach § 3 Abs. 5 MinRohSorgG','','','Interessant','2022-12-01','https://www.bgr.bund.de/DE/Gemeinsames/UeberUns/DEKSOR/DEKSOR_node.html','','2023-08-12 05:40:48.896936','2023-08-12 05:40:48.897026','','Matthias Baier, Alexander Baum, Julian Cordes, Andreas Dankert, Kira Herrenknecht','documents/2022/12/jahresbericht-uber-den-vollzug-der-verordnung-eu-2017821-nach-3-abs-5-_R3v95vU.pdf');
INSERT INTO "knowledgebase_document" VALUES(102,'Eco Rating 2021','METHODOLOGY OVERVIEW. Eco Rating release 03 version.','','','2021-05-01','https://www.ecoratingdevices.com/','','2023-08-12 05:48:57.639523','2023-08-12 05:48:57.639586','','','documents/2021/5/eco-rating-2021.pdf');
INSERT INTO "knowledgebase_document" VALUES(103,'Sustainability Assessment Criteria for Corporate ESG Performance – DRAFT','Draft for Technical Committee and Public Consultation','','','2022-11-01','https://www.epeat.net/announcements?tagId=17','','2023-08-12 05:56:31.136233','2023-08-12 05:56:31.136295','','','documents/2022/11/sustainability-assessment-criteria-for-corporate-esg-performance-draft.pdf');
INSERT INTO "knowledgebase_document" VALUES(104,'Fairphone’s Guide to paying living wages in the supply chain','','','Sehr gut vermutlich, praktische Anleitung wie man als Hersteller Living Wage durchsetzen kann.','2022-07-01','https://www.fairphone.com/en/livingwage/','','2023-08-12 06:17:36.133532','2023-08-12 06:17:36.133617','','','documents/2022/7/fairphones-guide-to-paying-living-wages-in-the-supply-chain.pdf');
INSERT INTO "knowledgebase_document" VALUES(105,'Engagement bewEISEN','Menschenrechts- und Umweltschutz in Eisenerz-Lieferketten','','','2022-05-01','https://www.oefse.at/publikationen/detail/publication/show/Publication/engagement-beweisen-menschenrechts-und-umweltschutz-in-eisenerz-lieferketten/','','2023-08-12 06:42:28.479644','2023-08-12 06:42:28.479687','','Karin Küblböck, Michael Eigner, Bernhard Tröster, Letícia Soares Peixoto Aleixo, Juliana Cesario Alvim Gomes, Marina Mello Dias, Nataly Aparecida Campolina, Pablo Martins Fontes da Silva, Thabata Pena Pereira, Ingrid Pintaritsch, Herbert Wasserbau','documents/2022/5/engagement-beweisen.pdf');
INSERT INTO "knowledgebase_document" VALUES(106,'More legislation, more violence? The impact of Dodd-Frank in the DRC','','The Dodd Frank Act was passed by the US Congress in July 2010 and included a provision—
Section 1502—that aimed to break the link between conflict and minerals in the Eastern Dem-
ocratic Republic of Congo. To date there is only one rigorous quantitative analysis that investi-
gates the impact of Dodd-Frank on local conflict events. Looking at the short-term impact
(2011–2012), it finds that the policy backfired. This study builds on a larger, more representa-
tive, dataset of mining sites and extends the time horizon by three years (2013–2015). The
results indicate that the policy also backfired in the longer run, especially in areas home to
gold mines. For territories with the average number of gold mines, the introduction of Dodd-
Frank increased the incidence of battles with 44%; looting with 51% and violence against civil-
ians with 28%, compared to pre-Dodd Frank averages. Delving deeper into the impact of the
conflict minerals legislation is important, as President Trump suspended the legislation in Feb-
ruary 2017 for a two-year period, ordering his administration to replace it with another policy.','Frustrierendes Ergebnis','2017-10-09','https://doi.org/10.1371/journal.pone.0201783','','2023-08-12 06:56:47.071726','2023-08-12 06:56:47.071783','','Nik Stoop, Marijke Verpoorten, Peter van der Windt','documents/2017/10/more-legislation-more-violence-the-impact-of-dodd-frank-in-the-drc.pdf');
INSERT INTO "knowledgebase_document" VALUES(107,'Guidance for Remediation and Prevention of Migrant Worker Recruitment Fees and Related Costs in Public Procurement','','','','2019-04-01','https://electronicswatch.org/','','2023-08-12 07:07:37.153490','2023-08-12 07:07:37.153555','','','documents/2019/4/guidance-for-remediation-and-prevention-of-migrant-worker-recruitment-f_dM7qSTz.pdf');
INSERT INTO "knowledgebase_document" VALUES(108,'Tools for Social Performance','','','Vage Selbsteinschätzungen, Management-orientiert. Indikatoren eher auf dem Level: Wie gehe ich mit den Arbeitern und der Community um? Aus einer Kolonalisierendenperspektive gedacht.','2022-03-01','https://www.icmm.com/en-gb/guidance/social-performance/2022/tools-for-social-performance','','2023-08-12 07:14:29.965790','2023-08-12 07:14:29.965861','','','documents/2022/3/tools-for-social-performance.pdf');
INSERT INTO "knowledgebase_document" VALUES(109,'Human rights risks in the ICT supply chain','A collection of articles by Make ICT Fair','The electronics industry is one of the largest and fastest growing industries globally. But, a lack of effective regulation of the production
companies and the business practices of the involved brands and contract manufacturers, means that assembly workers’ human rights are
not effectively protected. They are exposed to excessive working hours, poverty wages, forced labour, and dangerous working conditions.
At the same time, ICT sector growth also drives mineral mining expansion. This includes minerals such as gold and copper, which are
used as components in electronic devices like printed circuits, microchips and transformers. The ICT sector consumes an estimated 35%
of global copper production and some 9% of total gold production, with the average smartphone containing 15.12 grams of copper and
0.034 grams of gold. Mineral extraction comes with a broad range of human rights risks, including forced displacement, land grabbing,
environmental destruction, dangerous working conditions and child labour violations.
Chemicals can be found in almost every aspect of the production process of electronic products, including mining, microchips
manufacturing, product assembly to the final inspection of electronics products. Epidemiological studies have shown that many workers
in the electronics industry are exposed to significant health risks such as miscarriages and cervical, breast and ovary cancer. Hazardous
substances, such as N-hexane, benzene and glycol ethers, which are banned in Europe and the US, but still used in Asian factories.
Lastly, the dramatic growth of e-waste, which reached a volume of 45.79 million tons in 2016, has turned into a growing human rights and
environmental concern. Much of the e-waste is dumped in developing countries, where workers are exposed to hazardous substances, and
waste is processed in an environmentally harmful way, which in turn exposes communities to contaminated land, water and air.
This collection of articles brings together mapping, research and advocacy activities that took place as part of Make ICT Fair, an EU-funded
project that aims to improve the lives of workers and those impacted along the various stages of the ICT supply chain. The project includes
research, campaigning, capacity building and advocacy. Several risk-assessment and fact-finding missions into ICT supply chains have thus
far been organised. This document provides only a short synopsis; the more detailed reports of the fact-finding missions are available via the
links in figure 1 or will be published in the near future.','Zusammenfassung mehrerer schon im Rahmen des Make ICT fair Projekts veröffentlichter Studien','2021-01-01','https://www.ed.ac.uk/sustainability/what-we-do/supply-chains/initiatives/make-ict-fair-project/human-rights-risks-in-the-ict-supply-chain','','2023-08-12 07:45:37.983189','2023-08-12 07:47:00.453901','','Jeroen Merk','documents/2021/human-rights-risks-in-the-ict-supply-chain_45IG8zo.pdf');
INSERT INTO "knowledgebase_document" VALUES(110,'Occupational Exposure among Electronic Repair Workers in Ghana','','','','2022-07-11',NULL,'','2023-08-12 07:52:58.430804','2023-08-12 07:52:58.430858','','Stine Eriksen Hammer, Stephen L. Dorn, Emmanuel Dartey, Balázs Berlinger,Yngvar Thomassen, Dag G. Ellingsen','documents/2022/7/occupational-exposure-among-electronic-repair-workers-in-ghana.pdf');
INSERT INTO "knowledgebase_document" VALUES(111,'Two Semiconductor Companies’ Financial Support Compensation (FSC) Programs for Semiconductor Workers with Suspected Work-Related Diseases (WRDs)','','','','2022-07-17',NULL,'','2023-08-12 07:56:17.357966','2023-08-12 07:56:17.358008','','Hyoung-Ryoul Kim, Dong-Uk Park','');
INSERT INTO "knowledgebase_document" VALUES(112,'Aufgeladener Konflikt – der globale Kobalthandel','','','','2018-01-01',NULL,'','2023-08-12 15:57:00.388021','2023-08-12 15:57:00.388086','','','documents/2018/aufgeladener-konflikt-der-globale-kobalthandel.pdf');
INSERT INTO "knowledgebase_document" VALUES(113,'Responsible minerals sourcing for renewable energy','','','','2019-04-17','https://earthworks.org/resources/responsible-minerals-sourcing-for-renewable-energy/','','2023-08-12 16:12:48.922592','2023-08-12 16:12:48.922661','','Elsa Dominish, Sven Teske, Nick Florin','documents/2019/4/responsible-minerals-sourcing-for-renewable-energy.pdf');
INSERT INTO "knowledgebase_document" VALUES(114,'2022 Information and Communications Technology','Benchmark Findings Report','','','2022-01-01','https://knowthechain.org/wp-content/uploads/KTC-2022-ICT-Benchmark-Report.pdf','Da werden natürlich ganz viele Firmen erwähnt und viele Themen','2023-08-12 16:23:36.814971','2023-08-12 16:23:36.815038','','','');
INSERT INTO "knowledgebase_document" VALUES(115,'Lithium extraction in Argentina: a case study on the social and environmental impacts','','','','2018-01-01','https://farn.org.ar/cpt_documentos/lithium-extraction-in-argentina-a-case-study-on-the-social-and-environmental-impacts/','Es gibt genauere Locations, diverse Akteure und konkrete Impacts','2023-08-12 16:34:13.784941','2023-08-12 16:34:13.785060','','Pía Marchegiani, Jasmin Höglund Hellgren, Leandro Gómez','documents/2018/lithium-extraction-in-argentina-a-case-study-on-the-social-and-environmen_Yy27D0h.pdf');
INSERT INTO "knowledgebase_document" VALUES(116,'Lithium in Argentina','Guidelines for Authorities and Companies Who Want to Meet Their Human Rights Obligations','','','2020-01-01',NULL,'Mehr zu Impact und vor allem zu Activity','2023-08-12 16:43:04.097615','2023-08-12 16:43:04.097666','','','documents/2020/lithium-in-argentina.pdf');
INSERT INTO "knowledgebase_document" VALUES(117,'Make ICT Fair Case Studies','','','','2019-10-01',NULL,'','2023-08-12 17:20:13.131728','2023-08-12 17:20:13.131809','','','documents/2019/10/make-ict-fair-case-studies.pdf');
INSERT INTO "knowledgebase_document" VALUES(118,'Monitoring corporate disclosure','Assessing company reporting on mineral supply chain due diligence','','','2022-10-07','https://mneguidelines.oecd.org/monitoringcorporatedisclosure-assessingcompanyreportingonmineralsupplychainduediligence.htm','','2023-08-12 17:35:25.566281','2023-08-12 17:35:25.566381','','','documents/2022/10/monitoring-corporate-disclosure.pdf');
INSERT INTO "knowledgebase_document" VALUES(119,'Oyu Tolgoi Mine , Mongolia','A Raw Deal ICT metal mining case study','','','2021-02-01','https://bankwatch.org/publication/oyu-tolgoi-mine-case-study','','2023-08-12 18:14:03.189798','2023-08-12 18:14:03.189876','','Maya Kalcheva','documents/2021/2/oyu-tolgoi-mine-mongolia.pdf');
INSERT INTO "knowledgebase_document" VALUES(120,'The Electronics Industry in Hungary','','','','2022-11-01','https://electronicswatch.org/regional-risk-assessment-electronics-industry-hungary-november-2022_2615914.pdf','Mehrere Firmen erwähnt','2023-08-12 18:27:55.913323','2023-10-20 15:45:59.105984','','','documents/2022/11/the-electronics-industry-in-hungary.pdf');
INSERT INTO "knowledgebase_document" VALUES(123,'Test','','','','2023-12-30',NULL,'','2023-12-30 18:22:03.548433','2024-03-13 19:30:13.960281','','','documents/2023/12/test.pdf');
CREATE UNIQUE INDEX "auth_group_permissions_group_id_permission_id_0cd325b0_uniq" ON "auth_group_permissions" ("group_id", "permission_id");
CREATE INDEX IF NOT EXISTS "auth_group_permissions_group_id_b120cbf9" ON "auth_group_permissions" ("group_id");
CREATE INDEX IF NOT EXISTS "auth_group_permissions_permission_id_84c5c92e" ON "auth_group_permissions" ("permission_id");
CREATE UNIQUE INDEX "auth_user_groups_user_id_group_id_94350c0c_uniq" ON "auth_user_groups" ("user_id", "group_id");
CREATE INDEX IF NOT EXISTS "auth_user_groups_user_id_6a12ed8b" ON "auth_user_groups" ("user_id");
CREATE INDEX IF NOT EXISTS "auth_user_groups_group_id_97559544" ON "auth_user_groups" ("group_id");
CREATE UNIQUE INDEX "auth_user_user_permissions_user_id_permission_id_14a6b632_uniq" ON "auth_user_user_permissions" ("user_id", "permission_id");
CREATE INDEX IF NOT EXISTS "auth_user_user_permissions_user_id_a95ead1b" ON "auth_user_user_permissions" ("user_id");
CREATE INDEX IF NOT EXISTS "auth_user_user_permissions_permission_id_1fbb5f2c" ON "auth_user_user_permissions" ("permission_id");
CREATE INDEX IF NOT EXISTS "django_admin_log_content_type_id_c4bce8eb" ON "django_admin_log" ("content_type_id");
CREATE INDEX IF NOT EXISTS "django_admin_log_user_id_c564eba6" ON "django_admin_log" ("user_id");
CREATE UNIQUE INDEX "django_content_type_app_label_model_76bd3d3b_uniq" ON "django_content_type" ("app_label", "model");
CREATE UNIQUE INDEX "auth_permission_content_type_id_codename_01ab375a_uniq" ON "auth_permission" ("content_type_id", "codename");
CREATE INDEX IF NOT EXISTS "auth_permission_content_type_id_2f476e4b" ON "auth_permission" ("content_type_id");
CREATE INDEX IF NOT EXISTS "django_session_expire_date_a5c62663" ON "django_session" ("expire_date");
CREATE UNIQUE INDEX "knowledgebase_document_assocs_document_id_actor_id_0dba6674_uniq" ON "knowledgebase_document_assocs" ("document_id", "actor_id");
CREATE INDEX IF NOT EXISTS "knowledgebase_document_assocs_document_id_787a19cd" ON "knowledgebase_document_assocs" ("document_id");
CREATE INDEX IF NOT EXISTS "knowledgebase_document_assocs_actor_id_3ac84104" ON "knowledgebase_document_assocs" ("actor_id");
CREATE UNIQUE INDEX "knowledgebase_topic_products_topic_id_product_id_3f42bd5d_uniq" ON "knowledgebase_topic_products" ("topic_id", "product_id");
CREATE INDEX IF NOT EXISTS "knowledgebase_topic_products_topic_id_f888e9d9" ON "knowledgebase_topic_products" ("topic_id");
CREATE INDEX IF NOT EXISTS "knowledgebase_topic_products_product_id_8629a278" ON "knowledgebase_topic_products" ("product_id");
CREATE UNIQUE INDEX "knowledgebase_topic_locations_topic_id_location_id_f696a750_uniq" ON "knowledgebase_topic_locations" ("topic_id", "location_id");
CREATE INDEX IF NOT EXISTS "knowledgebase_topic_locations_topic_id_6aed79ba" ON "knowledgebase_topic_locations" ("topic_id");
CREATE INDEX IF NOT EXISTS "knowledgebase_topic_locations_location_id_8f9c03b8" ON "knowledgebase_topic_locations" ("location_id");
CREATE UNIQUE INDEX "knowledgebase_topic_activities_topic_id_activity_id_ec4b9f3e_uniq" ON "knowledgebase_topic_activities" ("topic_id", "activity_id");
CREATE INDEX IF NOT EXISTS "knowledgebase_topic_activities_topic_id_9de12ab5" ON "knowledgebase_topic_activities" ("topic_id");
CREATE INDEX IF NOT EXISTS "knowledgebase_topic_activities_activity_id_8baf0b60" ON "knowledgebase_topic_activities" ("activity_id");
CREATE UNIQUE INDEX "knowledgebase_topic_actors_topic_id_actor_id_95b82317_uniq" ON "knowledgebase_topic_actors" ("topic_id", "actor_id");
CREATE INDEX IF NOT EXISTS "knowledgebase_topic_actors_topic_id_8653ede0" ON "knowledgebase_topic_actors" ("topic_id");
CREATE INDEX IF NOT EXISTS "knowledgebase_topic_actors_actor_id_877d062b" ON "knowledgebase_topic_actors" ("actor_id");
CREATE UNIQUE INDEX "knowledgebase_topic_impacts_topic_id_impact_id_c9cfe9f2_uniq" ON "knowledgebase_topic_impacts" ("topic_id", "impact_id");
CREATE INDEX IF NOT EXISTS "knowledgebase_topic_impacts_topic_id_d750e6ab" ON "knowledgebase_topic_impacts" ("topic_id");
CREATE INDEX IF NOT EXISTS "knowledgebase_topic_impacts_impact_id_7b7ca3b9" ON "knowledgebase_topic_impacts" ("impact_id");
CREATE UNIQUE INDEX "knowledgebase_product_members_from_product_id_to_product_id_9a8ccd2c_uniq" ON "knowledgebase_product_members" ("from_product_id", "to_product_id");
CREATE INDEX IF NOT EXISTS "knowledgebase_product_members_from_product_id_c52d0ac5" ON "knowledgebase_product_members" ("from_product_id");
CREATE INDEX IF NOT EXISTS "knowledgebase_product_members_to_product_id_918c8808" ON "knowledgebase_product_members" ("to_product_id");
CREATE UNIQUE INDEX "knowledgebase_location_members_from_location_id_to_location_id_e45db455_uniq" ON "knowledgebase_location_members" ("from_location_id", "to_location_id");
CREATE INDEX IF NOT EXISTS "knowledgebase_location_members_from_location_id_7302ce95" ON "knowledgebase_location_members" ("from_location_id");
CREATE INDEX IF NOT EXISTS "knowledgebase_location_members_to_location_id_6ed01a55" ON "knowledgebase_location_members" ("to_location_id");
CREATE UNIQUE INDEX "knowledgebase_impact_members_from_impact_id_to_impact_id_a4d850d5_uniq" ON "knowledgebase_impact_members" ("from_impact_id", "to_impact_id");
CREATE INDEX IF NOT EXISTS "knowledgebase_impact_members_from_impact_id_105ca189" ON "knowledgebase_impact_members" ("from_impact_id");
CREATE INDEX IF NOT EXISTS "knowledgebase_impact_members_to_impact_id_8b695957" ON "knowledgebase_impact_members" ("to_impact_id");
CREATE UNIQUE INDEX "knowledgebase_activity_members_from_activity_id_to_activity_id_1eff765f_uniq" ON "knowledgebase_activity_members" ("from_activity_id", "to_activity_id");
CREATE INDEX IF NOT EXISTS "knowledgebase_activity_members_from_activity_id_c9a26e2e" ON "knowledgebase_activity_members" ("from_activity_id");
CREATE INDEX IF NOT EXISTS "knowledgebase_activity_members_to_activity_id_579436d7" ON "knowledgebase_activity_members" ("to_activity_id");
CREATE UNIQUE INDEX "knowledgebase_actor_members_from_actor_id_to_actor_id_e7ed223d_uniq" ON "knowledgebase_actor_members" ("from_actor_id", "to_actor_id");
CREATE INDEX IF NOT EXISTS "knowledgebase_actor_members_from_actor_id_f23e9112" ON "knowledgebase_actor_members" ("from_actor_id");
CREATE INDEX IF NOT EXISTS "knowledgebase_actor_members_to_actor_id_0201cd5c" ON "knowledgebase_actor_members" ("to_actor_id");
CREATE INDEX IF NOT EXISTS "rest_framework_api_key_apikey_created_c61872d9" ON "rest_framework_api_key_apikey" ("created");
CREATE INDEX IF NOT EXISTS "knowledgebase_actor_category_id_9ed600e2" ON "knowledgebase_actor" ("category_id");
CREATE INDEX IF NOT EXISTS "knowledgebase_product_category_id_e08a0e2f" ON "knowledgebase_product" ("category_id");
CREATE INDEX IF NOT EXISTS "account_emailconfirmation_email_address_id_5b7f8c58" ON "account_emailconfirmation" ("email_address_id");
CREATE UNIQUE INDEX "account_emailaddress_user_id_email_987c8728_uniq" ON "account_emailaddress" ("user_id", "email");
CREATE UNIQUE INDEX "unique_verified_email" ON "account_emailaddress" ("email") WHERE "verified";
CREATE INDEX IF NOT EXISTS "account_emailaddress_user_id_2c513194" ON "account_emailaddress" ("user_id");
CREATE INDEX IF NOT EXISTS "account_emailaddress_upper" ON "account_emailaddress" ((UPPER("email")));
CREATE UNIQUE INDEX "socialaccount_socialtoken_app_id_account_id_fca4e0ac_uniq" ON "socialaccount_socialtoken" ("app_id", "account_id");
CREATE INDEX IF NOT EXISTS "socialaccount_socialtoken_account_id_951f210e" ON "socialaccount_socialtoken" ("account_id");
CREATE INDEX IF NOT EXISTS "socialaccount_socialtoken_app_id_636a42d7" ON "socialaccount_socialtoken" ("app_id");
CREATE UNIQUE INDEX "socialaccount_socialaccount_provider_uid_fc810c6e_uniq" ON "socialaccount_socialaccount" ("provider", "uid");
CREATE INDEX IF NOT EXISTS "socialaccount_socialaccount_user_id_8146e70c" ON "socialaccount_socialaccount" ("user_id");
CREATE INDEX IF NOT EXISTS "knowledgebase_location_category_id_c7d20c2e" ON "knowledgebase_location" ("category_id");
CREATE INDEX IF NOT EXISTS "knowledgebase_evidence_document_id_c2f41197" ON "knowledgebase_evidence" ("document_id");
CREATE INDEX IF NOT EXISTS "knowledgebase_evidence_topic_id_0486bccd" ON "knowledgebase_evidence" ("topic_id");
CREATE TABLE IF NOT EXISTS "knowledgebase_document_assocs" ("id" integer NOT NULL PRIMARY KEY AUTOINCREMENT, "document_id" bigint NOT NULL REFERENCES "knowledgebase_document" ("id") DEFERRABLE INITIALLY DEFERRED, "actor_id" bigint NOT NULL REFERENCES "knowledgebase_actor" ("id") DEFERRABLE INITIALLY DEFERRED);
INSERT INTO "knowledgebase_document_assocs" VALUES(1,9,17);
INSERT INTO "knowledgebase_document_assocs" VALUES(2,12,20);
INSERT INTO "knowledgebase_document_assocs" VALUES(3,10,18);
INSERT INTO "knowledgebase_document_assocs" VALUES(4,8,16);
INSERT INTO "knowledgebase_document_assocs" VALUES(5,8,14);
INSERT INTO "knowledgebase_document_assocs" VALUES(6,7,11);
INSERT INTO "knowledgebase_document_assocs" VALUES(7,6,9);
INSERT INTO "knowledgebase_document_assocs" VALUES(8,6,10);
INSERT INTO "knowledgebase_document_assocs" VALUES(9,5,8);
INSERT INTO "knowledgebase_document_assocs" VALUES(10,4,3);
INSERT INTO "knowledgebase_document_assocs" VALUES(11,4,6);
INSERT INTO "knowledgebase_document_assocs" VALUES(12,7,12);
INSERT INTO "knowledgebase_document_assocs" VALUES(13,14,25);
INSERT INTO "knowledgebase_document_assocs" VALUES(14,14,26);
INSERT INTO "knowledgebase_document_assocs" VALUES(15,13,28);
INSERT INTO "knowledgebase_document_assocs" VALUES(16,15,16);
INSERT INTO "knowledgebase_document_assocs" VALUES(17,15,29);
INSERT INTO "knowledgebase_document_assocs" VALUES(18,16,30);
INSERT INTO "knowledgebase_document_assocs" VALUES(19,16,31);
INSERT INTO "knowledgebase_document_assocs" VALUES(20,17,32);
INSERT INTO "knowledgebase_document_assocs" VALUES(21,18,36);
INSERT INTO "knowledgebase_document_assocs" VALUES(22,19,37);
INSERT INTO "knowledgebase_document_assocs" VALUES(23,20,39);
INSERT INTO "knowledgebase_document_assocs" VALUES(24,21,40);
INSERT INTO "knowledgebase_document_assocs" VALUES(25,21,9);
INSERT INTO "knowledgebase_document_assocs" VALUES(26,21,10);
INSERT INTO "knowledgebase_document_assocs" VALUES(27,22,43);
INSERT INTO "knowledgebase_document_assocs" VALUES(28,23,44);
INSERT INTO "knowledgebase_document_assocs" VALUES(29,24,20);
INSERT INTO "knowledgebase_document_assocs" VALUES(30,25,20);
INSERT INTO "knowledgebase_document_assocs" VALUES(31,26,48);
INSERT INTO "knowledgebase_document_assocs" VALUES(32,26,49);
INSERT INTO "knowledgebase_document_assocs" VALUES(33,26,50);
INSERT INTO "knowledgebase_document_assocs" VALUES(34,28,48);
INSERT INTO "knowledgebase_document_assocs" VALUES(35,28,49);
INSERT INTO "knowledgebase_document_assocs" VALUES(36,28,50);
INSERT INTO "knowledgebase_document_assocs" VALUES(37,29,52);
INSERT INTO "knowledgebase_document_assocs" VALUES(38,30,52);
INSERT INTO "knowledgebase_document_assocs" VALUES(39,32,53);
INSERT INTO "knowledgebase_document_assocs" VALUES(40,32,54);
INSERT INTO "knowledgebase_document_assocs" VALUES(41,33,18);
INSERT INTO "knowledgebase_document_assocs" VALUES(42,34,55);
INSERT INTO "knowledgebase_document_assocs" VALUES(43,35,48);
INSERT INTO "knowledgebase_document_assocs" VALUES(44,35,57);
INSERT INTO "knowledgebase_document_assocs" VALUES(45,35,58);
INSERT INTO "knowledgebase_document_assocs" VALUES(46,36,59);
INSERT INTO "knowledgebase_document_assocs" VALUES(47,36,60);
INSERT INTO "knowledgebase_document_assocs" VALUES(48,37,61);
INSERT INTO "knowledgebase_document_assocs" VALUES(49,38,64);
INSERT INTO "knowledgebase_document_assocs" VALUES(50,40,66);
INSERT INTO "knowledgebase_document_assocs" VALUES(51,41,68);
INSERT INTO "knowledgebase_document_assocs" VALUES(52,42,68);
INSERT INTO "knowledgebase_document_assocs" VALUES(53,43,70);
INSERT INTO "knowledgebase_document_assocs" VALUES(54,44,71);
INSERT INTO "knowledgebase_document_assocs" VALUES(55,45,72);
INSERT INTO "knowledgebase_document_assocs" VALUES(56,45,73);
INSERT INTO "knowledgebase_document_assocs" VALUES(57,31,52);
INSERT INTO "knowledgebase_document_assocs" VALUES(58,46,85);
INSERT INTO "knowledgebase_document_assocs" VALUES(59,46,86);
INSERT INTO "knowledgebase_document_assocs" VALUES(60,47,88);
INSERT INTO "knowledgebase_document_assocs" VALUES(61,47,87);
INSERT INTO "knowledgebase_document_assocs" VALUES(62,49,89);
INSERT INTO "knowledgebase_document_assocs" VALUES(63,53,90);
INSERT INTO "knowledgebase_document_assocs" VALUES(64,54,91);
INSERT INTO "knowledgebase_document_assocs" VALUES(65,54,52);
INSERT INTO "knowledgebase_document_assocs" VALUES(66,55,64);
INSERT INTO "knowledgebase_document_assocs" VALUES(67,56,95);
INSERT INTO "knowledgebase_document_assocs" VALUES(68,57,96);
INSERT INTO "knowledgebase_document_assocs" VALUES(69,58,96);
INSERT INTO "knowledgebase_document_assocs" VALUES(70,58,18);
INSERT INTO "knowledgebase_document_assocs" VALUES(71,59,18);
INSERT INTO "knowledgebase_document_assocs" VALUES(72,60,60);
INSERT INTO "knowledgebase_document_assocs" VALUES(73,61,60);
INSERT INTO "knowledgebase_document_assocs" VALUES(74,62,99);
INSERT INTO "knowledgebase_document_assocs" VALUES(75,62,19);
INSERT INTO "knowledgebase_document_assocs" VALUES(76,63,100);
INSERT INTO "knowledgebase_document_assocs" VALUES(77,63,101);
INSERT INTO "knowledgebase_document_assocs" VALUES(78,63,102);
INSERT INTO "knowledgebase_document_assocs" VALUES(79,63,103);
INSERT INTO "knowledgebase_document_assocs" VALUES(80,64,104);
INSERT INTO "knowledgebase_document_assocs" VALUES(81,64,105);
INSERT INTO "knowledgebase_document_assocs" VALUES(82,64,106);
INSERT INTO "knowledgebase_document_assocs" VALUES(83,64,107);
INSERT INTO "knowledgebase_document_assocs" VALUES(84,64,108);
INSERT INTO "knowledgebase_document_assocs" VALUES(85,64,109);
INSERT INTO "knowledgebase_document_assocs" VALUES(86,64,110);
INSERT INTO "knowledgebase_document_assocs" VALUES(87,64,111);
INSERT INTO "knowledgebase_document_assocs" VALUES(88,64,112);
INSERT INTO "knowledgebase_document_assocs" VALUES(89,64,113);
INSERT INTO "knowledgebase_document_assocs" VALUES(90,64,114);
INSERT INTO "knowledgebase_document_assocs" VALUES(91,64,20);
INSERT INTO "knowledgebase_document_assocs" VALUES(92,65,115);
INSERT INTO "knowledgebase_document_assocs" VALUES(93,66,116);
INSERT INTO "knowledgebase_document_assocs" VALUES(94,67,117);
INSERT INTO "knowledgebase_document_assocs" VALUES(95,67,118);
INSERT INTO "knowledgebase_document_assocs" VALUES(96,68,99);
INSERT INTO "knowledgebase_document_assocs" VALUES(97,68,19);
INSERT INTO "knowledgebase_document_assocs" VALUES(98,69,120);
INSERT INTO "knowledgebase_document_assocs" VALUES(99,69,121);
INSERT INTO "knowledgebase_document_assocs" VALUES(100,69,119);
INSERT INTO "knowledgebase_document_assocs" VALUES(101,70,122);
INSERT INTO "knowledgebase_document_assocs" VALUES(102,71,123);
INSERT INTO "knowledgebase_document_assocs" VALUES(103,72,125);
INSERT INTO "knowledgebase_document_assocs" VALUES(104,72,126);
INSERT INTO "knowledgebase_document_assocs" VALUES(105,72,127);
INSERT INTO "knowledgebase_document_assocs" VALUES(106,73,128);
INSERT INTO "knowledgebase_document_assocs" VALUES(107,73,129);
INSERT INTO "knowledgebase_document_assocs" VALUES(108,73,130);
INSERT INTO "knowledgebase_document_assocs" VALUES(109,74,129);
INSERT INTO "knowledgebase_document_assocs" VALUES(110,74,130);
INSERT INTO "knowledgebase_document_assocs" VALUES(111,74,117);
INSERT INTO "knowledgebase_document_assocs" VALUES(112,75,129);
INSERT INTO "knowledgebase_document_assocs" VALUES(113,75,131);
INSERT INTO "knowledgebase_document_assocs" VALUES(114,75,132);
INSERT INTO "knowledgebase_document_assocs" VALUES(115,75,133);
INSERT INTO "knowledgebase_document_assocs" VALUES(116,77,136);
INSERT INTO "knowledgebase_document_assocs" VALUES(117,78,136);
INSERT INTO "knowledgebase_document_assocs" VALUES(118,78,137);
INSERT INTO "knowledgebase_document_assocs" VALUES(119,79,125);
INSERT INTO "knowledgebase_document_assocs" VALUES(120,80,149);
INSERT INTO "knowledgebase_document_assocs" VALUES(121,81,149);
INSERT INTO "knowledgebase_document_assocs" VALUES(122,82,152);
INSERT INTO "knowledgebase_document_assocs" VALUES(123,82,151);
INSERT INTO "knowledgebase_document_assocs" VALUES(124,84,60);
INSERT INTO "knowledgebase_document_assocs" VALUES(125,85,155);
INSERT INTO "knowledgebase_document_assocs" VALUES(126,86,156);
INSERT INTO "knowledgebase_document_assocs" VALUES(127,87,158);
INSERT INTO "knowledgebase_document_assocs" VALUES(128,88,15);
INSERT INTO "knowledgebase_document_assocs" VALUES(129,89,52);
INSERT INTO "knowledgebase_document_assocs" VALUES(130,89,159);
INSERT INTO "knowledgebase_document_assocs" VALUES(131,91,18);
INSERT INTO "knowledgebase_document_assocs" VALUES(132,92,161);
INSERT INTO "knowledgebase_document_assocs" VALUES(133,92,162);
INSERT INTO "knowledgebase_document_assocs" VALUES(134,93,163);
INSERT INTO "knowledgebase_document_assocs" VALUES(135,95,165);
INSERT INTO "knowledgebase_document_assocs" VALUES(136,95,166);
INSERT INTO "knowledgebase_document_assocs" VALUES(137,96,168);
INSERT INTO "knowledgebase_document_assocs" VALUES(138,96,167);
INSERT INTO "knowledgebase_document_assocs" VALUES(139,97,68);
INSERT INTO "knowledgebase_document_assocs" VALUES(140,98,19);
INSERT INTO "knowledgebase_document_assocs" VALUES(141,99,170);
INSERT INTO "knowledgebase_document_assocs" VALUES(142,100,171);
INSERT INTO "knowledgebase_document_assocs" VALUES(143,101,172);
INSERT INTO "knowledgebase_document_assocs" VALUES(144,102,173);
INSERT INTO "knowledgebase_document_assocs" VALUES(145,103,174);
INSERT INTO "knowledgebase_document_assocs" VALUES(146,103,175);
INSERT INTO "knowledgebase_document_assocs" VALUES(147,104,48);
INSERT INTO "knowledgebase_document_assocs" VALUES(148,105,176);
INSERT INTO "knowledgebase_document_assocs" VALUES(149,105,177);
INSERT INTO "knowledgebase_document_assocs" VALUES(150,105,178);
INSERT INTO "knowledgebase_document_assocs" VALUES(151,107,90);
INSERT INTO "knowledgebase_document_assocs" VALUES(152,108,180);
INSERT INTO "knowledgebase_document_assocs" VALUES(153,109,5);
INSERT INTO "knowledgebase_document_assocs" VALUES(154,112,96);
INSERT INTO "knowledgebase_document_assocs" VALUES(155,113,183);
INSERT INTO "knowledgebase_document_assocs" VALUES(156,114,99);
INSERT INTO "knowledgebase_document_assocs" VALUES(157,115,184);
INSERT INTO "knowledgebase_document_assocs" VALUES(158,116,96);
INSERT INTO "knowledgebase_document_assocs" VALUES(159,117,5);
INSERT INTO "knowledgebase_document_assocs" VALUES(160,118,39);
INSERT INTO "knowledgebase_document_assocs" VALUES(161,119,186);
INSERT INTO "knowledgebase_document_assocs" VALUES(162,119,187);
INSERT INTO "knowledgebase_document_assocs" VALUES(163,120,90);
INSERT INTO "knowledgebase_document_assocs" VALUES(164,120,190);
CREATE UNIQUE INDEX "auth_group_permissions_group_id_permission_id_0cd325b0_uniq" ON "auth_group_permissions" ("group_id", "permission_id");
CREATE INDEX IF NOT EXISTS "auth_group_permissions_group_id_b120cbf9" ON "auth_group_permissions" ("group_id");
CREATE INDEX IF NOT EXISTS "auth_group_permissions_permission_id_84c5c92e" ON "auth_group_permissions" ("permission_id");
CREATE UNIQUE INDEX "auth_user_groups_user_id_group_id_94350c0c_uniq" ON "auth_user_groups" ("user_id", "group_id");
CREATE INDEX IF NOT EXISTS "auth_user_groups_user_id_6a12ed8b" ON "auth_user_groups" ("user_id");
CREATE INDEX IF NOT EXISTS "auth_user_groups_group_id_97559544" ON "auth_user_groups" ("group_id");
CREATE UNIQUE INDEX "auth_user_user_permissions_user_id_permission_id_14a6b632_uniq" ON "auth_user_user_permissions" ("user_id", "permission_id");
CREATE INDEX IF NOT EXISTS "auth_user_user_permissions_user_id_a95ead1b" ON "auth_user_user_permissions" ("user_id");
CREATE INDEX IF NOT EXISTS "auth_user_user_permissions_permission_id_1fbb5f2c" ON "auth_user_user_permissions" ("permission_id");
CREATE INDEX IF NOT EXISTS "django_admin_log_content_type_id_c4bce8eb" ON "django_admin_log" ("content_type_id");
CREATE INDEX IF NOT EXISTS "django_admin_log_user_id_c564eba6" ON "django_admin_log" ("user_id");
CREATE UNIQUE INDEX "django_content_type_app_label_model_76bd3d3b_uniq" ON "django_content_type" ("app_label", "model");
CREATE UNIQUE INDEX "auth_permission_content_type_id_codename_01ab375a_uniq" ON "auth_permission" ("content_type_id", "codename");
CREATE INDEX IF NOT EXISTS "auth_permission_content_type_id_2f476e4b" ON "auth_permission" ("content_type_id");
CREATE INDEX IF NOT EXISTS "django_session_expire_date_a5c62663" ON "django_session" ("expire_date");
CREATE UNIQUE INDEX "knowledgebase_document_assocs_document_id_actor_id_0dba6674_uniq" ON "knowledgebase_document_assocs" ("document_id", "actor_id");
CREATE INDEX IF NOT EXISTS "knowledgebase_document_assocs_document_id_787a19cd" ON "knowledgebase_document_assocs" ("document_id");
CREATE INDEX IF NOT EXISTS "knowledgebase_document_assocs_actor_id_3ac84104" ON "knowledgebase_document_assocs" ("actor_id");
CREATE UNIQUE INDEX "knowledgebase_topic_products_topic_id_product_id_3f42bd5d_uniq" ON "knowledgebase_topic_products" ("topic_id", "product_id");
CREATE INDEX IF NOT EXISTS "knowledgebase_topic_products_topic_id_f888e9d9" ON "knowledgebase_topic_products" ("topic_id");
CREATE INDEX IF NOT EXISTS "knowledgebase_topic_products_product_id_8629a278" ON "knowledgebase_topic_products" ("product_id");
CREATE UNIQUE INDEX "knowledgebase_topic_locations_topic_id_location_id_f696a750_uniq" ON "knowledgebase_topic_locations" ("topic_id", "location_id");
CREATE INDEX IF NOT EXISTS "knowledgebase_topic_locations_topic_id_6aed79ba" ON "knowledgebase_topic_locations" ("topic_id");
CREATE INDEX IF NOT EXISTS "knowledgebase_topic_locations_location_id_8f9c03b8" ON "knowledgebase_topic_locations" ("location_id");
CREATE UNIQUE INDEX "knowledgebase_topic_activities_topic_id_activity_id_ec4b9f3e_uniq" ON "knowledgebase_topic_activities" ("topic_id", "activity_id");
CREATE INDEX IF NOT EXISTS "knowledgebase_topic_activities_topic_id_9de12ab5" ON "knowledgebase_topic_activities" ("topic_id");
CREATE INDEX IF NOT EXISTS "knowledgebase_topic_activities_activity_id_8baf0b60" ON "knowledgebase_topic_activities" ("activity_id");
CREATE UNIQUE INDEX "knowledgebase_topic_actors_topic_id_actor_id_95b82317_uniq" ON "knowledgebase_topic_actors" ("topic_id", "actor_id");
CREATE INDEX IF NOT EXISTS "knowledgebase_topic_actors_topic_id_8653ede0" ON "knowledgebase_topic_actors" ("topic_id");
CREATE INDEX IF NOT EXISTS "knowledgebase_topic_actors_actor_id_877d062b" ON "knowledgebase_topic_actors" ("actor_id");
CREATE UNIQUE INDEX "knowledgebase_topic_impacts_topic_id_impact_id_c9cfe9f2_uniq" ON "knowledgebase_topic_impacts" ("topic_id", "impact_id");
CREATE INDEX IF NOT EXISTS "knowledgebase_topic_impacts_topic_id_d750e6ab" ON "knowledgebase_topic_impacts" ("topic_id");
CREATE INDEX IF NOT EXISTS "knowledgebase_topic_impacts_impact_id_7b7ca3b9" ON "knowledgebase_topic_impacts" ("impact_id");
CREATE UNIQUE INDEX "knowledgebase_product_members_from_product_id_to_product_id_9a8ccd2c_uniq" ON "knowledgebase_product_members" ("from_product_id", "to_product_id");
CREATE INDEX IF NOT EXISTS "knowledgebase_product_members_from_product_id_c52d0ac5" ON "knowledgebase_product_members" ("from_product_id");
CREATE INDEX IF NOT EXISTS "knowledgebase_product_members_to_product_id_918c8808" ON "knowledgebase_product_members" ("to_product_id");
CREATE UNIQUE INDEX "knowledgebase_location_members_from_location_id_to_location_id_e45db455_uniq" ON "knowledgebase_location_members" ("from_location_id", "to_location_id");
CREATE INDEX IF NOT EXISTS "knowledgebase_location_members_from_location_id_7302ce95" ON "knowledgebase_location_members" ("from_location_id");
CREATE INDEX IF NOT EXISTS "knowledgebase_location_members_to_location_id_6ed01a55" ON "knowledgebase_location_members" ("to_location_id");
CREATE UNIQUE INDEX "knowledgebase_impact_members_from_impact_id_to_impact_id_a4d850d5_uniq" ON "knowledgebase_impact_members" ("from_impact_id", "to_impact_id");
CREATE INDEX IF NOT EXISTS "knowledgebase_impact_members_from_impact_id_105ca189" ON "knowledgebase_impact_members" ("from_impact_id");
CREATE INDEX IF NOT EXISTS "knowledgebase_impact_members_to_impact_id_8b695957" ON "knowledgebase_impact_members" ("to_impact_id");
CREATE UNIQUE INDEX "knowledgebase_activity_members_from_activity_id_to_activity_id_1eff765f_uniq" ON "knowledgebase_activity_members" ("from_activity_id", "to_activity_id");
CREATE INDEX IF NOT EXISTS "knowledgebase_activity_members_from_activity_id_c9a26e2e" ON "knowledgebase_activity_members" ("from_activity_id");
CREATE INDEX IF NOT EXISTS "knowledgebase_activity_members_to_activity_id_579436d7" ON "knowledgebase_activity_members" ("to_activity_id");
CREATE UNIQUE INDEX "knowledgebase_actor_members_from_actor_id_to_actor_id_e7ed223d_uniq" ON "knowledgebase_actor_members" ("from_actor_id", "to_actor_id");
CREATE INDEX IF NOT EXISTS "knowledgebase_actor_members_from_actor_id_f23e9112" ON "knowledgebase_actor_members" ("from_actor_id");
CREATE INDEX IF NOT EXISTS "knowledgebase_actor_members_to_actor_id_0201cd5c" ON "knowledgebase_actor_members" ("to_actor_id");
CREATE INDEX IF NOT EXISTS "rest_framework_api_key_apikey_created_c61872d9" ON "rest_framework_api_key_apikey" ("created");
CREATE INDEX IF NOT EXISTS "knowledgebase_actor_category_id_9ed600e2" ON "knowledgebase_actor" ("category_id");
CREATE INDEX IF NOT EXISTS "knowledgebase_product_category_id_e08a0e2f" ON "knowledgebase_product" ("category_id");
CREATE INDEX IF NOT EXISTS "account_emailconfirmation_email_address_id_5b7f8c58" ON "account_emailconfirmation" ("email_address_id");
CREATE UNIQUE INDEX "account_emailaddress_user_id_email_987c8728_uniq" ON "account_emailaddress" ("user_id", "email");
CREATE UNIQUE INDEX "unique_verified_email" ON "account_emailaddress" ("email") WHERE "verified";
CREATE INDEX IF NOT EXISTS "account_emailaddress_user_id_2c513194" ON "account_emailaddress" ("user_id");
CREATE INDEX IF NOT EXISTS "account_emailaddress_upper" ON "account_emailaddress" ((UPPER("email")));
CREATE UNIQUE INDEX "socialaccount_socialtoken_app_id_account_id_fca4e0ac_uniq" ON "socialaccount_socialtoken" ("app_id", "account_id");
CREATE INDEX IF NOT EXISTS "socialaccount_socialtoken_account_id_951f210e" ON "socialaccount_socialtoken" ("account_id");
CREATE INDEX IF NOT EXISTS "socialaccount_socialtoken_app_id_636a42d7" ON "socialaccount_socialtoken" ("app_id");
CREATE UNIQUE INDEX "socialaccount_socialaccount_provider_uid_fc810c6e_uniq" ON "socialaccount_socialaccount" ("provider", "uid");
CREATE INDEX IF NOT EXISTS "socialaccount_socialaccount_user_id_8146e70c" ON "socialaccount_socialaccount" ("user_id");
CREATE INDEX IF NOT EXISTS "knowledgebase_location_category_id_c7d20c2e" ON "knowledgebase_location" ("category_id");
CREATE INDEX IF NOT EXISTS "knowledgebase_evidence_document_id_c2f41197" ON "knowledgebase_evidence" ("document_id");
CREATE INDEX IF NOT EXISTS "knowledgebase_evidence_topic_id_0486bccd" ON "knowledgebase_evidence" ("topic_id");
CREATE TABLE IF NOT EXISTS "knowledgebase_evidence" ("id" integer NOT NULL PRIMARY KEY AUTOINCREMENT, "document_id" bigint NOT NULL REFERENCES "knowledgebase_document" ("id") DEFERRABLE INITIALLY DEFERRED, "topic_id" bigint NOT NULL REFERENCES "knowledgebase_topic" ("id") DEFERRABLE INITIALLY DEFERRED, "reference" varchar(20) NOT NULL, "relevance" integer NOT NULL);
INSERT INTO "knowledgebase_evidence" VALUES(1,4,1,'Ch. 2',2);
INSERT INTO "knowledgebase_evidence" VALUES(2,4,2,'Ch. 1',5);
INSERT INTO "knowledgebase_evidence" VALUES(3,4,3,'Ch. 2',2);
INSERT INTO "knowledgebase_evidence" VALUES(4,5,4,'',2);
INSERT INTO "knowledgebase_evidence" VALUES(5,6,5,'',2);
INSERT INTO "knowledgebase_evidence" VALUES(6,7,7,'',5);
INSERT INTO "knowledgebase_evidence" VALUES(7,7,8,'',5);
INSERT INTO "knowledgebase_evidence" VALUES(8,8,9,'',8);
INSERT INTO "knowledgebase_evidence" VALUES(9,9,10,'',2);
INSERT INTO "knowledgebase_evidence" VALUES(14,12,15,'',2);
INSERT INTO "knowledgebase_evidence" VALUES(15,12,16,'',2);
INSERT INTO "knowledgebase_evidence" VALUES(16,13,17,'',5);
INSERT INTO "knowledgebase_evidence" VALUES(20,10,19,'',2);
INSERT INTO "knowledgebase_evidence" VALUES(21,14,20,'',2);
INSERT INTO "knowledgebase_evidence" VALUES(22,15,21,'',5);
INSERT INTO "knowledgebase_evidence" VALUES(23,16,22,'',5);
INSERT INTO "knowledgebase_evidence" VALUES(24,17,23,'',2);
INSERT INTO "knowledgebase_evidence" VALUES(25,17,24,'',2);
INSERT INTO "knowledgebase_evidence" VALUES(26,17,25,'',5);
INSERT INTO "knowledgebase_evidence" VALUES(27,17,26,'',2);
INSERT INTO "knowledgebase_evidence" VALUES(28,18,27,'',5);
INSERT INTO "knowledgebase_evidence" VALUES(29,18,28,'',8);
INSERT INTO "knowledgebase_evidence" VALUES(30,18,30,'',8);
INSERT INTO "knowledgebase_evidence" VALUES(31,18,31,'',8);
INSERT INTO "knowledgebase_evidence" VALUES(32,19,33,'',8);
INSERT INTO "knowledgebase_evidence" VALUES(33,19,35,'',8);
INSERT INTO "knowledgebase_evidence" VALUES(34,19,36,'',5);
INSERT INTO "knowledgebase_evidence" VALUES(35,20,37,'',2);
INSERT INTO "knowledgebase_evidence" VALUES(36,21,40,'',5);
INSERT INTO "knowledgebase_evidence" VALUES(37,21,41,'',5);
INSERT INTO "knowledgebase_evidence" VALUES(38,21,38,'',5);
INSERT INTO "knowledgebase_evidence" VALUES(39,22,42,'',2);
INSERT INTO "knowledgebase_evidence" VALUES(40,23,43,'',2);
INSERT INTO "knowledgebase_evidence" VALUES(41,23,44,'',5);
INSERT INTO "knowledgebase_evidence" VALUES(42,24,45,'',2);
INSERT INTO "knowledgebase_evidence" VALUES(43,24,46,'',5);
INSERT INTO "knowledgebase_evidence" VALUES(44,24,47,'',2);
INSERT INTO "knowledgebase_evidence" VALUES(45,24,48,'',5);
INSERT INTO "knowledgebase_evidence" VALUES(46,25,15,'',5);
INSERT INTO "knowledgebase_evidence" VALUES(47,25,48,'',2);
INSERT INTO "knowledgebase_evidence" VALUES(48,26,49,'',2);
INSERT INTO "knowledgebase_evidence" VALUES(49,27,43,'',5);
INSERT INTO "knowledgebase_evidence" VALUES(50,28,50,'',2);
INSERT INTO "knowledgebase_evidence" VALUES(51,29,52,'',5);
INSERT INTO "knowledgebase_evidence" VALUES(52,29,53,'',2);
INSERT INTO "knowledgebase_evidence" VALUES(53,29,54,'',5);
INSERT INTO "knowledgebase_evidence" VALUES(54,29,55,'',5);
INSERT INTO "knowledgebase_evidence" VALUES(55,30,56,'',5);
INSERT INTO "knowledgebase_evidence" VALUES(56,31,56,'',8);
INSERT INTO "knowledgebase_evidence" VALUES(57,32,57,'',2);
INSERT INTO "knowledgebase_evidence" VALUES(58,32,58,'',2);
INSERT INTO "knowledgebase_evidence" VALUES(59,32,59,'',2);
INSERT INTO "knowledgebase_evidence" VALUES(60,33,60,'',2);
INSERT INTO "knowledgebase_evidence" VALUES(61,34,61,'',5);
INSERT INTO "knowledgebase_evidence" VALUES(62,34,63,'',5);
INSERT INTO "knowledgebase_evidence" VALUES(63,34,64,'',5);
INSERT INTO "knowledgebase_evidence" VALUES(64,34,65,'',2);
INSERT INTO "knowledgebase_evidence" VALUES(65,34,66,'',2);
INSERT INTO "knowledgebase_evidence" VALUES(66,35,67,'',2);
INSERT INTO "knowledgebase_evidence" VALUES(67,36,69,'',8);
INSERT INTO "knowledgebase_evidence" VALUES(68,36,70,'',8);
INSERT INTO "knowledgebase_evidence" VALUES(69,36,71,'',2);
INSERT INTO "knowledgebase_evidence" VALUES(70,36,72,'',2);
INSERT INTO "knowledgebase_evidence" VALUES(71,37,73,'',5);
INSERT INTO "knowledgebase_evidence" VALUES(72,37,74,'',5);
INSERT INTO "knowledgebase_evidence" VALUES(73,38,75,'',8);
INSERT INTO "knowledgebase_evidence" VALUES(74,38,76,'',5);
INSERT INTO "knowledgebase_evidence" VALUES(75,39,77,'',5);
INSERT INTO "knowledgebase_evidence" VALUES(76,40,78,'',2);
INSERT INTO "knowledgebase_evidence" VALUES(77,40,79,'',2);
INSERT INTO "knowledgebase_evidence" VALUES(78,40,80,'',5);
INSERT INTO "knowledgebase_evidence" VALUES(79,41,81,'',2);
INSERT INTO "knowledgebase_evidence" VALUES(80,42,81,'',8);
INSERT INTO "knowledgebase_evidence" VALUES(81,43,82,'',5);
INSERT INTO "knowledgebase_evidence" VALUES(82,44,83,'',2);
INSERT INTO "knowledgebase_evidence" VALUES(83,45,84,'',2);
INSERT INTO "knowledgebase_evidence" VALUES(84,45,85,'',2);
INSERT INTO "knowledgebase_evidence" VALUES(85,45,86,'',2);
INSERT INTO "knowledgebase_evidence" VALUES(86,45,87,'',2);
INSERT INTO "knowledgebase_evidence" VALUES(87,45,88,'',2);
INSERT INTO "knowledgebase_evidence" VALUES(88,46,89,'',2);
INSERT INTO "knowledgebase_evidence" VALUES(89,47,90,'',5);
INSERT INTO "knowledgebase_evidence" VALUES(90,47,91,'',8);
INSERT INTO "knowledgebase_evidence" VALUES(91,47,92,'',2);
INSERT INTO "knowledgebase_evidence" VALUES(92,48,93,'',2);
INSERT INTO "knowledgebase_evidence" VALUES(93,49,94,'',2);
INSERT INTO "knowledgebase_evidence" VALUES(94,50,95,'',5);
INSERT INTO "knowledgebase_evidence" VALUES(95,51,96,'',5);
INSERT INTO "knowledgebase_evidence" VALUES(96,51,97,'',5);
INSERT INTO "knowledgebase_evidence" VALUES(97,52,98,'',5);
INSERT INTO "knowledgebase_evidence" VALUES(98,53,99,'',2);
INSERT INTO "knowledgebase_evidence" VALUES(99,54,100,'',2);
INSERT INTO "knowledgebase_evidence" VALUES(100,55,101,'',5);
INSERT INTO "knowledgebase_evidence" VALUES(101,55,102,'',5);
INSERT INTO "knowledgebase_evidence" VALUES(102,55,103,'',5);
INSERT INTO "knowledgebase_evidence" VALUES(103,56,104,'',8);
INSERT INTO "knowledgebase_evidence" VALUES(104,57,105,'',5);
INSERT INTO "knowledgebase_evidence" VALUES(105,58,106,'',2);
INSERT INTO "knowledgebase_evidence" VALUES(106,59,107,'',2);
INSERT INTO "knowledgebase_evidence" VALUES(107,60,108,'',8);
INSERT INTO "knowledgebase_evidence" VALUES(108,61,109,'',5);
INSERT INTO "knowledgebase_evidence" VALUES(109,62,110,'',5);
INSERT INTO "knowledgebase_evidence" VALUES(110,63,111,'',5);
INSERT INTO "knowledgebase_evidence" VALUES(111,63,112,'',5);
INSERT INTO "knowledgebase_evidence" VALUES(112,64,113,'',5);
INSERT INTO "knowledgebase_evidence" VALUES(113,64,114,'',8);
INSERT INTO "knowledgebase_evidence" VALUES(114,65,115,'',8);
INSERT INTO "knowledgebase_evidence" VALUES(115,66,116,'',2);
INSERT INTO "knowledgebase_evidence" VALUES(116,66,117,'',2);
INSERT INTO "knowledgebase_evidence" VALUES(117,66,118,'',5);
INSERT INTO "knowledgebase_evidence" VALUES(118,66,119,'',5);
INSERT INTO "knowledgebase_evidence" VALUES(119,66,120,'',5);
INSERT INTO "knowledgebase_evidence" VALUES(120,66,121,'',5);
INSERT INTO "knowledgebase_evidence" VALUES(121,67,122,'',8);
INSERT INTO "knowledgebase_evidence" VALUES(122,68,123,'',5);
INSERT INTO "knowledgebase_evidence" VALUES(123,69,124,'',5);
INSERT INTO "knowledgebase_evidence" VALUES(124,70,125,'',5);
INSERT INTO "knowledgebase_evidence" VALUES(125,71,126,'',2);
INSERT INTO "knowledgebase_evidence" VALUES(126,71,127,'',5);
INSERT INTO "knowledgebase_evidence" VALUES(127,72,128,'',2);
INSERT INTO "knowledgebase_evidence" VALUES(128,73,129,'',8);
INSERT INTO "knowledgebase_evidence" VALUES(129,74,130,'',2);
INSERT INTO "knowledgebase_evidence" VALUES(130,75,131,'',2);
INSERT INTO "knowledgebase_evidence" VALUES(131,76,132,'',2);
INSERT INTO "knowledgebase_evidence" VALUES(132,77,133,'',2);
INSERT INTO "knowledgebase_evidence" VALUES(133,78,134,'',2);
INSERT INTO "knowledgebase_evidence" VALUES(134,79,135,'',2);
INSERT INTO "knowledgebase_evidence" VALUES(135,79,136,'',2);
INSERT INTO "knowledgebase_evidence" VALUES(136,79,137,'',5);
INSERT INTO "knowledgebase_evidence" VALUES(137,80,138,'',5);
INSERT INTO "knowledgebase_evidence" VALUES(138,81,139,'',5);
INSERT INTO "knowledgebase_evidence" VALUES(139,82,140,'',5);
INSERT INTO "knowledgebase_evidence" VALUES(140,83,141,'',2);
INSERT INTO "knowledgebase_evidence" VALUES(141,84,142,'',8);
INSERT INTO "knowledgebase_evidence" VALUES(142,85,143,'',5);
INSERT INTO "knowledgebase_evidence" VALUES(143,85,144,'',5);
INSERT INTO "knowledgebase_evidence" VALUES(144,86,145,'',5);
INSERT INTO "knowledgebase_evidence" VALUES(145,87,146,'',5);
INSERT INTO "knowledgebase_evidence" VALUES(146,88,147,'',2);
INSERT INTO "knowledgebase_evidence" VALUES(147,89,148,'',2);
INSERT INTO "knowledgebase_evidence" VALUES(148,90,149,'',8);
INSERT INTO "knowledgebase_evidence" VALUES(149,91,150,'',2);
INSERT INTO "knowledgebase_evidence" VALUES(150,92,151,'',2);
INSERT INTO "knowledgebase_evidence" VALUES(151,93,152,'',5);
INSERT INTO "knowledgebase_evidence" VALUES(152,94,153,'',5);
INSERT INTO "knowledgebase_evidence" VALUES(153,95,154,'',2);
INSERT INTO "knowledgebase_evidence" VALUES(154,96,155,'',5);
INSERT INTO "knowledgebase_evidence" VALUES(155,97,156,'',8);
INSERT INTO "knowledgebase_evidence" VALUES(156,97,157,'',8);
INSERT INTO "knowledgebase_evidence" VALUES(157,97,158,'',8);
INSERT INTO "knowledgebase_evidence" VALUES(158,97,159,'',8);
INSERT INTO "knowledgebase_evidence" VALUES(159,97,160,'',8);
INSERT INTO "knowledgebase_evidence" VALUES(160,98,161,'',2);
INSERT INTO "knowledgebase_evidence" VALUES(161,99,162,'',2);
INSERT INTO "knowledgebase_evidence" VALUES(162,100,163,'',2);
INSERT INTO "knowledgebase_evidence" VALUES(163,101,164,'',2);
INSERT INTO "knowledgebase_evidence" VALUES(164,102,165,'',5);
INSERT INTO "knowledgebase_evidence" VALUES(165,103,166,'',5);
INSERT INTO "knowledgebase_evidence" VALUES(166,104,167,'',2);
INSERT INTO "knowledgebase_evidence" VALUES(167,104,168,'',2);
INSERT INTO "knowledgebase_evidence" VALUES(168,105,169,'Ch. 1',5);
INSERT INTO "knowledgebase_evidence" VALUES(169,105,170,'',2);
INSERT INTO "knowledgebase_evidence" VALUES(170,105,171,'',5);
INSERT INTO "knowledgebase_evidence" VALUES(171,106,172,'',2);
INSERT INTO "knowledgebase_evidence" VALUES(172,107,173,'',2);
INSERT INTO "knowledgebase_evidence" VALUES(173,108,174,'',8);
INSERT INTO "knowledgebase_evidence" VALUES(174,109,175,'Ch. 1',5);
INSERT INTO "knowledgebase_evidence" VALUES(175,109,176,'Ch. 2',5);
INSERT INTO "knowledgebase_evidence" VALUES(176,109,177,'Ch. 3',5);
INSERT INTO "knowledgebase_evidence" VALUES(177,109,178,'Ch. 4',5);
INSERT INTO "knowledgebase_evidence" VALUES(178,109,179,'Ch. 5',5);
INSERT INTO "knowledgebase_evidence" VALUES(179,109,180,'Ch. 6',5);
INSERT INTO "knowledgebase_evidence" VALUES(180,109,181,'Ch. 7',8);
INSERT INTO "knowledgebase_evidence" VALUES(181,109,182,'Ch. 8',8);
INSERT INTO "knowledgebase_evidence" VALUES(182,109,183,'Ch. 9',5);
INSERT INTO "knowledgebase_evidence" VALUES(183,109,184,'Ch. 10',8);
INSERT INTO "knowledgebase_evidence" VALUES(184,110,185,'',5);
INSERT INTO "knowledgebase_evidence" VALUES(185,111,186,'',5);
INSERT INTO "knowledgebase_evidence" VALUES(186,112,187,'',8);
INSERT INTO "knowledgebase_evidence" VALUES(187,113,188,'',5);
INSERT INTO "knowledgebase_evidence" VALUES(188,113,189,'',8);
INSERT INTO "knowledgebase_evidence" VALUES(189,114,190,'',2);
INSERT INTO "knowledgebase_evidence" VALUES(190,115,191,'',2);
INSERT INTO "knowledgebase_evidence" VALUES(191,116,192,'',2);
INSERT INTO "knowledgebase_evidence" VALUES(192,117,193,'',8);
INSERT INTO "knowledgebase_evidence" VALUES(193,117,194,'',8);
INSERT INTO "knowledgebase_evidence" VALUES(194,117,195,'',8);
INSERT INTO "knowledgebase_evidence" VALUES(195,117,196,'',8);
INSERT INTO "knowledgebase_evidence" VALUES(196,117,197,'',8);
INSERT INTO "knowledgebase_evidence" VALUES(197,118,198,'',2);
INSERT INTO "knowledgebase_evidence" VALUES(198,119,199,'',2);
INSERT INTO "knowledgebase_evidence" VALUES(199,120,200,'',2);
CREATE UNIQUE INDEX "auth_group_permissions_group_id_permission_id_0cd325b0_uniq" ON "auth_group_permissions" ("group_id", "permission_id");
CREATE INDEX IF NOT EXISTS "auth_group_permissions_group_id_b120cbf9" ON "auth_group_permissions" ("group_id");
CREATE INDEX IF NOT EXISTS "auth_group_permissions_permission_id_84c5c92e" ON "auth_group_permissions" ("permission_id");
CREATE UNIQUE INDEX "auth_user_groups_user_id_group_id_94350c0c_uniq" ON "auth_user_groups" ("user_id", "group_id");
CREATE INDEX IF NOT EXISTS "auth_user_groups_user_id_6a12ed8b" ON "auth_user_groups" ("user_id");
CREATE INDEX IF NOT EXISTS "auth_user_groups_group_id_97559544" ON "auth_user_groups" ("group_id");
CREATE UNIQUE INDEX "auth_user_user_permissions_user_id_permission_id_14a6b632_uniq" ON "auth_user_user_permissions" ("user_id", "permission_id");
CREATE INDEX IF NOT EXISTS "auth_user_user_permissions_user_id_a95ead1b" ON "auth_user_user_permissions" ("user_id");
CREATE INDEX IF NOT EXISTS "auth_user_user_permissions_permission_id_1fbb5f2c" ON "auth_user_user_permissions" ("permission_id");
CREATE INDEX IF NOT EXISTS "django_admin_log_content_type_id_c4bce8eb" ON "django_admin_log" ("content_type_id");
CREATE INDEX IF NOT EXISTS "django_admin_log_user_id_c564eba6" ON "django_admin_log" ("user_id");
CREATE UNIQUE INDEX "django_content_type_app_label_model_76bd3d3b_uniq" ON "django_content_type" ("app_label", "model");
CREATE UNIQUE INDEX "auth_permission_content_type_id_codename_01ab375a_uniq" ON "auth_permission" ("content_type_id", "codename");
CREATE INDEX IF NOT EXISTS "auth_permission_content_type_id_2f476e4b" ON "auth_permission" ("content_type_id");
CREATE INDEX IF NOT EXISTS "django_session_expire_date_a5c62663" ON "django_session" ("expire_date");
CREATE UNIQUE INDEX "knowledgebase_document_assocs_document_id_actor_id_0dba6674_uniq" ON "knowledgebase_document_assocs" ("document_id", "actor_id");
CREATE INDEX IF NOT EXISTS "knowledgebase_document_assocs_document_id_787a19cd" ON "knowledgebase_document_assocs" ("document_id");
CREATE INDEX IF NOT EXISTS "knowledgebase_document_assocs_actor_id_3ac84104" ON "knowledgebase_document_assocs" ("actor_id");
CREATE UNIQUE INDEX "knowledgebase_topic_products_topic_id_product_id_3f42bd5d_uniq" ON "knowledgebase_topic_products" ("topic_id", "product_id");
CREATE INDEX IF NOT EXISTS "knowledgebase_topic_products_topic_id_f888e9d9" ON "knowledgebase_topic_products" ("topic_id");
CREATE INDEX IF NOT EXISTS "knowledgebase_topic_products_product_id_8629a278" ON "knowledgebase_topic_products" ("product_id");
CREATE UNIQUE INDEX "knowledgebase_topic_locations_topic_id_location_id_f696a750_uniq" ON "knowledgebase_topic_locations" ("topic_id", "location_id");
CREATE INDEX IF NOT EXISTS "knowledgebase_topic_locations_topic_id_6aed79ba" ON "knowledgebase_topic_locations" ("topic_id");
CREATE INDEX IF NOT EXISTS "knowledgebase_topic_locations_location_id_8f9c03b8" ON "knowledgebase_topic_locations" ("location_id");
CREATE UNIQUE INDEX "knowledgebase_topic_activities_topic_id_activity_id_ec4b9f3e_uniq" ON "knowledgebase_topic_activities" ("topic_id", "activity_id");
CREATE INDEX IF NOT EXISTS "knowledgebase_topic_activities_topic_id_9de12ab5" ON "knowledgebase_topic_activities" ("topic_id");
CREATE INDEX IF NOT EXISTS "knowledgebase_topic_activities_activity_id_8baf0b60" ON "knowledgebase_topic_activities" ("activity_id");
CREATE UNIQUE INDEX "knowledgebase_topic_actors_topic_id_actor_id_95b82317_uniq" ON "knowledgebase_topic_actors" ("topic_id", "actor_id");
CREATE INDEX IF NOT EXISTS "knowledgebase_topic_actors_topic_id_8653ede0" ON "knowledgebase_topic_actors" ("topic_id");
CREATE INDEX IF NOT EXISTS "knowledgebase_topic_actors_actor_id_877d062b" ON "knowledgebase_topic_actors" ("actor_id");
CREATE UNIQUE INDEX "knowledgebase_topic_impacts_topic_id_impact_id_c9cfe9f2_uniq" ON "knowledgebase_topic_impacts" ("topic_id", "impact_id");
CREATE INDEX IF NOT EXISTS "knowledgebase_topic_impacts_topic_id_d750e6ab" ON "knowledgebase_topic_impacts" ("topic_id");
CREATE INDEX IF NOT EXISTS "knowledgebase_topic_impacts_impact_id_7b7ca3b9" ON "knowledgebase_topic_impacts" ("impact_id");
CREATE UNIQUE INDEX "knowledgebase_product_members_from_product_id_to_product_id_9a8ccd2c_uniq" ON "knowledgebase_product_members" ("from_product_id", "to_product_id");
CREATE INDEX IF NOT EXISTS "knowledgebase_product_members_from_product_id_c52d0ac5" ON "knowledgebase_product_members" ("from_product_id");
CREATE INDEX IF NOT EXISTS "knowledgebase_product_members_to_product_id_918c8808" ON "knowledgebase_product_members" ("to_product_id");
CREATE UNIQUE INDEX "knowledgebase_location_members_from_location_id_to_location_id_e45db455_uniq" ON "knowledgebase_location_members" ("from_location_id", "to_location_id");
CREATE INDEX IF NOT EXISTS "knowledgebase_location_members_from_location_id_7302ce95" ON "knowledgebase_location_members" ("from_location_id");
CREATE INDEX IF NOT EXISTS "knowledgebase_location_members_to_location_id_6ed01a55" ON "knowledgebase_location_members" ("to_location_id");
CREATE UNIQUE INDEX "knowledgebase_impact_members_from_impact_id_to_impact_id_a4d850d5_uniq" ON "knowledgebase_impact_members" ("from_impact_id", "to_impact_id");
CREATE INDEX IF NOT EXISTS "knowledgebase_impact_members_from_impact_id_105ca189" ON "knowledgebase_impact_members" ("from_impact_id");
CREATE INDEX IF NOT EXISTS "knowledgebase_impact_members_to_impact_id_8b695957" ON "knowledgebase_impact_members" ("to_impact_id");
CREATE UNIQUE INDEX "knowledgebase_activity_members_from_activity_id_to_activity_id_1eff765f_uniq" ON "knowledgebase_activity_members" ("from_activity_id", "to_activity_id");
CREATE INDEX IF NOT EXISTS "knowledgebase_activity_members_from_activity_id_c9a26e2e" ON "knowledgebase_activity_members" ("from_activity_id");
CREATE INDEX IF NOT EXISTS "knowledgebase_activity_members_to_activity_id_579436d7" ON "knowledgebase_activity_members" ("to_activity_id");
CREATE UNIQUE INDEX "knowledgebase_actor_members_from_actor_id_to_actor_id_e7ed223d_uniq" ON "knowledgebase_actor_members" ("from_actor_id", "to_actor_id");
CREATE INDEX IF NOT EXISTS "knowledgebase_actor_members_from_actor_id_f23e9112" ON "knowledgebase_actor_members" ("from_actor_id");
CREATE INDEX IF NOT EXISTS "knowledgebase_actor_members_to_actor_id_0201cd5c" ON "knowledgebase_actor_members" ("to_actor_id");
CREATE INDEX IF NOT EXISTS "rest_framework_api_key_apikey_created_c61872d9" ON "rest_framework_api_key_apikey" ("created");
CREATE INDEX IF NOT EXISTS "knowledgebase_actor_category_id_9ed600e2" ON "knowledgebase_actor" ("category_id");
CREATE INDEX IF NOT EXISTS "knowledgebase_product_category_id_e08a0e2f" ON "knowledgebase_product" ("category_id");
CREATE INDEX IF NOT EXISTS "account_emailconfirmation_email_address_id_5b7f8c58" ON "account_emailconfirmation" ("email_address_id");
CREATE UNIQUE INDEX "account_emailaddress_user_id_email_987c8728_uniq" ON "account_emailaddress" ("user_id", "email");
CREATE UNIQUE INDEX "unique_verified_email" ON "account_emailaddress" ("email") WHERE "verified";
CREATE INDEX IF NOT EXISTS "account_emailaddress_user_id_2c513194" ON "account_emailaddress" ("user_id");
CREATE INDEX IF NOT EXISTS "account_emailaddress_upper" ON "account_emailaddress" ((UPPER("email")));
CREATE UNIQUE INDEX "socialaccount_socialtoken_app_id_account_id_fca4e0ac_uniq" ON "socialaccount_socialtoken" ("app_id", "account_id");
CREATE INDEX IF NOT EXISTS "socialaccount_socialtoken_account_id_951f210e" ON "socialaccount_socialtoken" ("account_id");
CREATE INDEX IF NOT EXISTS "socialaccount_socialtoken_app_id_636a42d7" ON "socialaccount_socialtoken" ("app_id");
CREATE UNIQUE INDEX "socialaccount_socialaccount_provider_uid_fc810c6e_uniq" ON "socialaccount_socialaccount" ("provider", "uid");
CREATE INDEX IF NOT EXISTS "socialaccount_socialaccount_user_id_8146e70c" ON "socialaccount_socialaccount" ("user_id");
CREATE INDEX IF NOT EXISTS "knowledgebase_location_category_id_c7d20c2e" ON "knowledgebase_location" ("category_id");
CREATE INDEX IF NOT EXISTS "knowledgebase_evidence_document_id_c2f41197" ON "knowledgebase_evidence" ("document_id");
CREATE INDEX IF NOT EXISTS "knowledgebase_evidence_topic_id_0486bccd" ON "knowledgebase_evidence" ("topic_id");
CREATE TABLE IF NOT EXISTS "knowledgebase_impact" ("id" integer NOT NULL PRIMARY KEY AUTOINCREMENT, "name" varchar(50) NOT NULL, "alternative_names" varchar(250) NOT NULL);
INSERT INTO "knowledgebase_impact" VALUES(1,'Child Labour','');
INSERT INTO "knowledgebase_impact" VALUES(2,'Forced Labour','');
INSERT INTO "knowledgebase_impact" VALUES(3,'Workload','');
INSERT INTO "knowledgebase_impact" VALUES(4,'Health and Safety','');
INSERT INTO "knowledgebase_impact" VALUES(5,'Labour Conditions','');
INSERT INTO "knowledgebase_impact" VALUES(6,'Pollution','');
INSERT INTO "knowledgebase_impact" VALUES(7,'Occupational Accident','');
INSERT INTO "knowledgebase_impact" VALUES(8,'Human Trafficking','');
INSERT INTO "knowledgebase_impact" VALUES(9,'Wages','');
INSERT INTO "knowledgebase_impact" VALUES(10,'Union Busting','');
INSERT INTO "knowledgebase_impact" VALUES(11,'Social Benefits','');
INSERT INTO "knowledgebase_impact" VALUES(12,'Discrimination','');
INSERT INTO "knowledgebase_impact" VALUES(13,'Corruption','');
INSERT INTO "knowledgebase_impact" VALUES(14,'Chances','');
INSERT INTO "knowledgebase_impact" VALUES(15,'Militarisation','');
INSERT INTO "knowledgebase_impact" VALUES(16,'Killing','');
INSERT INTO "knowledgebase_impact" VALUES(17,'Environmental','');
INSERT INTO "knowledgebase_impact" VALUES(18,'Illicit Finance','');
INSERT INTO "knowledgebase_impact" VALUES(19,'Accidents','');
INSERT INTO "knowledgebase_impact" VALUES(20,'Living condition','');
INSERT INTO "knowledgebase_impact" VALUES(21,'Employment','');
INSERT INTO "knowledgebase_impact" VALUES(22,'Threats','');
INSERT INTO "knowledgebase_impact" VALUES(23,'Human Rights Violations','');
INSERT INTO "knowledgebase_impact" VALUES(24,'Social','');
INSERT INTO "knowledgebase_impact" VALUES(25,'Conflict Financing','');
INSERT INTO "knowledgebase_impact" VALUES(26,'Worker Rights','Labour Rights');
INSERT INTO "knowledgebase_impact" VALUES(27,'Abuses by Security Forces','');
INSERT INTO "knowledgebase_impact" VALUES(28,'Attacks on Rights Defenders','');
INSERT INTO "knowledgebase_impact" VALUES(29,'Damage to Local Livelihoods','');
INSERT INTO "knowledgebase_impact" VALUES(30,'Forced Displacement','');
INSERT INTO "knowledgebase_impact" VALUES(31,'Access to Water','');
INSERT INTO "knowledgebase_impact" VALUES(32,'Violations of Indigenous Peoples'' Rights','');
INSERT INTO "knowledgebase_impact" VALUES(33,'Sexual Harrassment','');
INSERT INTO "knowledgebase_impact" VALUES(34,'Dam Disaster','');
INSERT INTO "knowledgebase_impact" VALUES(35,'Debt Bondage','');
INSERT INTO "knowledgebase_impact" VALUES(36,'Women''s Rights','');
INSERT INTO "knowledgebase_impact" VALUES(37,'Hazardous Substances','');
INSERT INTO "knowledgebase_impact" VALUES(38,'Modern Slavery','');
INSERT INTO "knowledgebase_impact" VALUES(39,'Child Rights','');
INSERT INTO "knowledgebase_impact" VALUES(40,'Violence','');
INSERT INTO "knowledgebase_impact" VALUES(41,'Recruitment Fees','');
INSERT INTO "knowledgebase_impact" VALUES(42,'Self-exploitation','');
INSERT INTO "knowledgebase_impact" VALUES(43,'Freedom of expression','');
INSERT INTO "knowledgebase_impact" VALUES(44,'Freedom of Association','');
INSERT INTO "knowledgebase_impact" VALUES(45,'Right to freedom of opinion and expression','');
INSERT INTO "knowledgebase_impact" VALUES(46,'Resettlement','');
INSERT INTO "knowledgebase_impact" VALUES(47,'Right to Collective Bargaining','');
INSERT INTO "knowledgebase_impact" VALUES(48,'Excessive Working Hours','');
CREATE UNIQUE INDEX "auth_group_permissions_group_id_permission_id_0cd325b0_uniq" ON "auth_group_permissions" ("group_id", "permission_id");
CREATE INDEX IF NOT EXISTS "auth_group_permissions_group_id_b120cbf9" ON "auth_group_permissions" ("group_id");
CREATE INDEX IF NOT EXISTS "auth_group_permissions_permission_id_84c5c92e" ON "auth_group_permissions" ("permission_id");
CREATE UNIQUE INDEX "auth_user_groups_user_id_group_id_94350c0c_uniq" ON "auth_user_groups" ("user_id", "group_id");
CREATE INDEX IF NOT EXISTS "auth_user_groups_user_id_6a12ed8b" ON "auth_user_groups" ("user_id");
CREATE INDEX IF NOT EXISTS "auth_user_groups_group_id_97559544" ON "auth_user_groups" ("group_id");
CREATE UNIQUE INDEX "auth_user_user_permissions_user_id_permission_id_14a6b632_uniq" ON "auth_user_user_permissions" ("user_id", "permission_id");
CREATE INDEX IF NOT EXISTS "auth_user_user_permissions_user_id_a95ead1b" ON "auth_user_user_permissions" ("user_id");
CREATE INDEX IF NOT EXISTS "auth_user_user_permissions_permission_id_1fbb5f2c" ON "auth_user_user_permissions" ("permission_id");
CREATE INDEX IF NOT EXISTS "django_admin_log_content_type_id_c4bce8eb" ON "django_admin_log" ("content_type_id");
CREATE INDEX IF NOT EXISTS "django_admin_log_user_id_c564eba6" ON "django_admin_log" ("user_id");
CREATE UNIQUE INDEX "django_content_type_app_label_model_76bd3d3b_uniq" ON "django_content_type" ("app_label", "model");
CREATE UNIQUE INDEX "auth_permission_content_type_id_codename_01ab375a_uniq" ON "auth_permission" ("content_type_id", "codename");
CREATE INDEX IF NOT EXISTS "auth_permission_content_type_id_2f476e4b" ON "auth_permission" ("content_type_id");
CREATE INDEX IF NOT EXISTS "django_session_expire_date_a5c62663" ON "django_session" ("expire_date");
CREATE UNIQUE INDEX "knowledgebase_document_assocs_document_id_actor_id_0dba6674_uniq" ON "knowledgebase_document_assocs" ("document_id", "actor_id");
CREATE INDEX IF NOT EXISTS "knowledgebase_document_assocs_document_id_787a19cd" ON "knowledgebase_document_assocs" ("document_id");
CREATE INDEX IF NOT EXISTS "knowledgebase_document_assocs_actor_id_3ac84104" ON "knowledgebase_document_assocs" ("actor_id");
CREATE UNIQUE INDEX "knowledgebase_topic_products_topic_id_product_id_3f42bd5d_uniq" ON "knowledgebase_topic_products" ("topic_id", "product_id");
CREATE INDEX IF NOT EXISTS "knowledgebase_topic_products_topic_id_f888e9d9" ON "knowledgebase_topic_products" ("topic_id");
CREATE INDEX IF NOT EXISTS "knowledgebase_topic_products_product_id_8629a278" ON "knowledgebase_topic_products" ("product_id");
CREATE UNIQUE INDEX "knowledgebase_topic_locations_topic_id_location_id_f696a750_uniq" ON "knowledgebase_topic_locations" ("topic_id", "location_id");
CREATE INDEX IF NOT EXISTS "knowledgebase_topic_locations_topic_id_6aed79ba" ON "knowledgebase_topic_locations" ("topic_id");
CREATE INDEX IF NOT EXISTS "knowledgebase_topic_locations_location_id_8f9c03b8" ON "knowledgebase_topic_locations" ("location_id");
CREATE UNIQUE INDEX "knowledgebase_topic_activities_topic_id_activity_id_ec4b9f3e_uniq" ON "knowledgebase_topic_activities" ("topic_id", "activity_id");
CREATE INDEX IF NOT EXISTS "knowledgebase_topic_activities_topic_id_9de12ab5" ON "knowledgebase_topic_activities" ("topic_id");
CREATE INDEX IF NOT EXISTS "knowledgebase_topic_activities_activity_id_8baf0b60" ON "knowledgebase_topic_activities" ("activity_id");
CREATE UNIQUE INDEX "knowledgebase_topic_actors_topic_id_actor_id_95b82317_uniq" ON "knowledgebase_topic_actors" ("topic_id", "actor_id");
CREATE INDEX IF NOT EXISTS "knowledgebase_topic_actors_topic_id_8653ede0" ON "knowledgebase_topic_actors" ("topic_id");
CREATE INDEX IF NOT EXISTS "knowledgebase_topic_actors_actor_id_877d062b" ON "knowledgebase_topic_actors" ("actor_id");
CREATE UNIQUE INDEX "knowledgebase_topic_impacts_topic_id_impact_id_c9cfe9f2_uniq" ON "knowledgebase_topic_impacts" ("topic_id", "impact_id");
CREATE INDEX IF NOT EXISTS "knowledgebase_topic_impacts_topic_id_d750e6ab" ON "knowledgebase_topic_impacts" ("topic_id");
CREATE INDEX IF NOT EXISTS "knowledgebase_topic_impacts_impact_id_7b7ca3b9" ON "knowledgebase_topic_impacts" ("impact_id");
CREATE UNIQUE INDEX "knowledgebase_product_members_from_product_id_to_product_id_9a8ccd2c_uniq" ON "knowledgebase_product_members" ("from_product_id", "to_product_id");
CREATE INDEX IF NOT EXISTS "knowledgebase_product_members_from_product_id_c52d0ac5" ON "knowledgebase_product_members" ("from_product_id");
CREATE INDEX IF NOT EXISTS "knowledgebase_product_members_to_product_id_918c8808" ON "knowledgebase_product_members" ("to_product_id");
CREATE UNIQUE INDEX "knowledgebase_location_members_from_location_id_to_location_id_e45db455_uniq" ON "knowledgebase_location_members" ("from_location_id", "to_location_id");
CREATE INDEX IF NOT EXISTS "knowledgebase_location_members_from_location_id_7302ce95" ON "knowledgebase_location_members" ("from_location_id");
CREATE INDEX IF NOT EXISTS "knowledgebase_location_members_to_location_id_6ed01a55" ON "knowledgebase_location_members" ("to_location_id");
CREATE UNIQUE INDEX "knowledgebase_impact_members_from_impact_id_to_impact_id_a4d850d5_uniq" ON "knowledgebase_impact_members" ("from_impact_id", "to_impact_id");
CREATE INDEX IF NOT EXISTS "knowledgebase_impact_members_from_impact_id_105ca189" ON "knowledgebase_impact_members" ("from_impact_id");
CREATE INDEX IF NOT EXISTS "knowledgebase_impact_members_to_impact_id_8b695957" ON "knowledgebase_impact_members" ("to_impact_id");
CREATE UNIQUE INDEX "knowledgebase_activity_members_from_activity_id_to_activity_id_1eff765f_uniq" ON "knowledgebase_activity_members" ("from_activity_id", "to_activity_id");
CREATE INDEX IF NOT EXISTS "knowledgebase_activity_members_from_activity_id_c9a26e2e" ON "knowledgebase_activity_members" ("from_activity_id");
CREATE INDEX IF NOT EXISTS "knowledgebase_activity_members_to_activity_id_579436d7" ON "knowledgebase_activity_members" ("to_activity_id");
CREATE UNIQUE INDEX "knowledgebase_actor_members_from_actor_id_to_actor_id_e7ed223d_uniq" ON "knowledgebase_actor_members" ("from_actor_id", "to_actor_id");
CREATE INDEX IF NOT EXISTS "knowledgebase_actor_members_from_actor_id_f23e9112" ON "knowledgebase_actor_members" ("from_actor_id");
CREATE INDEX IF NOT EXISTS "knowledgebase_actor_members_to_actor_id_0201cd5c" ON "knowledgebase_actor_members" ("to_actor_id");
CREATE INDEX IF NOT EXISTS "rest_framework_api_key_apikey_created_c61872d9" ON "rest_framework_api_key_apikey" ("created");
CREATE INDEX IF NOT EXISTS "knowledgebase_actor_category_id_9ed600e2" ON "knowledgebase_actor" ("category_id");
CREATE INDEX IF NOT EXISTS "knowledgebase_product_category_id_e08a0e2f" ON "knowledgebase_product" ("category_id");
CREATE INDEX IF NOT EXISTS "account_emailconfirmation_email_address_id_5b7f8c58" ON "account_emailconfirmation" ("email_address_id");
CREATE UNIQUE INDEX "account_emailaddress_user_id_email_987c8728_uniq" ON "account_emailaddress" ("user_id", "email");
CREATE UNIQUE INDEX "unique_verified_email" ON "account_emailaddress" ("email") WHERE "verified";
CREATE INDEX IF NOT EXISTS "account_emailaddress_user_id_2c513194" ON "account_emailaddress" ("user_id");
CREATE INDEX IF NOT EXISTS "account_emailaddress_upper" ON "account_emailaddress" ((UPPER("email")));
CREATE UNIQUE INDEX "socialaccount_socialtoken_app_id_account_id_fca4e0ac_uniq" ON "socialaccount_socialtoken" ("app_id", "account_id");
CREATE INDEX IF NOT EXISTS "socialaccount_socialtoken_account_id_951f210e" ON "socialaccount_socialtoken" ("account_id");
CREATE INDEX IF NOT EXISTS "socialaccount_socialtoken_app_id_636a42d7" ON "socialaccount_socialtoken" ("app_id");
CREATE UNIQUE INDEX "socialaccount_socialaccount_provider_uid_fc810c6e_uniq" ON "socialaccount_socialaccount" ("provider", "uid");
CREATE INDEX IF NOT EXISTS "socialaccount_socialaccount_user_id_8146e70c" ON "socialaccount_socialaccount" ("user_id");
CREATE INDEX IF NOT EXISTS "knowledgebase_location_category_id_c7d20c2e" ON "knowledgebase_location" ("category_id");
CREATE INDEX IF NOT EXISTS "knowledgebase_evidence_document_id_c2f41197" ON "knowledgebase_evidence" ("document_id");
CREATE INDEX IF NOT EXISTS "knowledgebase_evidence_topic_id_0486bccd" ON "knowledgebase_evidence" ("topic_id");
CREATE TABLE IF NOT EXISTS "knowledgebase_impact_members" ("id" integer NOT NULL PRIMARY KEY AUTOINCREMENT, "from_impact_id" bigint NOT NULL REFERENCES "knowledgebase_impact" ("id") DEFERRABLE INITIALLY DEFERRED, "to_impact_id" bigint NOT NULL REFERENCES "knowledgebase_impact" ("id") DEFERRABLE INITIALLY DEFERRED);
INSERT INTO "knowledgebase_impact_members" VALUES(1,22,19);
INSERT INTO "knowledgebase_impact_members" VALUES(2,23,1);
INSERT INTO "knowledgebase_impact_members" VALUES(3,17,34);
INSERT INTO "knowledgebase_impact_members" VALUES(4,2,35);
INSERT INTO "knowledgebase_impact_members" VALUES(5,22,12);
INSERT INTO "knowledgebase_impact_members" VALUES(6,14,21);
INSERT INTO "knowledgebase_impact_members" VALUES(7,23,2);
INSERT INTO "knowledgebase_impact_members" VALUES(8,22,23);
INSERT INTO "knowledgebase_impact_members" VALUES(9,23,8);
INSERT INTO "knowledgebase_impact_members" VALUES(10,22,10);
INSERT INTO "knowledgebase_impact_members" VALUES(11,22,3);
CREATE UNIQUE INDEX "auth_group_permissions_group_id_permission_id_0cd325b0_uniq" ON "auth_group_permissions" ("group_id", "permission_id");
CREATE INDEX IF NOT EXISTS "auth_group_permissions_group_id_b120cbf9" ON "auth_group_permissions" ("group_id");
CREATE INDEX IF NOT EXISTS "auth_group_permissions_permission_id_84c5c92e" ON "auth_group_permissions" ("permission_id");
CREATE UNIQUE INDEX "auth_user_groups_user_id_group_id_94350c0c_uniq" ON "auth_user_groups" ("user_id", "group_id");
CREATE INDEX IF NOT EXISTS "auth_user_groups_user_id_6a12ed8b" ON "auth_user_groups" ("user_id");
CREATE INDEX IF NOT EXISTS "auth_user_groups_group_id_97559544" ON "auth_user_groups" ("group_id");
CREATE UNIQUE INDEX "auth_user_user_permissions_user_id_permission_id_14a6b632_uniq" ON "auth_user_user_permissions" ("user_id", "permission_id");
CREATE INDEX IF NOT EXISTS "auth_user_user_permissions_user_id_a95ead1b" ON "auth_user_user_permissions" ("user_id");
CREATE INDEX IF NOT EXISTS "auth_user_user_permissions_permission_id_1fbb5f2c" ON "auth_user_user_permissions" ("permission_id");
CREATE INDEX IF NOT EXISTS "django_admin_log_content_type_id_c4bce8eb" ON "django_admin_log" ("content_type_id");
CREATE INDEX IF NOT EXISTS "django_admin_log_user_id_c564eba6" ON "django_admin_log" ("user_id");
CREATE UNIQUE INDEX "django_content_type_app_label_model_76bd3d3b_uniq" ON "django_content_type" ("app_label", "model");
CREATE UNIQUE INDEX "auth_permission_content_type_id_codename_01ab375a_uniq" ON "auth_permission" ("content_type_id", "codename");
CREATE INDEX IF NOT EXISTS "auth_permission_content_type_id_2f476e4b" ON "auth_permission" ("content_type_id");
CREATE INDEX IF NOT EXISTS "django_session_expire_date_a5c62663" ON "django_session" ("expire_date");
CREATE UNIQUE INDEX "knowledgebase_document_assocs_document_id_actor_id_0dba6674_uniq" ON "knowledgebase_document_assocs" ("document_id", "actor_id");
CREATE INDEX IF NOT EXISTS "knowledgebase_document_assocs_document_id_787a19cd" ON "knowledgebase_document_assocs" ("document_id");
CREATE INDEX IF NOT EXISTS "knowledgebase_document_assocs_actor_id_3ac84104" ON "knowledgebase_document_assocs" ("actor_id");
CREATE UNIQUE INDEX "knowledgebase_topic_products_topic_id_product_id_3f42bd5d_uniq" ON "knowledgebase_topic_products" ("topic_id", "product_id");
CREATE INDEX IF NOT EXISTS "knowledgebase_topic_products_topic_id_f888e9d9" ON "knowledgebase_topic_products" ("topic_id");
CREATE INDEX IF NOT EXISTS "knowledgebase_topic_products_product_id_8629a278" ON "knowledgebase_topic_products" ("product_id");
CREATE UNIQUE INDEX "knowledgebase_topic_locations_topic_id_location_id_f696a750_uniq" ON "knowledgebase_topic_locations" ("topic_id", "location_id");
CREATE INDEX IF NOT EXISTS "knowledgebase_topic_locations_topic_id_6aed79ba" ON "knowledgebase_topic_locations" ("topic_id");
CREATE INDEX IF NOT EXISTS "knowledgebase_topic_locations_location_id_8f9c03b8" ON "knowledgebase_topic_locations" ("location_id");
CREATE UNIQUE INDEX "knowledgebase_topic_activities_topic_id_activity_id_ec4b9f3e_uniq" ON "knowledgebase_topic_activities" ("topic_id", "activity_id");
CREATE INDEX IF NOT EXISTS "knowledgebase_topic_activities_topic_id_9de12ab5" ON "knowledgebase_topic_activities" ("topic_id");
CREATE INDEX IF NOT EXISTS "knowledgebase_topic_activities_activity_id_8baf0b60" ON "knowledgebase_topic_activities" ("activity_id");
CREATE UNIQUE INDEX "knowledgebase_topic_actors_topic_id_actor_id_95b82317_uniq" ON "knowledgebase_topic_actors" ("topic_id", "actor_id");
CREATE INDEX IF NOT EXISTS "knowledgebase_topic_actors_topic_id_8653ede0" ON "knowledgebase_topic_actors" ("topic_id");
CREATE INDEX IF NOT EXISTS "knowledgebase_topic_actors_actor_id_877d062b" ON "knowledgebase_topic_actors" ("actor_id");
CREATE UNIQUE INDEX "knowledgebase_topic_impacts_topic_id_impact_id_c9cfe9f2_uniq" ON "knowledgebase_topic_impacts" ("topic_id", "impact_id");
CREATE INDEX IF NOT EXISTS "knowledgebase_topic_impacts_topic_id_d750e6ab" ON "knowledgebase_topic_impacts" ("topic_id");
CREATE INDEX IF NOT EXISTS "knowledgebase_topic_impacts_impact_id_7b7ca3b9" ON "knowledgebase_topic_impacts" ("impact_id");
CREATE UNIQUE INDEX "knowledgebase_product_members_from_product_id_to_product_id_9a8ccd2c_uniq" ON "knowledgebase_product_members" ("from_product_id", "to_product_id");
CREATE INDEX IF NOT EXISTS "knowledgebase_product_members_from_product_id_c52d0ac5" ON "knowledgebase_product_members" ("from_product_id");
CREATE INDEX IF NOT EXISTS "knowledgebase_product_members_to_product_id_918c8808" ON "knowledgebase_product_members" ("to_product_id");
CREATE UNIQUE INDEX "knowledgebase_location_members_from_location_id_to_location_id_e45db455_uniq" ON "knowledgebase_location_members" ("from_location_id", "to_location_id");
CREATE INDEX IF NOT EXISTS "knowledgebase_location_members_from_location_id_7302ce95" ON "knowledgebase_location_members" ("from_location_id");
CREATE INDEX IF NOT EXISTS "knowledgebase_location_members_to_location_id_6ed01a55" ON "knowledgebase_location_members" ("to_location_id");
CREATE UNIQUE INDEX "knowledgebase_impact_members_from_impact_id_to_impact_id_a4d850d5_uniq" ON "knowledgebase_impact_members" ("from_impact_id", "to_impact_id");
CREATE INDEX IF NOT EXISTS "knowledgebase_impact_members_from_impact_id_105ca189" ON "knowledgebase_impact_members" ("from_impact_id");
CREATE INDEX IF NOT EXISTS "knowledgebase_impact_members_to_impact_id_8b695957" ON "knowledgebase_impact_members" ("to_impact_id");
CREATE UNIQUE INDEX "knowledgebase_activity_members_from_activity_id_to_activity_id_1eff765f_uniq" ON "knowledgebase_activity_members" ("from_activity_id", "to_activity_id");
CREATE INDEX IF NOT EXISTS "knowledgebase_activity_members_from_activity_id_c9a26e2e" ON "knowledgebase_activity_members" ("from_activity_id");
CREATE INDEX IF NOT EXISTS "knowledgebase_activity_members_to_activity_id_579436d7" ON "knowledgebase_activity_members" ("to_activity_id");
CREATE UNIQUE INDEX "knowledgebase_actor_members_from_actor_id_to_actor_id_e7ed223d_uniq" ON "knowledgebase_actor_members" ("from_actor_id", "to_actor_id");
CREATE INDEX IF NOT EXISTS "knowledgebase_actor_members_from_actor_id_f23e9112" ON "knowledgebase_actor_members" ("from_actor_id");
CREATE INDEX IF NOT EXISTS "knowledgebase_actor_members_to_actor_id_0201cd5c" ON "knowledgebase_actor_members" ("to_actor_id");
CREATE INDEX IF NOT EXISTS "rest_framework_api_key_apikey_created_c61872d9" ON "rest_framework_api_key_apikey" ("created");
CREATE INDEX IF NOT EXISTS "knowledgebase_actor_category_id_9ed600e2" ON "knowledgebase_actor" ("category_id");
CREATE INDEX IF NOT EXISTS "knowledgebase_product_category_id_e08a0e2f" ON "knowledgebase_product" ("category_id");
CREATE INDEX IF NOT EXISTS "account_emailconfirmation_email_address_id_5b7f8c58" ON "account_emailconfirmation" ("email_address_id");
CREATE UNIQUE INDEX "account_emailaddress_user_id_email_987c8728_uniq" ON "account_emailaddress" ("user_id", "email");
CREATE UNIQUE INDEX "unique_verified_email" ON "account_emailaddress" ("email") WHERE "verified";
CREATE INDEX IF NOT EXISTS "account_emailaddress_user_id_2c513194" ON "account_emailaddress" ("user_id");
CREATE INDEX IF NOT EXISTS "account_emailaddress_upper" ON "account_emailaddress" ((UPPER("email")));
CREATE UNIQUE INDEX "socialaccount_socialtoken_app_id_account_id_fca4e0ac_uniq" ON "socialaccount_socialtoken" ("app_id", "account_id");
CREATE INDEX IF NOT EXISTS "socialaccount_socialtoken_account_id_951f210e" ON "socialaccount_socialtoken" ("account_id");
CREATE INDEX IF NOT EXISTS "socialaccount_socialtoken_app_id_636a42d7" ON "socialaccount_socialtoken" ("app_id");
CREATE UNIQUE INDEX "socialaccount_socialaccount_provider_uid_fc810c6e_uniq" ON "socialaccount_socialaccount" ("provider", "uid");
CREATE INDEX IF NOT EXISTS "socialaccount_socialaccount_user_id_8146e70c" ON "socialaccount_socialaccount" ("user_id");
CREATE INDEX IF NOT EXISTS "knowledgebase_location_category_id_c7d20c2e" ON "knowledgebase_location" ("category_id");
CREATE INDEX IF NOT EXISTS "knowledgebase_evidence_document_id_c2f41197" ON "knowledgebase_evidence" ("document_id");
CREATE INDEX IF NOT EXISTS "knowledgebase_evidence_topic_id_0486bccd" ON "knowledgebase_evidence" ("topic_id");
CREATE TABLE IF NOT EXISTS "knowledgebase_location" ("id" integer NOT NULL PRIMARY KEY AUTOINCREMENT, "name" varchar(100) NOT NULL, "category_id" bigint NOT NULL REFERENCES "knowledgebase_locationcategory" ("id") DEFERRABLE INITIALLY DEFERRED, "abbreviation" varchar(20) NOT NULL, "alternative_names" varchar(250) NOT NULL);
INSERT INTO "knowledgebase_location" VALUES(1,'Los Pelambres',2,'','');
INSERT INTO "knowledgebase_location" VALUES(2,'Chile',5,'','');
INSERT INTO "knowledgebase_location" VALUES(3,'Zambia',5,'','');
INSERT INTO "knowledgebase_location" VALUES(4,'Kabwe',3,'','');
INSERT INTO "knowledgebase_location" VALUES(5,'Brazil',5,'','');
INSERT INTO "knowledgebase_location" VALUES(6,'Carajás',2,'','');
INSERT INTO "knowledgebase_location" VALUES(7,'Democratic Republic of Congo',5,'','');
INSERT INTO "knowledgebase_location" VALUES(8,'China',5,'','');
INSERT INTO "knowledgebase_location" VALUES(9,'Nigeria',5,'','');
INSERT INTO "knowledgebase_location" VALUES(10,'Jos Plateau',7,'','');
INSERT INTO "knowledgebase_location" VALUES(11,'Eastern DRC',4,'','');
INSERT INTO "knowledgebase_location" VALUES(12,'South Africa',5,'','');
INSERT INTO "knowledgebase_location" VALUES(13,'Marikana',2,'','');
INSERT INTO "knowledgebase_location" VALUES(14,'Surinam',5,'','');
INSERT INTO "knowledgebase_location" VALUES(15,'Middle America',8,'','');
INSERT INTO "knowledgebase_location" VALUES(16,'Norway',5,'','');
INSERT INTO "knowledgebase_location" VALUES(17,'Repparfjorden',7,'','');
INSERT INTO "knowledgebase_location" VALUES(18,'South America',8,'','');
INSERT INTO "knowledgebase_location" VALUES(19,'Argentina',5,'','');
INSERT INTO "knowledgebase_location" VALUES(20,'Andina',2,'','');
INSERT INTO "knowledgebase_location" VALUES(21,'Venezuela',5,'','');
INSERT INTO "knowledgebase_location" VALUES(22,'Morocco',5,'','');
INSERT INTO "knowledgebase_location" VALUES(23,'India',5,'','');
INSERT INTO "knowledgebase_location" VALUES(24,'Mogalakwena',2,'','');
INSERT INTO "knowledgebase_location" VALUES(25,'Senegal',5,'','');
INSERT INTO "knowledgebase_location" VALUES(26,'Niger',5,'','');
INSERT INTO "knowledgebase_location" VALUES(27,'Afghanistan',5,'','');
INSERT INTO "knowledgebase_location" VALUES(28,'Switzerland',5,'','');
INSERT INTO "knowledgebase_location" VALUES(29,'Togo',5,'','');
INSERT INTO "knowledgebase_location" VALUES(30,'Burkina Faso',5,'','');
INSERT INTO "knowledgebase_location" VALUES(31,'Peru',5,'','');
INSERT INTO "knowledgebase_location" VALUES(32,'Romania',5,'','');
INSERT INTO "knowledgebase_location" VALUES(33,'Roșia Montană',3,'','');
INSERT INTO "knowledgebase_location" VALUES(34,'Amazonia',7,'','');
INSERT INTO "knowledgebase_location" VALUES(35,'Kolwezi',6,'','');
INSERT INTO "knowledgebase_location" VALUES(36,'Bolivia',5,'','');
INSERT INTO "knowledgebase_location" VALUES(37,'Salar de Uyuni',9,'','');
INSERT INTO "knowledgebase_location" VALUES(38,'Guatemala',5,'','');
INSERT INTO "knowledgebase_location" VALUES(39,'El Estor',6,'','');
INSERT INTO "knowledgebase_location" VALUES(40,'Philippines',5,'','');
INSERT INTO "knowledgebase_location" VALUES(41,'Rio Tuba',10,'','');
INSERT INTO "knowledgebase_location" VALUES(42,'Mexico',5,'','');
INSERT INTO "knowledgebase_location" VALUES(43,'Indonesia',5,'','');
INSERT INTO "knowledgebase_location" VALUES(44,'Papua',3,'','');
INSERT INTO "knowledgebase_location" VALUES(45,'Africa',11,'','');
INSERT INTO "knowledgebase_location" VALUES(46,'West Africa',8,'','');
INSERT INTO "knowledgebase_location" VALUES(47,'Ituri',4,'','');
INSERT INTO "knowledgebase_location" VALUES(48,'South Kivu',4,'','');
INSERT INTO "knowledgebase_location" VALUES(49,'EU',12,'','');
INSERT INTO "knowledgebase_location" VALUES(50,'Xinjiang',3,'','');
INSERT INTO "knowledgebase_location" VALUES(51,'World',4,'','');
INSERT INTO "knowledgebase_location" VALUES(52,'Vietnam',5,'','');
INSERT INTO "knowledgebase_location" VALUES(53,'Colombia',5,'','');
INSERT INTO "knowledgebase_location" VALUES(54,'Sulawesi',7,'','');
INSERT INTO "knowledgebase_location" VALUES(55,'Mozambique',5,'','');
INSERT INTO "knowledgebase_location" VALUES(56,'Serbia',5,'','');
INSERT INTO "knowledgebase_location" VALUES(57,'Katanga Copper Belt',7,'','');
INSERT INTO "knowledgebase_location" VALUES(58,'New Guinea',7,'','');
INSERT INTO "knowledgebase_location" VALUES(59,'Mutoshi',2,'','');
INSERT INTO "knowledgebase_location" VALUES(60,'Amulsar',2,'','');
INSERT INTO "knowledgebase_location" VALUES(61,'Armenia',5,'','');
INSERT INTO "knowledgebase_location" VALUES(62,'Germany',5,'','');
INSERT INTO "knowledgebase_location" VALUES(63,'Mariana',6,'','');
INSERT INTO "knowledgebase_location" VALUES(64,'Brumadinho',6,'','');
INSERT INTO "knowledgebase_location" VALUES(65,'Minas Gerais',3,'','');
INSERT INTO "knowledgebase_location" VALUES(66,'Bulgaria',5,'','');
INSERT INTO "knowledgebase_location" VALUES(67,'Ghana',5,'','');
INSERT INTO "knowledgebase_location" VALUES(68,'South Korea',5,'','');
INSERT INTO "knowledgebase_location" VALUES(69,'Salinas Grandes',9,'','');
INSERT INTO "knowledgebase_location" VALUES(70,'Czechia',5,'','');
INSERT INTO "knowledgebase_location" VALUES(71,'Malaysia',5,'','');
INSERT INTO "knowledgebase_location" VALUES(72,'Oyu Tolgoi',2,'','');
INSERT INTO "knowledgebase_location" VALUES(73,'Mongolia',5,'','');
INSERT INTO "knowledgebase_location" VALUES(74,'Hungary',5,'','');
CREATE UNIQUE INDEX "auth_group_permissions_group_id_permission_id_0cd325b0_uniq" ON "auth_group_permissions" ("group_id", "permission_id");
CREATE INDEX IF NOT EXISTS "auth_group_permissions_group_id_b120cbf9" ON "auth_group_permissions" ("group_id");
CREATE INDEX IF NOT EXISTS "auth_group_permissions_permission_id_84c5c92e" ON "auth_group_permissions" ("permission_id");
CREATE UNIQUE INDEX "auth_user_groups_user_id_group_id_94350c0c_uniq" ON "auth_user_groups" ("user_id", "group_id");
CREATE INDEX IF NOT EXISTS "auth_user_groups_user_id_6a12ed8b" ON "auth_user_groups" ("user_id");
CREATE INDEX IF NOT EXISTS "auth_user_groups_group_id_97559544" ON "auth_user_groups" ("group_id");
CREATE UNIQUE INDEX "auth_user_user_permissions_user_id_permission_id_14a6b632_uniq" ON "auth_user_user_permissions" ("user_id", "permission_id");
CREATE INDEX IF NOT EXISTS "auth_user_user_permissions_user_id_a95ead1b" ON "auth_user_user_permissions" ("user_id");
CREATE INDEX IF NOT EXISTS "auth_user_user_permissions_permission_id_1fbb5f2c" ON "auth_user_user_permissions" ("permission_id");
CREATE INDEX IF NOT EXISTS "django_admin_log_content_type_id_c4bce8eb" ON "django_admin_log" ("content_type_id");
CREATE INDEX IF NOT EXISTS "django_admin_log_user_id_c564eba6" ON "django_admin_log" ("user_id");
CREATE UNIQUE INDEX "django_content_type_app_label_model_76bd3d3b_uniq" ON "django_content_type" ("app_label", "model");
CREATE UNIQUE INDEX "auth_permission_content_type_id_codename_01ab375a_uniq" ON "auth_permission" ("content_type_id", "codename");
CREATE INDEX IF NOT EXISTS "auth_permission_content_type_id_2f476e4b" ON "auth_permission" ("content_type_id");
CREATE INDEX IF NOT EXISTS "django_session_expire_date_a5c62663" ON "django_session" ("expire_date");
CREATE UNIQUE INDEX "knowledgebase_document_assocs_document_id_actor_id_0dba6674_uniq" ON "knowledgebase_document_assocs" ("document_id", "actor_id");
CREATE INDEX IF NOT EXISTS "knowledgebase_document_assocs_document_id_787a19cd" ON "knowledgebase_document_assocs" ("document_id");
CREATE INDEX IF NOT EXISTS "knowledgebase_document_assocs_actor_id_3ac84104" ON "knowledgebase_document_assocs" ("actor_id");
CREATE UNIQUE INDEX "knowledgebase_topic_products_topic_id_product_id_3f42bd5d_uniq" ON "knowledgebase_topic_products" ("topic_id", "product_id");
CREATE INDEX IF NOT EXISTS "knowledgebase_topic_products_topic_id_f888e9d9" ON "knowledgebase_topic_products" ("topic_id");
CREATE INDEX IF NOT EXISTS "knowledgebase_topic_products_product_id_8629a278" ON "knowledgebase_topic_products" ("product_id");
CREATE UNIQUE INDEX "knowledgebase_topic_locations_topic_id_location_id_f696a750_uniq" ON "knowledgebase_topic_locations" ("topic_id", "location_id");
CREATE INDEX IF NOT EXISTS "knowledgebase_topic_locations_topic_id_6aed79ba" ON "knowledgebase_topic_locations" ("topic_id");
CREATE INDEX IF NOT EXISTS "knowledgebase_topic_locations_location_id_8f9c03b8" ON "knowledgebase_topic_locations" ("location_id");
CREATE UNIQUE INDEX "knowledgebase_topic_activities_topic_id_activity_id_ec4b9f3e_uniq" ON "knowledgebase_topic_activities" ("topic_id", "activity_id");
CREATE INDEX IF NOT EXISTS "knowledgebase_topic_activities_topic_id_9de12ab5" ON "knowledgebase_topic_activities" ("topic_id");
CREATE INDEX IF NOT EXISTS "knowledgebase_topic_activities_activity_id_8baf0b60" ON "knowledgebase_topic_activities" ("activity_id");
CREATE UNIQUE INDEX "knowledgebase_topic_actors_topic_id_actor_id_95b82317_uniq" ON "knowledgebase_topic_actors" ("topic_id", "actor_id");
CREATE INDEX IF NOT EXISTS "knowledgebase_topic_actors_topic_id_8653ede0" ON "knowledgebase_topic_actors" ("topic_id");
CREATE INDEX IF NOT EXISTS "knowledgebase_topic_actors_actor_id_877d062b" ON "knowledgebase_topic_actors" ("actor_id");
CREATE UNIQUE INDEX "knowledgebase_topic_impacts_topic_id_impact_id_c9cfe9f2_uniq" ON "knowledgebase_topic_impacts" ("topic_id", "impact_id");
CREATE INDEX IF NOT EXISTS "knowledgebase_topic_impacts_topic_id_d750e6ab" ON "knowledgebase_topic_impacts" ("topic_id");
CREATE INDEX IF NOT EXISTS "knowledgebase_topic_impacts_impact_id_7b7ca3b9" ON "knowledgebase_topic_impacts" ("impact_id");
CREATE UNIQUE INDEX "knowledgebase_product_members_from_product_id_to_product_id_9a8ccd2c_uniq" ON "knowledgebase_product_members" ("from_product_id", "to_product_id");
CREATE INDEX IF NOT EXISTS "knowledgebase_product_members_from_product_id_c52d0ac5" ON "knowledgebase_product_members" ("from_product_id");
CREATE INDEX IF NOT EXISTS "knowledgebase_product_members_to_product_id_918c8808" ON "knowledgebase_product_members" ("to_product_id");
CREATE UNIQUE INDEX "knowledgebase_location_members_from_location_id_to_location_id_e45db455_uniq" ON "knowledgebase_location_members" ("from_location_id", "to_location_id");
CREATE INDEX IF NOT EXISTS "knowledgebase_location_members_from_location_id_7302ce95" ON "knowledgebase_location_members" ("from_location_id");
CREATE INDEX IF NOT EXISTS "knowledgebase_location_members_to_location_id_6ed01a55" ON "knowledgebase_location_members" ("to_location_id");
CREATE UNIQUE INDEX "knowledgebase_impact_members_from_impact_id_to_impact_id_a4d850d5_uniq" ON "knowledgebase_impact_members" ("from_impact_id", "to_impact_id");
CREATE INDEX IF NOT EXISTS "knowledgebase_impact_members_from_impact_id_105ca189" ON "knowledgebase_impact_members" ("from_impact_id");
CREATE INDEX IF NOT EXISTS "knowledgebase_impact_members_to_impact_id_8b695957" ON "knowledgebase_impact_members" ("to_impact_id");
CREATE UNIQUE INDEX "knowledgebase_activity_members_from_activity_id_to_activity_id_1eff765f_uniq" ON "knowledgebase_activity_members" ("from_activity_id", "to_activity_id");
CREATE INDEX IF NOT EXISTS "knowledgebase_activity_members_from_activity_id_c9a26e2e" ON "knowledgebase_activity_members" ("from_activity_id");
CREATE INDEX IF NOT EXISTS "knowledgebase_activity_members_to_activity_id_579436d7" ON "knowledgebase_activity_members" ("to_activity_id");
CREATE UNIQUE INDEX "knowledgebase_actor_members_from_actor_id_to_actor_id_e7ed223d_uniq" ON "knowledgebase_actor_members" ("from_actor_id", "to_actor_id");
CREATE INDEX IF NOT EXISTS "knowledgebase_actor_members_from_actor_id_f23e9112" ON "knowledgebase_actor_members" ("from_actor_id");
CREATE INDEX IF NOT EXISTS "knowledgebase_actor_members_to_actor_id_0201cd5c" ON "knowledgebase_actor_members" ("to_actor_id");
CREATE INDEX IF NOT EXISTS "rest_framework_api_key_apikey_created_c61872d9" ON "rest_framework_api_key_apikey" ("created");
CREATE INDEX IF NOT EXISTS "knowledgebase_actor_category_id_9ed600e2" ON "knowledgebase_actor" ("category_id");
CREATE INDEX IF NOT EXISTS "knowledgebase_product_category_id_e08a0e2f" ON "knowledgebase_product" ("category_id");
CREATE INDEX IF NOT EXISTS "account_emailconfirmation_email_address_id_5b7f8c58" ON "account_emailconfirmation" ("email_address_id");
CREATE UNIQUE INDEX "account_emailaddress_user_id_email_987c8728_uniq" ON "account_emailaddress" ("user_id", "email");
CREATE UNIQUE INDEX "unique_verified_email" ON "account_emailaddress" ("email") WHERE "verified";
CREATE INDEX IF NOT EXISTS "account_emailaddress_user_id_2c513194" ON "account_emailaddress" ("user_id");
CREATE INDEX IF NOT EXISTS "account_emailaddress_upper" ON "account_emailaddress" ((UPPER("email")));
CREATE UNIQUE INDEX "socialaccount_socialtoken_app_id_account_id_fca4e0ac_uniq" ON "socialaccount_socialtoken" ("app_id", "account_id");
CREATE INDEX IF NOT EXISTS "socialaccount_socialtoken_account_id_951f210e" ON "socialaccount_socialtoken" ("account_id");
CREATE INDEX IF NOT EXISTS "socialaccount_socialtoken_app_id_636a42d7" ON "socialaccount_socialtoken" ("app_id");
CREATE UNIQUE INDEX "socialaccount_socialaccount_provider_uid_fc810c6e_uniq" ON "socialaccount_socialaccount" ("provider", "uid");
CREATE INDEX IF NOT EXISTS "socialaccount_socialaccount_user_id_8146e70c" ON "socialaccount_socialaccount" ("user_id");
CREATE INDEX IF NOT EXISTS "knowledgebase_location_category_id_c7d20c2e" ON "knowledgebase_location" ("category_id");
CREATE INDEX IF NOT EXISTS "knowledgebase_evidence_document_id_c2f41197" ON "knowledgebase_evidence" ("document_id");
CREATE INDEX IF NOT EXISTS "knowledgebase_evidence_topic_id_0486bccd" ON "knowledgebase_evidence" ("topic_id");
CREATE TABLE IF NOT EXISTS "knowledgebase_location_members" ("id" integer NOT NULL PRIMARY KEY AUTOINCREMENT, "from_location_id" bigint NOT NULL REFERENCES "knowledgebase_location" ("id") DEFERRABLE INITIALLY DEFERRED, "to_location_id" bigint NOT NULL REFERENCES "knowledgebase_location" ("id") DEFERRABLE INITIALLY DEFERRED);
INSERT INTO "knowledgebase_location_members" VALUES(1,5,34);
INSERT INTO "knowledgebase_location_members" VALUES(2,2,20);
INSERT INTO "knowledgebase_location_members" VALUES(3,18,19);
INSERT INTO "knowledgebase_location_members" VALUES(4,18,36);
INSERT INTO "knowledgebase_location_members" VALUES(5,5,6);
INSERT INTO "knowledgebase_location_members" VALUES(6,7,11);
INSERT INTO "knowledgebase_location_members" VALUES(7,38,39);
INSERT INTO "knowledgebase_location_members" VALUES(8,11,47);
INSERT INTO "knowledgebase_location_members" VALUES(9,9,10);
INSERT INTO "knowledgebase_location_members" VALUES(10,3,4);
INSERT INTO "knowledgebase_location_members" VALUES(11,7,35);
INSERT INTO "knowledgebase_location_members" VALUES(12,2,1);
INSERT INTO "knowledgebase_location_members" VALUES(13,12,13);
INSERT INTO "knowledgebase_location_members" VALUES(14,15,42);
INSERT INTO "knowledgebase_location_members" VALUES(15,12,24);
INSERT INTO "knowledgebase_location_members" VALUES(16,43,44);
INSERT INTO "knowledgebase_location_members" VALUES(17,16,17);
INSERT INTO "knowledgebase_location_members" VALUES(18,40,41);
INSERT INTO "knowledgebase_location_members" VALUES(19,32,33);
INSERT INTO "knowledgebase_location_members" VALUES(20,36,37);
INSERT INTO "knowledgebase_location_members" VALUES(21,11,48);
INSERT INTO "knowledgebase_location_members" VALUES(22,18,21);
INSERT INTO "knowledgebase_location_members" VALUES(23,45,46);
INSERT INTO "knowledgebase_location_members" VALUES(24,8,50);
INSERT INTO "knowledgebase_location_members" VALUES(25,43,54);
INSERT INTO "knowledgebase_location_members" VALUES(26,57,59);
INSERT INTO "knowledgebase_location_members" VALUES(27,61,60);
INSERT INTO "knowledgebase_location_members" VALUES(28,65,64);
INSERT INTO "knowledgebase_location_members" VALUES(29,65,63);
INSERT INTO "knowledgebase_location_members" VALUES(30,5,65);
INSERT INTO "knowledgebase_location_members" VALUES(31,19,69);
INSERT INTO "knowledgebase_location_members" VALUES(32,73,72);
CREATE UNIQUE INDEX "auth_group_permissions_group_id_permission_id_0cd325b0_uniq" ON "auth_group_permissions" ("group_id", "permission_id");
CREATE INDEX IF NOT EXISTS "auth_group_permissions_group_id_b120cbf9" ON "auth_group_permissions" ("group_id");
CREATE INDEX IF NOT EXISTS "auth_group_permissions_permission_id_84c5c92e" ON "auth_group_permissions" ("permission_id");
CREATE UNIQUE INDEX "auth_user_groups_user_id_group_id_94350c0c_uniq" ON "auth_user_groups" ("user_id", "group_id");
CREATE INDEX IF NOT EXISTS "auth_user_groups_user_id_6a12ed8b" ON "auth_user_groups" ("user_id");
CREATE INDEX IF NOT EXISTS "auth_user_groups_group_id_97559544" ON "auth_user_groups" ("group_id");
CREATE UNIQUE INDEX "auth_user_user_permissions_user_id_permission_id_14a6b632_uniq" ON "auth_user_user_permissions" ("user_id", "permission_id");
CREATE INDEX IF NOT EXISTS "auth_user_user_permissions_user_id_a95ead1b" ON "auth_user_user_permissions" ("user_id");
CREATE INDEX IF NOT EXISTS "auth_user_user_permissions_permission_id_1fbb5f2c" ON "auth_user_user_permissions" ("permission_id");
CREATE INDEX IF NOT EXISTS "django_admin_log_content_type_id_c4bce8eb" ON "django_admin_log" ("content_type_id");
CREATE INDEX IF NOT EXISTS "django_admin_log_user_id_c564eba6" ON "django_admin_log" ("user_id");
CREATE UNIQUE INDEX "django_content_type_app_label_model_76bd3d3b_uniq" ON "django_content_type" ("app_label", "model");
CREATE UNIQUE INDEX "auth_permission_content_type_id_codename_01ab375a_uniq" ON "auth_permission" ("content_type_id", "codename");
CREATE INDEX IF NOT EXISTS "auth_permission_content_type_id_2f476e4b" ON "auth_permission" ("content_type_id");
CREATE INDEX IF NOT EXISTS "django_session_expire_date_a5c62663" ON "django_session" ("expire_date");
CREATE UNIQUE INDEX "knowledgebase_document_assocs_document_id_actor_id_0dba6674_uniq" ON "knowledgebase_document_assocs" ("document_id", "actor_id");
CREATE INDEX IF NOT EXISTS "knowledgebase_document_assocs_document_id_787a19cd" ON "knowledgebase_document_assocs" ("document_id");
CREATE INDEX IF NOT EXISTS "knowledgebase_document_assocs_actor_id_3ac84104" ON "knowledgebase_document_assocs" ("actor_id");
CREATE UNIQUE INDEX "knowledgebase_topic_products_topic_id_product_id_3f42bd5d_uniq" ON "knowledgebase_topic_products" ("topic_id", "product_id");
CREATE INDEX IF NOT EXISTS "knowledgebase_topic_products_topic_id_f888e9d9" ON "knowledgebase_topic_products" ("topic_id");
CREATE INDEX IF NOT EXISTS "knowledgebase_topic_products_product_id_8629a278" ON "knowledgebase_topic_products" ("product_id");
CREATE UNIQUE INDEX "knowledgebase_topic_locations_topic_id_location_id_f696a750_uniq" ON "knowledgebase_topic_locations" ("topic_id", "location_id");
CREATE INDEX IF NOT EXISTS "knowledgebase_topic_locations_topic_id_6aed79ba" ON "knowledgebase_topic_locations" ("topic_id");
CREATE INDEX IF NOT EXISTS "knowledgebase_topic_locations_location_id_8f9c03b8" ON "knowledgebase_topic_locations" ("location_id");
CREATE UNIQUE INDEX "knowledgebase_topic_activities_topic_id_activity_id_ec4b9f3e_uniq" ON "knowledgebase_topic_activities" ("topic_id", "activity_id");
CREATE INDEX IF NOT EXISTS "knowledgebase_topic_activities_topic_id_9de12ab5" ON "knowledgebase_topic_activities" ("topic_id");
CREATE INDEX IF NOT EXISTS "knowledgebase_topic_activities_activity_id_8baf0b60" ON "knowledgebase_topic_activities" ("activity_id");
CREATE UNIQUE INDEX "knowledgebase_topic_actors_topic_id_actor_id_95b82317_uniq" ON "knowledgebase_topic_actors" ("topic_id", "actor_id");
CREATE INDEX IF NOT EXISTS "knowledgebase_topic_actors_topic_id_8653ede0" ON "knowledgebase_topic_actors" ("topic_id");
CREATE INDEX IF NOT EXISTS "knowledgebase_topic_actors_actor_id_877d062b" ON "knowledgebase_topic_actors" ("actor_id");
CREATE UNIQUE INDEX "knowledgebase_topic_impacts_topic_id_impact_id_c9cfe9f2_uniq" ON "knowledgebase_topic_impacts" ("topic_id", "impact_id");
CREATE INDEX IF NOT EXISTS "knowledgebase_topic_impacts_topic_id_d750e6ab" ON "knowledgebase_topic_impacts" ("topic_id");
CREATE INDEX IF NOT EXISTS "knowledgebase_topic_impacts_impact_id_7b7ca3b9" ON "knowledgebase_topic_impacts" ("impact_id");
CREATE UNIQUE INDEX "knowledgebase_product_members_from_product_id_to_product_id_9a8ccd2c_uniq" ON "knowledgebase_product_members" ("from_product_id", "to_product_id");
CREATE INDEX IF NOT EXISTS "knowledgebase_product_members_from_product_id_c52d0ac5" ON "knowledgebase_product_members" ("from_product_id");
CREATE INDEX IF NOT EXISTS "knowledgebase_product_members_to_product_id_918c8808" ON "knowledgebase_product_members" ("to_product_id");
CREATE UNIQUE INDEX "knowledgebase_location_members_from_location_id_to_location_id_e45db455_uniq" ON "knowledgebase_location_members" ("from_location_id", "to_location_id");
CREATE INDEX IF NOT EXISTS "knowledgebase_location_members_from_location_id_7302ce95" ON "knowledgebase_location_members" ("from_location_id");
CREATE INDEX IF NOT EXISTS "knowledgebase_location_members_to_location_id_6ed01a55" ON "knowledgebase_location_members" ("to_location_id");
CREATE UNIQUE INDEX "knowledgebase_impact_members_from_impact_id_to_impact_id_a4d850d5_uniq" ON "knowledgebase_impact_members" ("from_impact_id", "to_impact_id");
CREATE INDEX IF NOT EXISTS "knowledgebase_impact_members_from_impact_id_105ca189" ON "knowledgebase_impact_members" ("from_impact_id");
CREATE INDEX IF NOT EXISTS "knowledgebase_impact_members_to_impact_id_8b695957" ON "knowledgebase_impact_members" ("to_impact_id");
CREATE UNIQUE INDEX "knowledgebase_activity_members_from_activity_id_to_activity_id_1eff765f_uniq" ON "knowledgebase_activity_members" ("from_activity_id", "to_activity_id");
CREATE INDEX IF NOT EXISTS "knowledgebase_activity_members_from_activity_id_c9a26e2e" ON "knowledgebase_activity_members" ("from_activity_id");
CREATE INDEX IF NOT EXISTS "knowledgebase_activity_members_to_activity_id_579436d7" ON "knowledgebase_activity_members" ("to_activity_id");
CREATE UNIQUE INDEX "knowledgebase_actor_members_from_actor_id_to_actor_id_e7ed223d_uniq" ON "knowledgebase_actor_members" ("from_actor_id", "to_actor_id");
CREATE INDEX IF NOT EXISTS "knowledgebase_actor_members_from_actor_id_f23e9112" ON "knowledgebase_actor_members" ("from_actor_id");
CREATE INDEX IF NOT EXISTS "knowledgebase_actor_members_to_actor_id_0201cd5c" ON "knowledgebase_actor_members" ("to_actor_id");
CREATE INDEX IF NOT EXISTS "rest_framework_api_key_apikey_created_c61872d9" ON "rest_framework_api_key_apikey" ("created");
CREATE INDEX IF NOT EXISTS "knowledgebase_actor_category_id_9ed600e2" ON "knowledgebase_actor" ("category_id");
CREATE INDEX IF NOT EXISTS "knowledgebase_product_category_id_e08a0e2f" ON "knowledgebase_product" ("category_id");
CREATE INDEX IF NOT EXISTS "account_emailconfirmation_email_address_id_5b7f8c58" ON "account_emailconfirmation" ("email_address_id");
CREATE UNIQUE INDEX "account_emailaddress_user_id_email_987c8728_uniq" ON "account_emailaddress" ("user_id", "email");
CREATE UNIQUE INDEX "unique_verified_email" ON "account_emailaddress" ("email") WHERE "verified";
CREATE INDEX IF NOT EXISTS "account_emailaddress_user_id_2c513194" ON "account_emailaddress" ("user_id");
CREATE INDEX IF NOT EXISTS "account_emailaddress_upper" ON "account_emailaddress" ((UPPER("email")));
CREATE UNIQUE INDEX "socialaccount_socialtoken_app_id_account_id_fca4e0ac_uniq" ON "socialaccount_socialtoken" ("app_id", "account_id");
CREATE INDEX IF NOT EXISTS "socialaccount_socialtoken_account_id_951f210e" ON "socialaccount_socialtoken" ("account_id");
CREATE INDEX IF NOT EXISTS "socialaccount_socialtoken_app_id_636a42d7" ON "socialaccount_socialtoken" ("app_id");
CREATE UNIQUE INDEX "socialaccount_socialaccount_provider_uid_fc810c6e_uniq" ON "socialaccount_socialaccount" ("provider", "uid");
CREATE INDEX IF NOT EXISTS "socialaccount_socialaccount_user_id_8146e70c" ON "socialaccount_socialaccount" ("user_id");
CREATE INDEX IF NOT EXISTS "knowledgebase_location_category_id_c7d20c2e" ON "knowledgebase_location" ("category_id");
CREATE INDEX IF NOT EXISTS "knowledgebase_evidence_document_id_c2f41197" ON "knowledgebase_evidence" ("document_id");
CREATE INDEX IF NOT EXISTS "knowledgebase_evidence_topic_id_0486bccd" ON "knowledgebase_evidence" ("topic_id");
CREATE TABLE IF NOT EXISTS "knowledgebase_locationcategory" ("id" integer NOT NULL PRIMARY KEY AUTOINCREMENT, "name" varchar(50) NOT NULL UNIQUE, "description" text NOT NULL, "alternative_names" varchar(250) NOT NULL);
INSERT INTO "knowledgebase_locationcategory" VALUES(1,'Factory','','');
INSERT INTO "knowledgebase_locationcategory" VALUES(2,'Mine','','');
INSERT INTO "knowledgebase_locationcategory" VALUES(3,'Province','','');
INSERT INTO "knowledgebase_locationcategory" VALUES(4,'Region','','');
INSERT INTO "knowledgebase_locationcategory" VALUES(5,'Country','','');
INSERT INTO "knowledgebase_locationcategory" VALUES(6,'Town','','');
INSERT INTO "knowledgebase_locationcategory" VALUES(7,'Area','','');
INSERT INTO "knowledgebase_locationcategory" VALUES(8,'Subregion','https://en.wikipedia.org/wiki/Subregion','');
INSERT INTO "knowledgebase_locationcategory" VALUES(9,'Sea','','');
INSERT INTO "knowledgebase_locationcategory" VALUES(10,'Village','','');
INSERT INTO "knowledgebase_locationcategory" VALUES(11,'Continent','','');
INSERT INTO "knowledgebase_locationcategory" VALUES(12,'State Union','','');
CREATE UNIQUE INDEX "auth_group_permissions_group_id_permission_id_0cd325b0_uniq" ON "auth_group_permissions" ("group_id", "permission_id");
CREATE INDEX IF NOT EXISTS "auth_group_permissions_group_id_b120cbf9" ON "auth_group_permissions" ("group_id");
CREATE INDEX IF NOT EXISTS "auth_group_permissions_permission_id_84c5c92e" ON "auth_group_permissions" ("permission_id");
CREATE UNIQUE INDEX "auth_user_groups_user_id_group_id_94350c0c_uniq" ON "auth_user_groups" ("user_id", "group_id");
CREATE INDEX IF NOT EXISTS "auth_user_groups_user_id_6a12ed8b" ON "auth_user_groups" ("user_id");
CREATE INDEX IF NOT EXISTS "auth_user_groups_group_id_97559544" ON "auth_user_groups" ("group_id");
CREATE UNIQUE INDEX "auth_user_user_permissions_user_id_permission_id_14a6b632_uniq" ON "auth_user_user_permissions" ("user_id", "permission_id");
CREATE INDEX IF NOT EXISTS "auth_user_user_permissions_user_id_a95ead1b" ON "auth_user_user_permissions" ("user_id");
CREATE INDEX IF NOT EXISTS "auth_user_user_permissions_permission_id_1fbb5f2c" ON "auth_user_user_permissions" ("permission_id");
CREATE INDEX IF NOT EXISTS "django_admin_log_content_type_id_c4bce8eb" ON "django_admin_log" ("content_type_id");
CREATE INDEX IF NOT EXISTS "django_admin_log_user_id_c564eba6" ON "django_admin_log" ("user_id");
CREATE UNIQUE INDEX "django_content_type_app_label_model_76bd3d3b_uniq" ON "django_content_type" ("app_label", "model");
CREATE UNIQUE INDEX "auth_permission_content_type_id_codename_01ab375a_uniq" ON "auth_permission" ("content_type_id", "codename");
CREATE INDEX IF NOT EXISTS "auth_permission_content_type_id_2f476e4b" ON "auth_permission" ("content_type_id");
CREATE INDEX IF NOT EXISTS "django_session_expire_date_a5c62663" ON "django_session" ("expire_date");
CREATE UNIQUE INDEX "knowledgebase_document_assocs_document_id_actor_id_0dba6674_uniq" ON "knowledgebase_document_assocs" ("document_id", "actor_id");
CREATE INDEX IF NOT EXISTS "knowledgebase_document_assocs_document_id_787a19cd" ON "knowledgebase_document_assocs" ("document_id");
CREATE INDEX IF NOT EXISTS "knowledgebase_document_assocs_actor_id_3ac84104" ON "knowledgebase_document_assocs" ("actor_id");
CREATE UNIQUE INDEX "knowledgebase_topic_products_topic_id_product_id_3f42bd5d_uniq" ON "knowledgebase_topic_products" ("topic_id", "product_id");
CREATE INDEX IF NOT EXISTS "knowledgebase_topic_products_topic_id_f888e9d9" ON "knowledgebase_topic_products" ("topic_id");
CREATE INDEX IF NOT EXISTS "knowledgebase_topic_products_product_id_8629a278" ON "knowledgebase_topic_products" ("product_id");
CREATE UNIQUE INDEX "knowledgebase_topic_locations_topic_id_location_id_f696a750_uniq" ON "knowledgebase_topic_locations" ("topic_id", "location_id");
CREATE INDEX IF NOT EXISTS "knowledgebase_topic_locations_topic_id_6aed79ba" ON "knowledgebase_topic_locations" ("topic_id");
CREATE INDEX IF NOT EXISTS "knowledgebase_topic_locations_location_id_8f9c03b8" ON "knowledgebase_topic_locations" ("location_id");
CREATE UNIQUE INDEX "knowledgebase_topic_activities_topic_id_activity_id_ec4b9f3e_uniq" ON "knowledgebase_topic_activities" ("topic_id", "activity_id");
CREATE INDEX IF NOT EXISTS "knowledgebase_topic_activities_topic_id_9de12ab5" ON "knowledgebase_topic_activities" ("topic_id");
CREATE INDEX IF NOT EXISTS "knowledgebase_topic_activities_activity_id_8baf0b60" ON "knowledgebase_topic_activities" ("activity_id");
CREATE UNIQUE INDEX "knowledgebase_topic_actors_topic_id_actor_id_95b82317_uniq" ON "knowledgebase_topic_actors" ("topic_id", "actor_id");
CREATE INDEX IF NOT EXISTS "knowledgebase_topic_actors_topic_id_8653ede0" ON "knowledgebase_topic_actors" ("topic_id");
CREATE INDEX IF NOT EXISTS "knowledgebase_topic_actors_actor_id_877d062b" ON "knowledgebase_topic_actors" ("actor_id");
CREATE UNIQUE INDEX "knowledgebase_topic_impacts_topic_id_impact_id_c9cfe9f2_uniq" ON "knowledgebase_topic_impacts" ("topic_id", "impact_id");
CREATE INDEX IF NOT EXISTS "knowledgebase_topic_impacts_topic_id_d750e6ab" ON "knowledgebase_topic_impacts" ("topic_id");
CREATE INDEX IF NOT EXISTS "knowledgebase_topic_impacts_impact_id_7b7ca3b9" ON "knowledgebase_topic_impacts" ("impact_id");
CREATE UNIQUE INDEX "knowledgebase_product_members_from_product_id_to_product_id_9a8ccd2c_uniq" ON "knowledgebase_product_members" ("from_product_id", "to_product_id");
CREATE INDEX IF NOT EXISTS "knowledgebase_product_members_from_product_id_c52d0ac5" ON "knowledgebase_product_members" ("from_product_id");
CREATE INDEX IF NOT EXISTS "knowledgebase_product_members_to_product_id_918c8808" ON "knowledgebase_product_members" ("to_product_id");
CREATE UNIQUE INDEX "knowledgebase_location_members_from_location_id_to_location_id_e45db455_uniq" ON "knowledgebase_location_members" ("from_location_id", "to_location_id");
CREATE INDEX IF NOT EXISTS "knowledgebase_location_members_from_location_id_7302ce95" ON "knowledgebase_location_members" ("from_location_id");
CREATE INDEX IF NOT EXISTS "knowledgebase_location_members_to_location_id_6ed01a55" ON "knowledgebase_location_members" ("to_location_id");
CREATE UNIQUE INDEX "knowledgebase_impact_members_from_impact_id_to_impact_id_a4d850d5_uniq" ON "knowledgebase_impact_members" ("from_impact_id", "to_impact_id");
CREATE INDEX IF NOT EXISTS "knowledgebase_impact_members_from_impact_id_105ca189" ON "knowledgebase_impact_members" ("from_impact_id");
CREATE INDEX IF NOT EXISTS "knowledgebase_impact_members_to_impact_id_8b695957" ON "knowledgebase_impact_members" ("to_impact_id");
CREATE UNIQUE INDEX "knowledgebase_activity_members_from_activity_id_to_activity_id_1eff765f_uniq" ON "knowledgebase_activity_members" ("from_activity_id", "to_activity_id");
CREATE INDEX IF NOT EXISTS "knowledgebase_activity_members_from_activity_id_c9a26e2e" ON "knowledgebase_activity_members" ("from_activity_id");
CREATE INDEX IF NOT EXISTS "knowledgebase_activity_members_to_activity_id_579436d7" ON "knowledgebase_activity_members" ("to_activity_id");
CREATE UNIQUE INDEX "knowledgebase_actor_members_from_actor_id_to_actor_id_e7ed223d_uniq" ON "knowledgebase_actor_members" ("from_actor_id", "to_actor_id");
CREATE INDEX IF NOT EXISTS "knowledgebase_actor_members_from_actor_id_f23e9112" ON "knowledgebase_actor_members" ("from_actor_id");
CREATE INDEX IF NOT EXISTS "knowledgebase_actor_members_to_actor_id_0201cd5c" ON "knowledgebase_actor_members" ("to_actor_id");
CREATE INDEX IF NOT EXISTS "rest_framework_api_key_apikey_created_c61872d9" ON "rest_framework_api_key_apikey" ("created");
CREATE INDEX IF NOT EXISTS "knowledgebase_actor_category_id_9ed600e2" ON "knowledgebase_actor" ("category_id");
CREATE INDEX IF NOT EXISTS "knowledgebase_product_category_id_e08a0e2f" ON "knowledgebase_product" ("category_id");
CREATE INDEX IF NOT EXISTS "account_emailconfirmation_email_address_id_5b7f8c58" ON "account_emailconfirmation" ("email_address_id");
CREATE UNIQUE INDEX "account_emailaddress_user_id_email_987c8728_uniq" ON "account_emailaddress" ("user_id", "email");
CREATE UNIQUE INDEX "unique_verified_email" ON "account_emailaddress" ("email") WHERE "verified";
CREATE INDEX IF NOT EXISTS "account_emailaddress_user_id_2c513194" ON "account_emailaddress" ("user_id");
CREATE INDEX IF NOT EXISTS "account_emailaddress_upper" ON "account_emailaddress" ((UPPER("email")));
CREATE UNIQUE INDEX "socialaccount_socialtoken_app_id_account_id_fca4e0ac_uniq" ON "socialaccount_socialtoken" ("app_id", "account_id");
CREATE INDEX IF NOT EXISTS "socialaccount_socialtoken_account_id_951f210e" ON "socialaccount_socialtoken" ("account_id");
CREATE INDEX IF NOT EXISTS "socialaccount_socialtoken_app_id_636a42d7" ON "socialaccount_socialtoken" ("app_id");
CREATE UNIQUE INDEX "socialaccount_socialaccount_provider_uid_fc810c6e_uniq" ON "socialaccount_socialaccount" ("provider", "uid");
CREATE INDEX IF NOT EXISTS "socialaccount_socialaccount_user_id_8146e70c" ON "socialaccount_socialaccount" ("user_id");
CREATE INDEX IF NOT EXISTS "knowledgebase_location_category_id_c7d20c2e" ON "knowledgebase_location" ("category_id");
CREATE INDEX IF NOT EXISTS "knowledgebase_evidence_document_id_c2f41197" ON "knowledgebase_evidence" ("document_id");
CREATE INDEX IF NOT EXISTS "knowledgebase_evidence_topic_id_0486bccd" ON "knowledgebase_evidence" ("topic_id");
CREATE TABLE IF NOT EXISTS "knowledgebase_product" ("id" integer NOT NULL PRIMARY KEY AUTOINCREMENT, "name" varchar(100) NOT NULL, "alternative_names" varchar(250) NOT NULL, "category_id" bigint NOT NULL REFERENCES "knowledgebase_productcategory" ("id") DEFERRABLE INITIALLY DEFERRED);
INSERT INTO "knowledgebase_product" VALUES(1,'Copper','',2);
INSERT INTO "knowledgebase_product" VALUES(2,'Copper Ore','',4);
INSERT INTO "knowledgebase_product" VALUES(3,'Tin','',2);
INSERT INTO "knowledgebase_product" VALUES(4,'Lead Ore','',4);
INSERT INTO "knowledgebase_product" VALUES(5,'Iron Ore','',4);
INSERT INTO "knowledgebase_product" VALUES(6,'Gold','',4);
INSERT INTO "knowledgebase_product" VALUES(7,'Tin Ore','',4);
INSERT INTO "knowledgebase_product" VALUES(8,'Tantalum Ore','Coltan',4);
INSERT INTO "knowledgebase_product" VALUES(9,'Tungsten Ore','Wolframite',4);
INSERT INTO "knowledgebase_product" VALUES(10,'Platin','',4);
INSERT INTO "knowledgebase_product" VALUES(12,'Metal Ore or Native Mineral','',4);
INSERT INTO "knowledgebase_product" VALUES(13,'Iron (pig)','',2);
INSERT INTO "knowledgebase_product" VALUES(14,'Phosphor','',4);
INSERT INTO "knowledgebase_product" VALUES(15,'Mica','',4);
INSERT INTO "knowledgebase_product" VALUES(16,'Platin','',2);
INSERT INTO "knowledgebase_product" VALUES(17,'Platinum Group Metal','',2);
INSERT INTO "knowledgebase_product" VALUES(18,'Palladium','',2);
INSERT INTO "knowledgebase_product" VALUES(19,'Rhodium','',2);
INSERT INTO "knowledgebase_product" VALUES(20,'Iridium','',2);
INSERT INTO "knowledgebase_product" VALUES(21,'Graphite','',4);
INSERT INTO "knowledgebase_product" VALUES(22,'Hydrogen','',2);
INSERT INTO "knowledgebase_product" VALUES(23,'Tourmaline','',4);
INSERT INTO "knowledgebase_product" VALUES(24,'Gold','',2);
INSERT INTO "knowledgebase_product" VALUES(25,'Resource','',4);
INSERT INTO "knowledgebase_product" VALUES(27,'Cobalt','',2);
INSERT INTO "knowledgebase_product" VALUES(28,'Cobalt Ore','',4);
INSERT INTO "knowledgebase_product" VALUES(29,'Lithium','',2);
INSERT INTO "knowledgebase_product" VALUES(30,'Nickel','',2);
INSERT INTO "knowledgebase_product" VALUES(31,'Manganese','',2);
INSERT INTO "knowledgebase_product" VALUES(32,'Graphite','',2);
INSERT INTO "knowledgebase_product" VALUES(33,'Copper Products','',5);
INSERT INTO "knowledgebase_product" VALUES(34,'Nickel Ore','',4);
INSERT INTO "knowledgebase_product" VALUES(35,'Molybdendum Ore','',4);
INSERT INTO "knowledgebase_product" VALUES(36,'Bauxite','Aluminium Ore',4);
INSERT INTO "knowledgebase_product" VALUES(37,'Metal','',2);
INSERT INTO "knowledgebase_product" VALUES(38,'Precious Metal','',2);
INSERT INTO "knowledgebase_product" VALUES(39,'3TG','',4);
INSERT INTO "knowledgebase_product" VALUES(40,'3T','',4);
INSERT INTO "knowledgebase_product" VALUES(41,'Electronics and Electrical Products','',1);
INSERT INTO "knowledgebase_product" VALUES(42,'Zinc Ore','',4);
INSERT INTO "knowledgebase_product" VALUES(43,'ICT','Information and Communication Technology',1);
INSERT INTO "knowledgebase_product" VALUES(44,'Waste','',6);
INSERT INTO "knowledgebase_product" VALUES(45,'E-waste','',6);
INSERT INTO "knowledgebase_product" VALUES(46,'Printer Cartridge','',7);
INSERT INTO "knowledgebase_product" VALUES(47,'Digital Camera','',1);
INSERT INTO "knowledgebase_product" VALUES(48,'Lithium','',4);
INSERT INTO "knowledgebase_product" VALUES(49,'Electronic and Electrical Parts','',3);
INSERT INTO "knowledgebase_product" VALUES(50,'Battery','',3);
INSERT INTO "knowledgebase_product" VALUES(51,'Steel','',2);
INSERT INTO "knowledgebase_product" VALUES(52,'Aluminium','',2);
INSERT INTO "knowledgebase_product" VALUES(53,'Solar','Panel, PV, Photovoltage',1);
INSERT INTO "knowledgebase_product" VALUES(54,'Wind Turbine','',1);
INSERT INTO "knowledgebase_product" VALUES(55,'Renewable Energy','',1);
INSERT INTO "knowledgebase_product" VALUES(56,'Smartphone','',1);
INSERT INTO "knowledgebase_product" VALUES(57,'Device (general)','',1);
INSERT INTO "knowledgebase_product" VALUES(58,'Silver Ore','',4);
INSERT INTO "knowledgebase_product" VALUES(59,'Semiconductors','',3);
INSERT INTO "knowledgebase_product" VALUES(60,'Electric Vehicles','',1);
INSERT INTO "knowledgebase_product" VALUES(61,'Rare Earths','',4);
CREATE UNIQUE INDEX "auth_group_permissions_group_id_permission_id_0cd325b0_uniq" ON "auth_group_permissions" ("group_id", "permission_id");
CREATE INDEX IF NOT EXISTS "auth_group_permissions_group_id_b120cbf9" ON "auth_group_permissions" ("group_id");
CREATE INDEX IF NOT EXISTS "auth_group_permissions_permission_id_84c5c92e" ON "auth_group_permissions" ("permission_id");
CREATE UNIQUE INDEX "auth_user_groups_user_id_group_id_94350c0c_uniq" ON "auth_user_groups" ("user_id", "group_id");
CREATE INDEX IF NOT EXISTS "auth_user_groups_user_id_6a12ed8b" ON "auth_user_groups" ("user_id");
CREATE INDEX IF NOT EXISTS "auth_user_groups_group_id_97559544" ON "auth_user_groups" ("group_id");
CREATE UNIQUE INDEX "auth_user_user_permissions_user_id_permission_id_14a6b632_uniq" ON "auth_user_user_permissions" ("user_id", "permission_id");
CREATE INDEX IF NOT EXISTS "auth_user_user_permissions_user_id_a95ead1b" ON "auth_user_user_permissions" ("user_id");
CREATE INDEX IF NOT EXISTS "auth_user_user_permissions_permission_id_1fbb5f2c" ON "auth_user_user_permissions" ("permission_id");
CREATE INDEX IF NOT EXISTS "django_admin_log_content_type_id_c4bce8eb" ON "django_admin_log" ("content_type_id");
CREATE INDEX IF NOT EXISTS "django_admin_log_user_id_c564eba6" ON "django_admin_log" ("user_id");
CREATE UNIQUE INDEX "django_content_type_app_label_model_76bd3d3b_uniq" ON "django_content_type" ("app_label", "model");
CREATE UNIQUE INDEX "auth_permission_content_type_id_codename_01ab375a_uniq" ON "auth_permission" ("content_type_id", "codename");
CREATE INDEX IF NOT EXISTS "auth_permission_content_type_id_2f476e4b" ON "auth_permission" ("content_type_id");
CREATE INDEX IF NOT EXISTS "django_session_expire_date_a5c62663" ON "django_session" ("expire_date");
CREATE UNIQUE INDEX "knowledgebase_document_assocs_document_id_actor_id_0dba6674_uniq" ON "knowledgebase_document_assocs" ("document_id", "actor_id");
CREATE INDEX IF NOT EXISTS "knowledgebase_document_assocs_document_id_787a19cd" ON "knowledgebase_document_assocs" ("document_id");
CREATE INDEX IF NOT EXISTS "knowledgebase_document_assocs_actor_id_3ac84104" ON "knowledgebase_document_assocs" ("actor_id");
CREATE UNIQUE INDEX "knowledgebase_topic_products_topic_id_product_id_3f42bd5d_uniq" ON "knowledgebase_topic_products" ("topic_id", "product_id");
CREATE INDEX IF NOT EXISTS "knowledgebase_topic_products_topic_id_f888e9d9" ON "knowledgebase_topic_products" ("topic_id");
CREATE INDEX IF NOT EXISTS "knowledgebase_topic_products_product_id_8629a278" ON "knowledgebase_topic_products" ("product_id");
CREATE UNIQUE INDEX "knowledgebase_topic_locations_topic_id_location_id_f696a750_uniq" ON "knowledgebase_topic_locations" ("topic_id", "location_id");
CREATE INDEX IF NOT EXISTS "knowledgebase_topic_locations_topic_id_6aed79ba" ON "knowledgebase_topic_locations" ("topic_id");
CREATE INDEX IF NOT EXISTS "knowledgebase_topic_locations_location_id_8f9c03b8" ON "knowledgebase_topic_locations" ("location_id");
CREATE UNIQUE INDEX "knowledgebase_topic_activities_topic_id_activity_id_ec4b9f3e_uniq" ON "knowledgebase_topic_activities" ("topic_id", "activity_id");
CREATE INDEX IF NOT EXISTS "knowledgebase_topic_activities_topic_id_9de12ab5" ON "knowledgebase_topic_activities" ("topic_id");
CREATE INDEX IF NOT EXISTS "knowledgebase_topic_activities_activity_id_8baf0b60" ON "knowledgebase_topic_activities" ("activity_id");
CREATE UNIQUE INDEX "knowledgebase_topic_actors_topic_id_actor_id_95b82317_uniq" ON "knowledgebase_topic_actors" ("topic_id", "actor_id");
CREATE INDEX IF NOT EXISTS "knowledgebase_topic_actors_topic_id_8653ede0" ON "knowledgebase_topic_actors" ("topic_id");
CREATE INDEX IF NOT EXISTS "knowledgebase_topic_actors_actor_id_877d062b" ON "knowledgebase_topic_actors" ("actor_id");
CREATE UNIQUE INDEX "knowledgebase_topic_impacts_topic_id_impact_id_c9cfe9f2_uniq" ON "knowledgebase_topic_impacts" ("topic_id", "impact_id");
CREATE INDEX IF NOT EXISTS "knowledgebase_topic_impacts_topic_id_d750e6ab" ON "knowledgebase_topic_impacts" ("topic_id");
CREATE INDEX IF NOT EXISTS "knowledgebase_topic_impacts_impact_id_7b7ca3b9" ON "knowledgebase_topic_impacts" ("impact_id");
CREATE UNIQUE INDEX "knowledgebase_product_members_from_product_id_to_product_id_9a8ccd2c_uniq" ON "knowledgebase_product_members" ("from_product_id", "to_product_id");
CREATE INDEX IF NOT EXISTS "knowledgebase_product_members_from_product_id_c52d0ac5" ON "knowledgebase_product_members" ("from_product_id");
CREATE INDEX IF NOT EXISTS "knowledgebase_product_members_to_product_id_918c8808" ON "knowledgebase_product_members" ("to_product_id");
CREATE UNIQUE INDEX "knowledgebase_location_members_from_location_id_to_location_id_e45db455_uniq" ON "knowledgebase_location_members" ("from_location_id", "to_location_id");
CREATE INDEX IF NOT EXISTS "knowledgebase_location_members_from_location_id_7302ce95" ON "knowledgebase_location_members" ("from_location_id");
CREATE INDEX IF NOT EXISTS "knowledgebase_location_members_to_location_id_6ed01a55" ON "knowledgebase_location_members" ("to_location_id");
CREATE UNIQUE INDEX "knowledgebase_impact_members_from_impact_id_to_impact_id_a4d850d5_uniq" ON "knowledgebase_impact_members" ("from_impact_id", "to_impact_id");
CREATE INDEX IF NOT EXISTS "knowledgebase_impact_members_from_impact_id_105ca189" ON "knowledgebase_impact_members" ("from_impact_id");
CREATE INDEX IF NOT EXISTS "knowledgebase_impact_members_to_impact_id_8b695957" ON "knowledgebase_impact_members" ("to_impact_id");
CREATE UNIQUE INDEX "knowledgebase_activity_members_from_activity_id_to_activity_id_1eff765f_uniq" ON "knowledgebase_activity_members" ("from_activity_id", "to_activity_id");
CREATE INDEX IF NOT EXISTS "knowledgebase_activity_members_from_activity_id_c9a26e2e" ON "knowledgebase_activity_members" ("from_activity_id");
CREATE INDEX IF NOT EXISTS "knowledgebase_activity_members_to_activity_id_579436d7" ON "knowledgebase_activity_members" ("to_activity_id");
CREATE UNIQUE INDEX "knowledgebase_actor_members_from_actor_id_to_actor_id_e7ed223d_uniq" ON "knowledgebase_actor_members" ("from_actor_id", "to_actor_id");
CREATE INDEX IF NOT EXISTS "knowledgebase_actor_members_from_actor_id_f23e9112" ON "knowledgebase_actor_members" ("from_actor_id");
CREATE INDEX IF NOT EXISTS "knowledgebase_actor_members_to_actor_id_0201cd5c" ON "knowledgebase_actor_members" ("to_actor_id");
CREATE INDEX IF NOT EXISTS "rest_framework_api_key_apikey_created_c61872d9" ON "rest_framework_api_key_apikey" ("created");
CREATE INDEX IF NOT EXISTS "knowledgebase_actor_category_id_9ed600e2" ON "knowledgebase_actor" ("category_id");
CREATE INDEX IF NOT EXISTS "knowledgebase_product_category_id_e08a0e2f" ON "knowledgebase_product" ("category_id");
CREATE INDEX IF NOT EXISTS "account_emailconfirmation_email_address_id_5b7f8c58" ON "account_emailconfirmation" ("email_address_id");
CREATE UNIQUE INDEX "account_emailaddress_user_id_email_987c8728_uniq" ON "account_emailaddress" ("user_id", "email");
CREATE UNIQUE INDEX "unique_verified_email" ON "account_emailaddress" ("email") WHERE "verified";
CREATE INDEX IF NOT EXISTS "account_emailaddress_user_id_2c513194" ON "account_emailaddress" ("user_id");
CREATE INDEX IF NOT EXISTS "account_emailaddress_upper" ON "account_emailaddress" ((UPPER("email")));
CREATE UNIQUE INDEX "socialaccount_socialtoken_app_id_account_id_fca4e0ac_uniq" ON "socialaccount_socialtoken" ("app_id", "account_id");
CREATE INDEX IF NOT EXISTS "socialaccount_socialtoken_account_id_951f210e" ON "socialaccount_socialtoken" ("account_id");
CREATE INDEX IF NOT EXISTS "socialaccount_socialtoken_app_id_636a42d7" ON "socialaccount_socialtoken" ("app_id");
CREATE UNIQUE INDEX "socialaccount_socialaccount_provider_uid_fc810c6e_uniq" ON "socialaccount_socialaccount" ("provider", "uid");
CREATE INDEX IF NOT EXISTS "socialaccount_socialaccount_user_id_8146e70c" ON "socialaccount_socialaccount" ("user_id");
CREATE INDEX IF NOT EXISTS "knowledgebase_location_category_id_c7d20c2e" ON "knowledgebase_location" ("category_id");
CREATE INDEX IF NOT EXISTS "knowledgebase_evidence_document_id_c2f41197" ON "knowledgebase_evidence" ("document_id");
CREATE INDEX IF NOT EXISTS "knowledgebase_evidence_topic_id_0486bccd" ON "knowledgebase_evidence" ("topic_id");
CREATE TABLE IF NOT EXISTS "knowledgebase_product_members" ("id" integer NOT NULL PRIMARY KEY AUTOINCREMENT, "from_product_id" bigint NOT NULL REFERENCES "knowledgebase_product" ("id") DEFERRABLE INITIALLY DEFERRED, "to_product_id" bigint NOT NULL REFERENCES "knowledgebase_product" ("id") DEFERRABLE INITIALLY DEFERRED);
INSERT INTO "knowledgebase_product_members" VALUES(3,39,6);
INSERT INTO "knowledgebase_product_members" VALUES(5,40,8);
INSERT INTO "knowledgebase_product_members" VALUES(6,40,9);
INSERT INTO "knowledgebase_product_members" VALUES(7,40,7);
INSERT INTO "knowledgebase_product_members" VALUES(8,39,40);
INSERT INTO "knowledgebase_product_members" VALUES(9,17,16);
INSERT INTO "knowledgebase_product_members" VALUES(10,17,18);
INSERT INTO "knowledgebase_product_members" VALUES(11,17,19);
INSERT INTO "knowledgebase_product_members" VALUES(12,17,20);
INSERT INTO "knowledgebase_product_members" VALUES(14,44,45);
INSERT INTO "knowledgebase_product_members" VALUES(15,41,47);
INSERT INTO "knowledgebase_product_members" VALUES(16,49,50);
INSERT INTO "knowledgebase_product_members" VALUES(17,55,53);
INSERT INTO "knowledgebase_product_members" VALUES(18,55,54);
CREATE UNIQUE INDEX "auth_group_permissions_group_id_permission_id_0cd325b0_uniq" ON "auth_group_permissions" ("group_id", "permission_id");
CREATE INDEX IF NOT EXISTS "auth_group_permissions_group_id_b120cbf9" ON "auth_group_permissions" ("group_id");
CREATE INDEX IF NOT EXISTS "auth_group_permissions_permission_id_84c5c92e" ON "auth_group_permissions" ("permission_id");
CREATE UNIQUE INDEX "auth_user_groups_user_id_group_id_94350c0c_uniq" ON "auth_user_groups" ("user_id", "group_id");
CREATE INDEX IF NOT EXISTS "auth_user_groups_user_id_6a12ed8b" ON "auth_user_groups" ("user_id");
CREATE INDEX IF NOT EXISTS "auth_user_groups_group_id_97559544" ON "auth_user_groups" ("group_id");
CREATE UNIQUE INDEX "auth_user_user_permissions_user_id_permission_id_14a6b632_uniq" ON "auth_user_user_permissions" ("user_id", "permission_id");
CREATE INDEX IF NOT EXISTS "auth_user_user_permissions_user_id_a95ead1b" ON "auth_user_user_permissions" ("user_id");
CREATE INDEX IF NOT EXISTS "auth_user_user_permissions_permission_id_1fbb5f2c" ON "auth_user_user_permissions" ("permission_id");
CREATE INDEX IF NOT EXISTS "django_admin_log_content_type_id_c4bce8eb" ON "django_admin_log" ("content_type_id");
CREATE INDEX IF NOT EXISTS "django_admin_log_user_id_c564eba6" ON "django_admin_log" ("user_id");
CREATE UNIQUE INDEX "django_content_type_app_label_model_76bd3d3b_uniq" ON "django_content_type" ("app_label", "model");
CREATE UNIQUE INDEX "auth_permission_content_type_id_codename_01ab375a_uniq" ON "auth_permission" ("content_type_id", "codename");
CREATE INDEX IF NOT EXISTS "auth_permission_content_type_id_2f476e4b" ON "auth_permission" ("content_type_id");
CREATE INDEX IF NOT EXISTS "django_session_expire_date_a5c62663" ON "django_session" ("expire_date");
CREATE UNIQUE INDEX "knowledgebase_document_assocs_document_id_actor_id_0dba6674_uniq" ON "knowledgebase_document_assocs" ("document_id", "actor_id");
CREATE INDEX IF NOT EXISTS "knowledgebase_document_assocs_document_id_787a19cd" ON "knowledgebase_document_assocs" ("document_id");
CREATE INDEX IF NOT EXISTS "knowledgebase_document_assocs_actor_id_3ac84104" ON "knowledgebase_document_assocs" ("actor_id");
CREATE UNIQUE INDEX "knowledgebase_topic_products_topic_id_product_id_3f42bd5d_uniq" ON "knowledgebase_topic_products" ("topic_id", "product_id");
CREATE INDEX IF NOT EXISTS "knowledgebase_topic_products_topic_id_f888e9d9" ON "knowledgebase_topic_products" ("topic_id");
CREATE INDEX IF NOT EXISTS "knowledgebase_topic_products_product_id_8629a278" ON "knowledgebase_topic_products" ("product_id");
CREATE UNIQUE INDEX "knowledgebase_topic_locations_topic_id_location_id_f696a750_uniq" ON "knowledgebase_topic_locations" ("topic_id", "location_id");
CREATE INDEX IF NOT EXISTS "knowledgebase_topic_locations_topic_id_6aed79ba" ON "knowledgebase_topic_locations" ("topic_id");
CREATE INDEX IF NOT EXISTS "knowledgebase_topic_locations_location_id_8f9c03b8" ON "knowledgebase_topic_locations" ("location_id");
CREATE UNIQUE INDEX "knowledgebase_topic_activities_topic_id_activity_id_ec4b9f3e_uniq" ON "knowledgebase_topic_activities" ("topic_id", "activity_id");
CREATE INDEX IF NOT EXISTS "knowledgebase_topic_activities_topic_id_9de12ab5" ON "knowledgebase_topic_activities" ("topic_id");
CREATE INDEX IF NOT EXISTS "knowledgebase_topic_activities_activity_id_8baf0b60" ON "knowledgebase_topic_activities" ("activity_id");
CREATE UNIQUE INDEX "knowledgebase_topic_actors_topic_id_actor_id_95b82317_uniq" ON "knowledgebase_topic_actors" ("topic_id", "actor_id");
CREATE INDEX IF NOT EXISTS "knowledgebase_topic_actors_topic_id_8653ede0" ON "knowledgebase_topic_actors" ("topic_id");
CREATE INDEX IF NOT EXISTS "knowledgebase_topic_actors_actor_id_877d062b" ON "knowledgebase_topic_actors" ("actor_id");
CREATE UNIQUE INDEX "knowledgebase_topic_impacts_topic_id_impact_id_c9cfe9f2_uniq" ON "knowledgebase_topic_impacts" ("topic_id", "impact_id");
CREATE INDEX IF NOT EXISTS "knowledgebase_topic_impacts_topic_id_d750e6ab" ON "knowledgebase_topic_impacts" ("topic_id");
CREATE INDEX IF NOT EXISTS "knowledgebase_topic_impacts_impact_id_7b7ca3b9" ON "knowledgebase_topic_impacts" ("impact_id");
CREATE UNIQUE INDEX "knowledgebase_product_members_from_product_id_to_product_id_9a8ccd2c_uniq" ON "knowledgebase_product_members" ("from_product_id", "to_product_id");
CREATE INDEX IF NOT EXISTS "knowledgebase_product_members_from_product_id_c52d0ac5" ON "knowledgebase_product_members" ("from_product_id");
CREATE INDEX IF NOT EXISTS "knowledgebase_product_members_to_product_id_918c8808" ON "knowledgebase_product_members" ("to_product_id");
CREATE UNIQUE INDEX "knowledgebase_location_members_from_location_id_to_location_id_e45db455_uniq" ON "knowledgebase_location_members" ("from_location_id", "to_location_id");
CREATE INDEX IF NOT EXISTS "knowledgebase_location_members_from_location_id_7302ce95" ON "knowledgebase_location_members" ("from_location_id");
CREATE INDEX IF NOT EXISTS "knowledgebase_location_members_to_location_id_6ed01a55" ON "knowledgebase_location_members" ("to_location_id");
CREATE UNIQUE INDEX "knowledgebase_impact_members_from_impact_id_to_impact_id_a4d850d5_uniq" ON "knowledgebase_impact_members" ("from_impact_id", "to_impact_id");
CREATE INDEX IF NOT EXISTS "knowledgebase_impact_members_from_impact_id_105ca189" ON "knowledgebase_impact_members" ("from_impact_id");
CREATE INDEX IF NOT EXISTS "knowledgebase_impact_members_to_impact_id_8b695957" ON "knowledgebase_impact_members" ("to_impact_id");
CREATE UNIQUE INDEX "knowledgebase_activity_members_from_activity_id_to_activity_id_1eff765f_uniq" ON "knowledgebase_activity_members" ("from_activity_id", "to_activity_id");
CREATE INDEX IF NOT EXISTS "knowledgebase_activity_members_from_activity_id_c9a26e2e" ON "knowledgebase_activity_members" ("from_activity_id");
CREATE INDEX IF NOT EXISTS "knowledgebase_activity_members_to_activity_id_579436d7" ON "knowledgebase_activity_members" ("to_activity_id");
CREATE UNIQUE INDEX "knowledgebase_actor_members_from_actor_id_to_actor_id_e7ed223d_uniq" ON "knowledgebase_actor_members" ("from_actor_id", "to_actor_id");
CREATE INDEX IF NOT EXISTS "knowledgebase_actor_members_from_actor_id_f23e9112" ON "knowledgebase_actor_members" ("from_actor_id");
CREATE INDEX IF NOT EXISTS "knowledgebase_actor_members_to_actor_id_0201cd5c" ON "knowledgebase_actor_members" ("to_actor_id");
CREATE INDEX IF NOT EXISTS "rest_framework_api_key_apikey_created_c61872d9" ON "rest_framework_api_key_apikey" ("created");
CREATE INDEX IF NOT EXISTS "knowledgebase_actor_category_id_9ed600e2" ON "knowledgebase_actor" ("category_id");
CREATE INDEX IF NOT EXISTS "knowledgebase_product_category_id_e08a0e2f" ON "knowledgebase_product" ("category_id");
CREATE INDEX IF NOT EXISTS "account_emailconfirmation_email_address_id_5b7f8c58" ON "account_emailconfirmation" ("email_address_id");
CREATE UNIQUE INDEX "account_emailaddress_user_id_email_987c8728_uniq" ON "account_emailaddress" ("user_id", "email");
CREATE UNIQUE INDEX "unique_verified_email" ON "account_emailaddress" ("email") WHERE "verified";
CREATE INDEX IF NOT EXISTS "account_emailaddress_user_id_2c513194" ON "account_emailaddress" ("user_id");
CREATE INDEX IF NOT EXISTS "account_emailaddress_upper" ON "account_emailaddress" ((UPPER("email")));
CREATE UNIQUE INDEX "socialaccount_socialtoken_app_id_account_id_fca4e0ac_uniq" ON "socialaccount_socialtoken" ("app_id", "account_id");
CREATE INDEX IF NOT EXISTS "socialaccount_socialtoken_account_id_951f210e" ON "socialaccount_socialtoken" ("account_id");
CREATE INDEX IF NOT EXISTS "socialaccount_socialtoken_app_id_636a42d7" ON "socialaccount_socialtoken" ("app_id");
CREATE UNIQUE INDEX "socialaccount_socialaccount_provider_uid_fc810c6e_uniq" ON "socialaccount_socialaccount" ("provider", "uid");
CREATE INDEX IF NOT EXISTS "socialaccount_socialaccount_user_id_8146e70c" ON "socialaccount_socialaccount" ("user_id");
CREATE INDEX IF NOT EXISTS "knowledgebase_location_category_id_c7d20c2e" ON "knowledgebase_location" ("category_id");
CREATE INDEX IF NOT EXISTS "knowledgebase_evidence_document_id_c2f41197" ON "knowledgebase_evidence" ("document_id");
CREATE INDEX IF NOT EXISTS "knowledgebase_evidence_topic_id_0486bccd" ON "knowledgebase_evidence" ("topic_id");
CREATE TABLE IF NOT EXISTS "knowledgebase_productcategory" ("id" integer NOT NULL PRIMARY KEY AUTOINCREMENT, "name" varchar(50) NOT NULL UNIQUE, "description" text NOT NULL, "alternative_names" varchar(250) NOT NULL);
INSERT INTO "knowledgebase_productcategory" VALUES(1,'Device','','');
INSERT INTO "knowledgebase_productcategory" VALUES(2,'Material','','');
INSERT INTO "knowledgebase_productcategory" VALUES(3,'Part','','');
INSERT INTO "knowledgebase_productcategory" VALUES(4,'Resource','','');
INSERT INTO "knowledgebase_productcategory" VALUES(5,'Semi','','');
INSERT INTO "knowledgebase_productcategory" VALUES(6,'Waste','','');
INSERT INTO "knowledgebase_productcategory" VALUES(7,'Module','','');
CREATE UNIQUE INDEX "auth_group_permissions_group_id_permission_id_0cd325b0_uniq" ON "auth_group_permissions" ("group_id", "permission_id");
CREATE INDEX IF NOT EXISTS "auth_group_permissions_group_id_b120cbf9" ON "auth_group_permissions" ("group_id");
CREATE INDEX IF NOT EXISTS "auth_group_permissions_permission_id_84c5c92e" ON "auth_group_permissions" ("permission_id");
CREATE UNIQUE INDEX "auth_user_groups_user_id_group_id_94350c0c_uniq" ON "auth_user_groups" ("user_id", "group_id");
CREATE INDEX IF NOT EXISTS "auth_user_groups_user_id_6a12ed8b" ON "auth_user_groups" ("user_id");
CREATE INDEX IF NOT EXISTS "auth_user_groups_group_id_97559544" ON "auth_user_groups" ("group_id");
CREATE UNIQUE INDEX "auth_user_user_permissions_user_id_permission_id_14a6b632_uniq" ON "auth_user_user_permissions" ("user_id", "permission_id");
CREATE INDEX IF NOT EXISTS "auth_user_user_permissions_user_id_a95ead1b" ON "auth_user_user_permissions" ("user_id");
CREATE INDEX IF NOT EXISTS "auth_user_user_permissions_permission_id_1fbb5f2c" ON "auth_user_user_permissions" ("permission_id");
CREATE INDEX IF NOT EXISTS "django_admin_log_content_type_id_c4bce8eb" ON "django_admin_log" ("content_type_id");
CREATE INDEX IF NOT EXISTS "django_admin_log_user_id_c564eba6" ON "django_admin_log" ("user_id");
CREATE UNIQUE INDEX "django_content_type_app_label_model_76bd3d3b_uniq" ON "django_content_type" ("app_label", "model");
CREATE UNIQUE INDEX "auth_permission_content_type_id_codename_01ab375a_uniq" ON "auth_permission" ("content_type_id", "codename");
CREATE INDEX IF NOT EXISTS "auth_permission_content_type_id_2f476e4b" ON "auth_permission" ("content_type_id");
CREATE INDEX IF NOT EXISTS "django_session_expire_date_a5c62663" ON "django_session" ("expire_date");
CREATE UNIQUE INDEX "knowledgebase_document_assocs_document_id_actor_id_0dba6674_uniq" ON "knowledgebase_document_assocs" ("document_id", "actor_id");
CREATE INDEX IF NOT EXISTS "knowledgebase_document_assocs_document_id_787a19cd" ON "knowledgebase_document_assocs" ("document_id");
CREATE INDEX IF NOT EXISTS "knowledgebase_document_assocs_actor_id_3ac84104" ON "knowledgebase_document_assocs" ("actor_id");
CREATE UNIQUE INDEX "knowledgebase_topic_products_topic_id_product_id_3f42bd5d_uniq" ON "knowledgebase_topic_products" ("topic_id", "product_id");
CREATE INDEX IF NOT EXISTS "knowledgebase_topic_products_topic_id_f888e9d9" ON "knowledgebase_topic_products" ("topic_id");
CREATE INDEX IF NOT EXISTS "knowledgebase_topic_products_product_id_8629a278" ON "knowledgebase_topic_products" ("product_id");
CREATE UNIQUE INDEX "knowledgebase_topic_locations_topic_id_location_id_f696a750_uniq" ON "knowledgebase_topic_locations" ("topic_id", "location_id");
CREATE INDEX IF NOT EXISTS "knowledgebase_topic_locations_topic_id_6aed79ba" ON "knowledgebase_topic_locations" ("topic_id");
CREATE INDEX IF NOT EXISTS "knowledgebase_topic_locations_location_id_8f9c03b8" ON "knowledgebase_topic_locations" ("location_id");
CREATE UNIQUE INDEX "knowledgebase_topic_activities_topic_id_activity_id_ec4b9f3e_uniq" ON "knowledgebase_topic_activities" ("topic_id", "activity_id");
CREATE INDEX IF NOT EXISTS "knowledgebase_topic_activities_topic_id_9de12ab5" ON "knowledgebase_topic_activities" ("topic_id");
CREATE INDEX IF NOT EXISTS "knowledgebase_topic_activities_activity_id_8baf0b60" ON "knowledgebase_topic_activities" ("activity_id");
CREATE UNIQUE INDEX "knowledgebase_topic_actors_topic_id_actor_id_95b82317_uniq" ON "knowledgebase_topic_actors" ("topic_id", "actor_id");
CREATE INDEX IF NOT EXISTS "knowledgebase_topic_actors_topic_id_8653ede0" ON "knowledgebase_topic_actors" ("topic_id");
CREATE INDEX IF NOT EXISTS "knowledgebase_topic_actors_actor_id_877d062b" ON "knowledgebase_topic_actors" ("actor_id");
CREATE UNIQUE INDEX "knowledgebase_topic_impacts_topic_id_impact_id_c9cfe9f2_uniq" ON "knowledgebase_topic_impacts" ("topic_id", "impact_id");
CREATE INDEX IF NOT EXISTS "knowledgebase_topic_impacts_topic_id_d750e6ab" ON "knowledgebase_topic_impacts" ("topic_id");
CREATE INDEX IF NOT EXISTS "knowledgebase_topic_impacts_impact_id_7b7ca3b9" ON "knowledgebase_topic_impacts" ("impact_id");
CREATE UNIQUE INDEX "knowledgebase_product_members_from_product_id_to_product_id_9a8ccd2c_uniq" ON "knowledgebase_product_members" ("from_product_id", "to_product_id");
CREATE INDEX IF NOT EXISTS "knowledgebase_product_members_from_product_id_c52d0ac5" ON "knowledgebase_product_members" ("from_product_id");
CREATE INDEX IF NOT EXISTS "knowledgebase_product_members_to_product_id_918c8808" ON "knowledgebase_product_members" ("to_product_id");
CREATE UNIQUE INDEX "knowledgebase_location_members_from_location_id_to_location_id_e45db455_uniq" ON "knowledgebase_location_members" ("from_location_id", "to_location_id");
CREATE INDEX IF NOT EXISTS "knowledgebase_location_members_from_location_id_7302ce95" ON "knowledgebase_location_members" ("from_location_id");
CREATE INDEX IF NOT EXISTS "knowledgebase_location_members_to_location_id_6ed01a55" ON "knowledgebase_location_members" ("to_location_id");
CREATE UNIQUE INDEX "knowledgebase_impact_members_from_impact_id_to_impact_id_a4d850d5_uniq" ON "knowledgebase_impact_members" ("from_impact_id", "to_impact_id");
CREATE INDEX IF NOT EXISTS "knowledgebase_impact_members_from_impact_id_105ca189" ON "knowledgebase_impact_members" ("from_impact_id");
CREATE INDEX IF NOT EXISTS "knowledgebase_impact_members_to_impact_id_8b695957" ON "knowledgebase_impact_members" ("to_impact_id");
CREATE UNIQUE INDEX "knowledgebase_activity_members_from_activity_id_to_activity_id_1eff765f_uniq" ON "knowledgebase_activity_members" ("from_activity_id", "to_activity_id");
CREATE INDEX IF NOT EXISTS "knowledgebase_activity_members_from_activity_id_c9a26e2e" ON "knowledgebase_activity_members" ("from_activity_id");
CREATE INDEX IF NOT EXISTS "knowledgebase_activity_members_to_activity_id_579436d7" ON "knowledgebase_activity_members" ("to_activity_id");
CREATE UNIQUE INDEX "knowledgebase_actor_members_from_actor_id_to_actor_id_e7ed223d_uniq" ON "knowledgebase_actor_members" ("from_actor_id", "to_actor_id");
CREATE INDEX IF NOT EXISTS "knowledgebase_actor_members_from_actor_id_f23e9112" ON "knowledgebase_actor_members" ("from_actor_id");
CREATE INDEX IF NOT EXISTS "knowledgebase_actor_members_to_actor_id_0201cd5c" ON "knowledgebase_actor_members" ("to_actor_id");
CREATE INDEX IF NOT EXISTS "rest_framework_api_key_apikey_created_c61872d9" ON "rest_framework_api_key_apikey" ("created");
CREATE INDEX IF NOT EXISTS "knowledgebase_actor_category_id_9ed600e2" ON "knowledgebase_actor" ("category_id");
CREATE INDEX IF NOT EXISTS "knowledgebase_product_category_id_e08a0e2f" ON "knowledgebase_product" ("category_id");
CREATE INDEX IF NOT EXISTS "account_emailconfirmation_email_address_id_5b7f8c58" ON "account_emailconfirmation" ("email_address_id");
CREATE UNIQUE INDEX "account_emailaddress_user_id_email_987c8728_uniq" ON "account_emailaddress" ("user_id", "email");
CREATE UNIQUE INDEX "unique_verified_email" ON "account_emailaddress" ("email") WHERE "verified";
CREATE INDEX IF NOT EXISTS "account_emailaddress_user_id_2c513194" ON "account_emailaddress" ("user_id");
CREATE INDEX IF NOT EXISTS "account_emailaddress_upper" ON "account_emailaddress" ((UPPER("email")));
CREATE UNIQUE INDEX "socialaccount_socialtoken_app_id_account_id_fca4e0ac_uniq" ON "socialaccount_socialtoken" ("app_id", "account_id");
CREATE INDEX IF NOT EXISTS "socialaccount_socialtoken_account_id_951f210e" ON "socialaccount_socialtoken" ("account_id");
CREATE INDEX IF NOT EXISTS "socialaccount_socialtoken_app_id_636a42d7" ON "socialaccount_socialtoken" ("app_id");
CREATE UNIQUE INDEX "socialaccount_socialaccount_provider_uid_fc810c6e_uniq" ON "socialaccount_socialaccount" ("provider", "uid");
CREATE INDEX IF NOT EXISTS "socialaccount_socialaccount_user_id_8146e70c" ON "socialaccount_socialaccount" ("user_id");
CREATE INDEX IF NOT EXISTS "knowledgebase_location_category_id_c7d20c2e" ON "knowledgebase_location" ("category_id");
CREATE INDEX IF NOT EXISTS "knowledgebase_evidence_document_id_c2f41197" ON "knowledgebase_evidence" ("document_id");
CREATE INDEX IF NOT EXISTS "knowledgebase_evidence_topic_id_0486bccd" ON "knowledgebase_evidence" ("topic_id");
CREATE TABLE IF NOT EXISTS "knowledgebase_topic" ("id" integer NOT NULL PRIMARY KEY AUTOINCREMENT);
INSERT INTO "knowledgebase_topic" VALUES(1);
INSERT INTO "knowledgebase_topic" VALUES(2);
INSERT INTO "knowledgebase_topic" VALUES(3);
INSERT INTO "knowledgebase_topic" VALUES(4);
INSERT INTO "knowledgebase_topic" VALUES(5);
INSERT INTO "knowledgebase_topic" VALUES(7);
INSERT INTO "knowledgebase_topic" VALUES(8);
INSERT INTO "knowledgebase_topic" VALUES(9);
INSERT INTO "knowledgebase_topic" VALUES(10);
INSERT INTO "knowledgebase_topic" VALUES(15);
INSERT INTO "knowledgebase_topic" VALUES(16);
INSERT INTO "knowledgebase_topic" VALUES(17);
INSERT INTO "knowledgebase_topic" VALUES(18);
INSERT INTO "knowledgebase_topic" VALUES(19);
INSERT INTO "knowledgebase_topic" VALUES(20);
INSERT INTO "knowledgebase_topic" VALUES(21);
INSERT INTO "knowledgebase_topic" VALUES(22);
INSERT INTO "knowledgebase_topic" VALUES(23);
INSERT INTO "knowledgebase_topic" VALUES(24);
INSERT INTO "knowledgebase_topic" VALUES(25);
INSERT INTO "knowledgebase_topic" VALUES(26);
INSERT INTO "knowledgebase_topic" VALUES(27);
INSERT INTO "knowledgebase_topic" VALUES(28);
INSERT INTO "knowledgebase_topic" VALUES(30);
INSERT INTO "knowledgebase_topic" VALUES(31);
INSERT INTO "knowledgebase_topic" VALUES(33);
INSERT INTO "knowledgebase_topic" VALUES(35);
INSERT INTO "knowledgebase_topic" VALUES(36);
INSERT INTO "knowledgebase_topic" VALUES(37);
INSERT INTO "knowledgebase_topic" VALUES(38);
INSERT INTO "knowledgebase_topic" VALUES(40);
INSERT INTO "knowledgebase_topic" VALUES(41);
INSERT INTO "knowledgebase_topic" VALUES(42);
INSERT INTO "knowledgebase_topic" VALUES(43);
INSERT INTO "knowledgebase_topic" VALUES(44);
INSERT INTO "knowledgebase_topic" VALUES(45);
INSERT INTO "knowledgebase_topic" VALUES(46);
INSERT INTO "knowledgebase_topic" VALUES(47);
INSERT INTO "knowledgebase_topic" VALUES(48);
INSERT INTO "knowledgebase_topic" VALUES(49);
INSERT INTO "knowledgebase_topic" VALUES(50);
INSERT INTO "knowledgebase_topic" VALUES(52);
INSERT INTO "knowledgebase_topic" VALUES(53);
INSERT INTO "knowledgebase_topic" VALUES(54);
INSERT INTO "knowledgebase_topic" VALUES(55);
INSERT INTO "knowledgebase_topic" VALUES(56);
INSERT INTO "knowledgebase_topic" VALUES(57);
INSERT INTO "knowledgebase_topic" VALUES(58);
INSERT INTO "knowledgebase_topic" VALUES(59);
INSERT INTO "knowledgebase_topic" VALUES(60);
INSERT INTO "knowledgebase_topic" VALUES(61);
INSERT INTO "knowledgebase_topic" VALUES(63);
INSERT INTO "knowledgebase_topic" VALUES(64);
INSERT INTO "knowledgebase_topic" VALUES(65);
INSERT INTO "knowledgebase_topic" VALUES(66);
INSERT INTO "knowledgebase_topic" VALUES(67);
INSERT INTO "knowledgebase_topic" VALUES(69);
INSERT INTO "knowledgebase_topic" VALUES(70);
INSERT INTO "knowledgebase_topic" VALUES(71);
INSERT INTO "knowledgebase_topic" VALUES(72);
INSERT INTO "knowledgebase_topic" VALUES(73);
INSERT INTO "knowledgebase_topic" VALUES(74);
INSERT INTO "knowledgebase_topic" VALUES(75);
INSERT INTO "knowledgebase_topic" VALUES(76);
INSERT INTO "knowledgebase_topic" VALUES(77);
INSERT INTO "knowledgebase_topic" VALUES(78);
INSERT INTO "knowledgebase_topic" VALUES(79);
INSERT INTO "knowledgebase_topic" VALUES(80);
INSERT INTO "knowledgebase_topic" VALUES(81);
INSERT INTO "knowledgebase_topic" VALUES(82);
INSERT INTO "knowledgebase_topic" VALUES(83);
INSERT INTO "knowledgebase_topic" VALUES(84);
INSERT INTO "knowledgebase_topic" VALUES(85);
INSERT INTO "knowledgebase_topic" VALUES(86);
INSERT INTO "knowledgebase_topic" VALUES(87);
INSERT INTO "knowledgebase_topic" VALUES(88);
INSERT INTO "knowledgebase_topic" VALUES(89);
INSERT INTO "knowledgebase_topic" VALUES(90);
INSERT INTO "knowledgebase_topic" VALUES(91);
INSERT INTO "knowledgebase_topic" VALUES(92);
INSERT INTO "knowledgebase_topic" VALUES(93);
INSERT INTO "knowledgebase_topic" VALUES(94);
INSERT INTO "knowledgebase_topic" VALUES(95);
INSERT INTO "knowledgebase_topic" VALUES(96);
INSERT INTO "knowledgebase_topic" VALUES(97);
INSERT INTO "knowledgebase_topic" VALUES(98);
INSERT INTO "knowledgebase_topic" VALUES(99);
INSERT INTO "knowledgebase_topic" VALUES(100);
INSERT INTO "knowledgebase_topic" VALUES(101);
INSERT INTO "knowledgebase_topic" VALUES(102);
INSERT INTO "knowledgebase_topic" VALUES(103);
INSERT INTO "knowledgebase_topic" VALUES(104);
INSERT INTO "knowledgebase_topic" VALUES(105);
INSERT INTO "knowledgebase_topic" VALUES(106);
INSERT INTO "knowledgebase_topic" VALUES(107);
INSERT INTO "knowledgebase_topic" VALUES(108);
INSERT INTO "knowledgebase_topic" VALUES(109);
INSERT INTO "knowledgebase_topic" VALUES(110);
INSERT INTO "knowledgebase_topic" VALUES(111);
INSERT INTO "knowledgebase_topic" VALUES(112);
INSERT INTO "knowledgebase_topic" VALUES(113);
INSERT INTO "knowledgebase_topic" VALUES(114);
INSERT INTO "knowledgebase_topic" VALUES(115);
INSERT INTO "knowledgebase_topic" VALUES(116);
INSERT INTO "knowledgebase_topic" VALUES(117);
INSERT INTO "knowledgebase_topic" VALUES(118);
INSERT INTO "knowledgebase_topic" VALUES(119);
INSERT INTO "knowledgebase_topic" VALUES(120);
INSERT INTO "knowledgebase_topic" VALUES(121);
INSERT INTO "knowledgebase_topic" VALUES(122);
INSERT INTO "knowledgebase_topic" VALUES(123);
INSERT INTO "knowledgebase_topic" VALUES(124);
INSERT INTO "knowledgebase_topic" VALUES(125);
INSERT INTO "knowledgebase_topic" VALUES(126);
INSERT INTO "knowledgebase_topic" VALUES(127);
INSERT INTO "knowledgebase_topic" VALUES(128);
INSERT INTO "knowledgebase_topic" VALUES(129);
INSERT INTO "knowledgebase_topic" VALUES(130);
INSERT INTO "knowledgebase_topic" VALUES(131);
INSERT INTO "knowledgebase_topic" VALUES(132);
INSERT INTO "knowledgebase_topic" VALUES(133);
INSERT INTO "knowledgebase_topic" VALUES(134);
INSERT INTO "knowledgebase_topic" VALUES(135);
INSERT INTO "knowledgebase_topic" VALUES(136);
INSERT INTO "knowledgebase_topic" VALUES(137);
INSERT INTO "knowledgebase_topic" VALUES(138);
INSERT INTO "knowledgebase_topic" VALUES(139);
INSERT INTO "knowledgebase_topic" VALUES(140);
INSERT INTO "knowledgebase_topic" VALUES(141);
INSERT INTO "knowledgebase_topic" VALUES(142);
INSERT INTO "knowledgebase_topic" VALUES(143);
INSERT INTO "knowledgebase_topic" VALUES(144);
INSERT INTO "knowledgebase_topic" VALUES(145);
INSERT INTO "knowledgebase_topic" VALUES(146);
INSERT INTO "knowledgebase_topic" VALUES(147);
INSERT INTO "knowledgebase_topic" VALUES(148);
INSERT INTO "knowledgebase_topic" VALUES(149);
INSERT INTO "knowledgebase_topic" VALUES(150);
INSERT INTO "knowledgebase_topic" VALUES(151);
INSERT INTO "knowledgebase_topic" VALUES(152);
INSERT INTO "knowledgebase_topic" VALUES(153);
INSERT INTO "knowledgebase_topic" VALUES(154);
INSERT INTO "knowledgebase_topic" VALUES(155);
INSERT INTO "knowledgebase_topic" VALUES(156);
INSERT INTO "knowledgebase_topic" VALUES(157);
INSERT INTO "knowledgebase_topic" VALUES(158);
INSERT INTO "knowledgebase_topic" VALUES(159);
INSERT INTO "knowledgebase_topic" VALUES(160);
INSERT INTO "knowledgebase_topic" VALUES(161);
INSERT INTO "knowledgebase_topic" VALUES(162);
INSERT INTO "knowledgebase_topic" VALUES(163);
INSERT INTO "knowledgebase_topic" VALUES(164);
INSERT INTO "knowledgebase_topic" VALUES(165);
INSERT INTO "knowledgebase_topic" VALUES(166);
INSERT INTO "knowledgebase_topic" VALUES(167);
INSERT INTO "knowledgebase_topic" VALUES(168);
INSERT INTO "knowledgebase_topic" VALUES(169);
INSERT INTO "knowledgebase_topic" VALUES(170);
INSERT INTO "knowledgebase_topic" VALUES(171);
INSERT INTO "knowledgebase_topic" VALUES(172);
INSERT INTO "knowledgebase_topic" VALUES(173);
INSERT INTO "knowledgebase_topic" VALUES(174);
INSERT INTO "knowledgebase_topic" VALUES(175);
INSERT INTO "knowledgebase_topic" VALUES(176);
INSERT INTO "knowledgebase_topic" VALUES(177);
INSERT INTO "knowledgebase_topic" VALUES(178);
INSERT INTO "knowledgebase_topic" VALUES(179);
INSERT INTO "knowledgebase_topic" VALUES(180);
INSERT INTO "knowledgebase_topic" VALUES(181);
INSERT INTO "knowledgebase_topic" VALUES(182);
INSERT INTO "knowledgebase_topic" VALUES(183);
INSERT INTO "knowledgebase_topic" VALUES(184);
INSERT INTO "knowledgebase_topic" VALUES(185);
INSERT INTO "knowledgebase_topic" VALUES(186);
INSERT INTO "knowledgebase_topic" VALUES(187);
INSERT INTO "knowledgebase_topic" VALUES(188);
INSERT INTO "knowledgebase_topic" VALUES(189);
INSERT INTO "knowledgebase_topic" VALUES(190);
INSERT INTO "knowledgebase_topic" VALUES(191);
INSERT INTO "knowledgebase_topic" VALUES(192);
INSERT INTO "knowledgebase_topic" VALUES(193);
INSERT INTO "knowledgebase_topic" VALUES(194);
INSERT INTO "knowledgebase_topic" VALUES(195);
INSERT INTO "knowledgebase_topic" VALUES(196);
INSERT INTO "knowledgebase_topic" VALUES(197);
INSERT INTO "knowledgebase_topic" VALUES(198);
INSERT INTO "knowledgebase_topic" VALUES(199);
INSERT INTO "knowledgebase_topic" VALUES(200);
CREATE UNIQUE INDEX "auth_group_permissions_group_id_permission_id_0cd325b0_uniq" ON "auth_group_permissions" ("group_id", "permission_id");
CREATE INDEX IF NOT EXISTS "auth_group_permissions_group_id_b120cbf9" ON "auth_group_permissions" ("group_id");
CREATE INDEX IF NOT EXISTS "auth_group_permissions_permission_id_84c5c92e" ON "auth_group_permissions" ("permission_id");
CREATE UNIQUE INDEX "auth_user_groups_user_id_group_id_94350c0c_uniq" ON "auth_user_groups" ("user_id", "group_id");
CREATE INDEX IF NOT EXISTS "auth_user_groups_user_id_6a12ed8b" ON "auth_user_groups" ("user_id");
CREATE INDEX IF NOT EXISTS "auth_user_groups_group_id_97559544" ON "auth_user_groups" ("group_id");
CREATE UNIQUE INDEX "auth_user_user_permissions_user_id_permission_id_14a6b632_uniq" ON "auth_user_user_permissions" ("user_id", "permission_id");
CREATE INDEX IF NOT EXISTS "auth_user_user_permissions_user_id_a95ead1b" ON "auth_user_user_permissions" ("user_id");
CREATE INDEX IF NOT EXISTS "auth_user_user_permissions_permission_id_1fbb5f2c" ON "auth_user_user_permissions" ("permission_id");
CREATE INDEX IF NOT EXISTS "django_admin_log_content_type_id_c4bce8eb" ON "django_admin_log" ("content_type_id");
CREATE INDEX IF NOT EXISTS "django_admin_log_user_id_c564eba6" ON "django_admin_log" ("user_id");
CREATE UNIQUE INDEX "django_content_type_app_label_model_76bd3d3b_uniq" ON "django_content_type" ("app_label", "model");
CREATE UNIQUE INDEX "auth_permission_content_type_id_codename_01ab375a_uniq" ON "auth_permission" ("content_type_id", "codename");
CREATE INDEX IF NOT EXISTS "auth_permission_content_type_id_2f476e4b" ON "auth_permission" ("content_type_id");
CREATE INDEX IF NOT EXISTS "django_session_expire_date_a5c62663" ON "django_session" ("expire_date");
CREATE UNIQUE INDEX "knowledgebase_document_assocs_document_id_actor_id_0dba6674_uniq" ON "knowledgebase_document_assocs" ("document_id", "actor_id");
CREATE INDEX IF NOT EXISTS "knowledgebase_document_assocs_document_id_787a19cd" ON "knowledgebase_document_assocs" ("document_id");
CREATE INDEX IF NOT EXISTS "knowledgebase_document_assocs_actor_id_3ac84104" ON "knowledgebase_document_assocs" ("actor_id");
CREATE UNIQUE INDEX "knowledgebase_topic_products_topic_id_product_id_3f42bd5d_uniq" ON "knowledgebase_topic_products" ("topic_id", "product_id");
CREATE INDEX IF NOT EXISTS "knowledgebase_topic_products_topic_id_f888e9d9" ON "knowledgebase_topic_products" ("topic_id");
CREATE INDEX IF NOT EXISTS "knowledgebase_topic_products_product_id_8629a278" ON "knowledgebase_topic_products" ("product_id");
CREATE UNIQUE INDEX "knowledgebase_topic_locations_topic_id_location_id_f696a750_uniq" ON "knowledgebase_topic_locations" ("topic_id", "location_id");
CREATE INDEX IF NOT EXISTS "knowledgebase_topic_locations_topic_id_6aed79ba" ON "knowledgebase_topic_locations" ("topic_id");
CREATE INDEX IF NOT EXISTS "knowledgebase_topic_locations_location_id_8f9c03b8" ON "knowledgebase_topic_locations" ("location_id");
CREATE UNIQUE INDEX "knowledgebase_topic_activities_topic_id_activity_id_ec4b9f3e_uniq" ON "knowledgebase_topic_activities" ("topic_id", "activity_id");
CREATE INDEX IF NOT EXISTS "knowledgebase_topic_activities_topic_id_9de12ab5" ON "knowledgebase_topic_activities" ("topic_id");
CREATE INDEX IF NOT EXISTS "knowledgebase_topic_activities_activity_id_8baf0b60" ON "knowledgebase_topic_activities" ("activity_id");
CREATE UNIQUE INDEX "knowledgebase_topic_actors_topic_id_actor_id_95b82317_uniq" ON "knowledgebase_topic_actors" ("topic_id", "actor_id");
CREATE INDEX IF NOT EXISTS "knowledgebase_topic_actors_topic_id_8653ede0" ON "knowledgebase_topic_actors" ("topic_id");
CREATE INDEX IF NOT EXISTS "knowledgebase_topic_actors_actor_id_877d062b" ON "knowledgebase_topic_actors" ("actor_id");
CREATE UNIQUE INDEX "knowledgebase_topic_impacts_topic_id_impact_id_c9cfe9f2_uniq" ON "knowledgebase_topic_impacts" ("topic_id", "impact_id");
CREATE INDEX IF NOT EXISTS "knowledgebase_topic_impacts_topic_id_d750e6ab" ON "knowledgebase_topic_impacts" ("topic_id");
CREATE INDEX IF NOT EXISTS "knowledgebase_topic_impacts_impact_id_7b7ca3b9" ON "knowledgebase_topic_impacts" ("impact_id");
CREATE UNIQUE INDEX "knowledgebase_product_members_from_product_id_to_product_id_9a8ccd2c_uniq" ON "knowledgebase_product_members" ("from_product_id", "to_product_id");
CREATE INDEX IF NOT EXISTS "knowledgebase_product_members_from_product_id_c52d0ac5" ON "knowledgebase_product_members" ("from_product_id");
CREATE INDEX IF NOT EXISTS "knowledgebase_product_members_to_product_id_918c8808" ON "knowledgebase_product_members" ("to_product_id");
CREATE UNIQUE INDEX "knowledgebase_location_members_from_location_id_to_location_id_e45db455_uniq" ON "knowledgebase_location_members" ("from_location_id", "to_location_id");
CREATE INDEX IF NOT EXISTS "knowledgebase_location_members_from_location_id_7302ce95" ON "knowledgebase_location_members" ("from_location_id");
CREATE INDEX IF NOT EXISTS "knowledgebase_location_members_to_location_id_6ed01a55" ON "knowledgebase_location_members" ("to_location_id");
CREATE UNIQUE INDEX "knowledgebase_impact_members_from_impact_id_to_impact_id_a4d850d5_uniq" ON "knowledgebase_impact_members" ("from_impact_id", "to_impact_id");
CREATE INDEX IF NOT EXISTS "knowledgebase_impact_members_from_impact_id_105ca189" ON "knowledgebase_impact_members" ("from_impact_id");
CREATE INDEX IF NOT EXISTS "knowledgebase_impact_members_to_impact_id_8b695957" ON "knowledgebase_impact_members" ("to_impact_id");
CREATE UNIQUE INDEX "knowledgebase_activity_members_from_activity_id_to_activity_id_1eff765f_uniq" ON "knowledgebase_activity_members" ("from_activity_id", "to_activity_id");
CREATE INDEX IF NOT EXISTS "knowledgebase_activity_members_from_activity_id_c9a26e2e" ON "knowledgebase_activity_members" ("from_activity_id");
CREATE INDEX IF NOT EXISTS "knowledgebase_activity_members_to_activity_id_579436d7" ON "knowledgebase_activity_members" ("to_activity_id");
CREATE UNIQUE INDEX "knowledgebase_actor_members_from_actor_id_to_actor_id_e7ed223d_uniq" ON "knowledgebase_actor_members" ("from_actor_id", "to_actor_id");
CREATE INDEX IF NOT EXISTS "knowledgebase_actor_members_from_actor_id_f23e9112" ON "knowledgebase_actor_members" ("from_actor_id");
CREATE INDEX IF NOT EXISTS "knowledgebase_actor_members_to_actor_id_0201cd5c" ON "knowledgebase_actor_members" ("to_actor_id");
CREATE INDEX IF NOT EXISTS "rest_framework_api_key_apikey_created_c61872d9" ON "rest_framework_api_key_apikey" ("created");
CREATE INDEX IF NOT EXISTS "knowledgebase_actor_category_id_9ed600e2" ON "knowledgebase_actor" ("category_id");
CREATE INDEX IF NOT EXISTS "knowledgebase_product_category_id_e08a0e2f" ON "knowledgebase_product" ("category_id");
CREATE INDEX IF NOT EXISTS "account_emailconfirmation_email_address_id_5b7f8c58" ON "account_emailconfirmation" ("email_address_id");
CREATE UNIQUE INDEX "account_emailaddress_user_id_email_987c8728_uniq" ON "account_emailaddress" ("user_id", "email");
CREATE UNIQUE INDEX "unique_verified_email" ON "account_emailaddress" ("email") WHERE "verified";
CREATE INDEX IF NOT EXISTS "account_emailaddress_user_id_2c513194" ON "account_emailaddress" ("user_id");
CREATE INDEX IF NOT EXISTS "account_emailaddress_upper" ON "account_emailaddress" ((UPPER("email")));
CREATE UNIQUE INDEX "socialaccount_socialtoken_app_id_account_id_fca4e0ac_uniq" ON "socialaccount_socialtoken" ("app_id", "account_id");
CREATE INDEX IF NOT EXISTS "socialaccount_socialtoken_account_id_951f210e" ON "socialaccount_socialtoken" ("account_id");
CREATE INDEX IF NOT EXISTS "socialaccount_socialtoken_app_id_636a42d7" ON "socialaccount_socialtoken" ("app_id");
CREATE UNIQUE INDEX "socialaccount_socialaccount_provider_uid_fc810c6e_uniq" ON "socialaccount_socialaccount" ("provider", "uid");
CREATE INDEX IF NOT EXISTS "socialaccount_socialaccount_user_id_8146e70c" ON "socialaccount_socialaccount" ("user_id");
CREATE INDEX IF NOT EXISTS "knowledgebase_location_category_id_c7d20c2e" ON "knowledgebase_location" ("category_id");
CREATE INDEX IF NOT EXISTS "knowledgebase_evidence_document_id_c2f41197" ON "knowledgebase_evidence" ("document_id");
CREATE INDEX IF NOT EXISTS "knowledgebase_evidence_topic_id_0486bccd" ON "knowledgebase_evidence" ("topic_id");
CREATE TABLE IF NOT EXISTS "knowledgebase_topic_activities" ("id" integer NOT NULL PRIMARY KEY AUTOINCREMENT, "topic_id" bigint NOT NULL REFERENCES "knowledgebase_topic" ("id") DEFERRABLE INITIALLY DEFERRED, "activity_id" bigint NOT NULL REFERENCES "knowledgebase_activity" ("id") DEFERRABLE INITIALLY DEFERRED);
INSERT INTO "knowledgebase_topic_activities" VALUES(3,78,3);
INSERT INTO "knowledgebase_topic_activities" VALUES(4,79,13);
INSERT INTO "knowledgebase_topic_activities" VALUES(5,20,3);
INSERT INTO "knowledgebase_topic_activities" VALUES(7,3,1);
INSERT INTO "knowledgebase_topic_activities" VALUES(9,82,9);
INSERT INTO "knowledgebase_topic_activities" VALUES(10,83,9);
INSERT INTO "knowledgebase_topic_activities" VALUES(20,35,7);
INSERT INTO "knowledgebase_topic_activities" VALUES(24,33,1);
INSERT INTO "knowledgebase_topic_activities" VALUES(28,26,4);
INSERT INTO "knowledgebase_topic_activities" VALUES(29,23,5);
INSERT INTO "knowledgebase_topic_activities" VALUES(30,24,1);
INSERT INTO "knowledgebase_topic_activities" VALUES(32,70,11);
INSERT INTO "knowledgebase_topic_activities" VALUES(33,75,5);
INSERT INTO "knowledgebase_topic_activities" VALUES(34,67,10);
INSERT INTO "knowledgebase_topic_activities" VALUES(35,69,8);
INSERT INTO "knowledgebase_topic_activities" VALUES(36,76,9);
INSERT INTO "knowledgebase_topic_activities" VALUES(37,66,3);
INSERT INTO "knowledgebase_topic_activities" VALUES(38,77,11);
INSERT INTO "knowledgebase_topic_activities" VALUES(39,63,8);
INSERT INTO "knowledgebase_topic_activities" VALUES(40,65,5);
INSERT INTO "knowledgebase_topic_activities" VALUES(43,72,11);
INSERT INTO "knowledgebase_topic_activities" VALUES(45,71,11);
INSERT INTO "knowledgebase_topic_activities" VALUES(46,74,12);
INSERT INTO "knowledgebase_topic_activities" VALUES(49,61,8);
INSERT INTO "knowledgebase_topic_activities" VALUES(51,64,8);
INSERT INTO "knowledgebase_topic_activities" VALUES(52,37,8);
INSERT INTO "knowledgebase_topic_activities" VALUES(63,27,5);
INSERT INTO "knowledgebase_topic_activities" VALUES(64,30,6);
INSERT INTO "knowledgebase_topic_activities" VALUES(65,28,5);
INSERT INTO "knowledgebase_topic_activities" VALUES(67,31,1);
INSERT INTO "knowledgebase_topic_activities" VALUES(68,22,1);
INSERT INTO "knowledgebase_topic_activities" VALUES(69,44,5);
INSERT INTO "knowledgebase_topic_activities" VALUES(72,48,9);
INSERT INTO "knowledgebase_topic_activities" VALUES(79,53,5);
INSERT INTO "knowledgebase_topic_activities" VALUES(80,52,10);
INSERT INTO "knowledgebase_topic_activities" VALUES(83,81,8);
INSERT INTO "knowledgebase_topic_activities" VALUES(89,89,5);
INSERT INTO "knowledgebase_topic_activities" VALUES(90,90,11);
INSERT INTO "knowledgebase_topic_activities" VALUES(91,92,14);
INSERT INTO "knowledgebase_topic_activities" VALUES(92,94,10);
INSERT INTO "knowledgebase_topic_activities" VALUES(93,96,8);
INSERT INTO "knowledgebase_topic_activities" VALUES(94,99,5);
INSERT INTO "knowledgebase_topic_activities" VALUES(95,100,8);
INSERT INTO "knowledgebase_topic_activities" VALUES(96,101,5);
INSERT INTO "knowledgebase_topic_activities" VALUES(97,102,8);
INSERT INTO "knowledgebase_topic_activities" VALUES(98,103,8);
INSERT INTO "knowledgebase_topic_activities" VALUES(99,104,5);
INSERT INTO "knowledgebase_topic_activities" VALUES(100,104,15);
INSERT INTO "knowledgebase_topic_activities" VALUES(101,106,17);
INSERT INTO "knowledgebase_topic_activities" VALUES(102,107,18);
INSERT INTO "knowledgebase_topic_activities" VALUES(103,110,3);
INSERT INTO "knowledgebase_topic_activities" VALUES(104,113,3);
INSERT INTO "knowledgebase_topic_activities" VALUES(105,114,5);
INSERT INTO "knowledgebase_topic_activities" VALUES(106,115,5);
INSERT INTO "knowledgebase_topic_activities" VALUES(107,116,19);
INSERT INTO "knowledgebase_topic_activities" VALUES(108,117,5);
INSERT INTO "knowledgebase_topic_activities" VALUES(109,118,5);
INSERT INTO "knowledgebase_topic_activities" VALUES(110,119,5);
INSERT INTO "knowledgebase_topic_activities" VALUES(111,120,5);
INSERT INTO "knowledgebase_topic_activities" VALUES(112,121,5);
INSERT INTO "knowledgebase_topic_activities" VALUES(113,125,3);
INSERT INTO "knowledgebase_topic_activities" VALUES(114,128,20);
INSERT INTO "knowledgebase_topic_activities" VALUES(115,129,13);
INSERT INTO "knowledgebase_topic_activities" VALUES(116,130,21);
INSERT INTO "knowledgebase_topic_activities" VALUES(117,131,20);
INSERT INTO "knowledgebase_topic_activities" VALUES(118,132,19);
INSERT INTO "knowledgebase_topic_activities" VALUES(119,133,19);
INSERT INTO "knowledgebase_topic_activities" VALUES(120,135,19);
INSERT INTO "knowledgebase_topic_activities" VALUES(121,136,8);
INSERT INTO "knowledgebase_topic_activities" VALUES(123,137,3);
INSERT INTO "knowledgebase_topic_activities" VALUES(124,138,5);
INSERT INTO "knowledgebase_topic_activities" VALUES(125,139,5);
INSERT INTO "knowledgebase_topic_activities" VALUES(126,140,5);
INSERT INTO "knowledgebase_topic_activities" VALUES(127,142,5);
INSERT INTO "knowledgebase_topic_activities" VALUES(128,143,5);
INSERT INTO "knowledgebase_topic_activities" VALUES(129,144,15);
INSERT INTO "knowledgebase_topic_activities" VALUES(130,145,22);
INSERT INTO "knowledgebase_topic_activities" VALUES(131,146,23);
INSERT INTO "knowledgebase_topic_activities" VALUES(132,148,3);
INSERT INTO "knowledgebase_topic_activities" VALUES(133,150,3);
INSERT INTO "knowledgebase_topic_activities" VALUES(134,150,22);
INSERT INTO "knowledgebase_topic_activities" VALUES(135,155,3);
INSERT INTO "knowledgebase_topic_activities" VALUES(136,156,11);
INSERT INTO "knowledgebase_topic_activities" VALUES(137,157,3);
INSERT INTO "knowledgebase_topic_activities" VALUES(138,160,24);
INSERT INTO "knowledgebase_topic_activities" VALUES(139,161,25);
INSERT INTO "knowledgebase_topic_activities" VALUES(140,162,26);
INSERT INTO "knowledgebase_topic_activities" VALUES(141,163,27);
INSERT INTO "knowledgebase_topic_activities" VALUES(142,164,22);
INSERT INTO "knowledgebase_topic_activities" VALUES(143,165,22);
INSERT INTO "knowledgebase_topic_activities" VALUES(144,166,22);
INSERT INTO "knowledgebase_topic_activities" VALUES(145,167,3);
INSERT INTO "knowledgebase_topic_activities" VALUES(146,168,29);
INSERT INTO "knowledgebase_topic_activities" VALUES(147,169,5);
INSERT INTO "knowledgebase_topic_activities" VALUES(148,171,3);
INSERT INTO "knowledgebase_topic_activities" VALUES(149,172,2);
INSERT INTO "knowledgebase_topic_activities" VALUES(150,173,30);
INSERT INTO "knowledgebase_topic_activities" VALUES(151,174,3);
INSERT INTO "knowledgebase_topic_activities" VALUES(152,180,19);
INSERT INTO "knowledgebase_topic_activities" VALUES(153,183,29);
INSERT INTO "knowledgebase_topic_activities" VALUES(154,184,30);
INSERT INTO "knowledgebase_topic_activities" VALUES(155,185,31);
INSERT INTO "knowledgebase_topic_activities" VALUES(156,186,32);
INSERT INTO "knowledgebase_topic_activities" VALUES(157,190,22);
INSERT INTO "knowledgebase_topic_activities" VALUES(158,191,5);
INSERT INTO "knowledgebase_topic_activities" VALUES(159,198,16);
INSERT INTO "knowledgebase_topic_activities" VALUES(160,198,22);
INSERT INTO "knowledgebase_topic_activities" VALUES(161,200,19);
CREATE UNIQUE INDEX "auth_group_permissions_group_id_permission_id_0cd325b0_uniq" ON "auth_group_permissions" ("group_id", "permission_id");
CREATE INDEX IF NOT EXISTS "auth_group_permissions_group_id_b120cbf9" ON "auth_group_permissions" ("group_id");
CREATE INDEX IF NOT EXISTS "auth_group_permissions_permission_id_84c5c92e" ON "auth_group_permissions" ("permission_id");
CREATE UNIQUE INDEX "auth_user_groups_user_id_group_id_94350c0c_uniq" ON "auth_user_groups" ("user_id", "group_id");
CREATE INDEX IF NOT EXISTS "auth_user_groups_user_id_6a12ed8b" ON "auth_user_groups" ("user_id");
CREATE INDEX IF NOT EXISTS "auth_user_groups_group_id_97559544" ON "auth_user_groups" ("group_id");
CREATE UNIQUE INDEX "auth_user_user_permissions_user_id_permission_id_14a6b632_uniq" ON "auth_user_user_permissions" ("user_id", "permission_id");
CREATE INDEX IF NOT EXISTS "auth_user_user_permissions_user_id_a95ead1b" ON "auth_user_user_permissions" ("user_id");
CREATE INDEX IF NOT EXISTS "auth_user_user_permissions_permission_id_1fbb5f2c" ON "auth_user_user_permissions" ("permission_id");
CREATE INDEX IF NOT EXISTS "django_admin_log_content_type_id_c4bce8eb" ON "django_admin_log" ("content_type_id");
CREATE INDEX IF NOT EXISTS "django_admin_log_user_id_c564eba6" ON "django_admin_log" ("user_id");
CREATE UNIQUE INDEX "django_content_type_app_label_model_76bd3d3b_uniq" ON "django_content_type" ("app_label", "model");
CREATE UNIQUE INDEX "auth_permission_content_type_id_codename_01ab375a_uniq" ON "auth_permission" ("content_type_id", "codename");
CREATE INDEX IF NOT EXISTS "auth_permission_content_type_id_2f476e4b" ON "auth_permission" ("content_type_id");
CREATE INDEX IF NOT EXISTS "django_session_expire_date_a5c62663" ON "django_session" ("expire_date");
CREATE UNIQUE INDEX "knowledgebase_document_assocs_document_id_actor_id_0dba6674_uniq" ON "knowledgebase_document_assocs" ("document_id", "actor_id");
CREATE INDEX IF NOT EXISTS "knowledgebase_document_assocs_document_id_787a19cd" ON "knowledgebase_document_assocs" ("document_id");
CREATE INDEX IF NOT EXISTS "knowledgebase_document_assocs_actor_id_3ac84104" ON "knowledgebase_document_assocs" ("actor_id");
CREATE UNIQUE INDEX "knowledgebase_topic_products_topic_id_product_id_3f42bd5d_uniq" ON "knowledgebase_topic_products" ("topic_id", "product_id");
CREATE INDEX IF NOT EXISTS "knowledgebase_topic_products_topic_id_f888e9d9" ON "knowledgebase_topic_products" ("topic_id");
CREATE INDEX IF NOT EXISTS "knowledgebase_topic_products_product_id_8629a278" ON "knowledgebase_topic_products" ("product_id");
CREATE UNIQUE INDEX "knowledgebase_topic_locations_topic_id_location_id_f696a750_uniq" ON "knowledgebase_topic_locations" ("topic_id", "location_id");
CREATE INDEX IF NOT EXISTS "knowledgebase_topic_locations_topic_id_6aed79ba" ON "knowledgebase_topic_locations" ("topic_id");
CREATE INDEX IF NOT EXISTS "knowledgebase_topic_locations_location_id_8f9c03b8" ON "knowledgebase_topic_locations" ("location_id");
CREATE UNIQUE INDEX "knowledgebase_topic_activities_topic_id_activity_id_ec4b9f3e_uniq" ON "knowledgebase_topic_activities" ("topic_id", "activity_id");
CREATE INDEX IF NOT EXISTS "knowledgebase_topic_activities_topic_id_9de12ab5" ON "knowledgebase_topic_activities" ("topic_id");
CREATE INDEX IF NOT EXISTS "knowledgebase_topic_activities_activity_id_8baf0b60" ON "knowledgebase_topic_activities" ("activity_id");
CREATE UNIQUE INDEX "knowledgebase_topic_actors_topic_id_actor_id_95b82317_uniq" ON "knowledgebase_topic_actors" ("topic_id", "actor_id");
CREATE INDEX IF NOT EXISTS "knowledgebase_topic_actors_topic_id_8653ede0" ON "knowledgebase_topic_actors" ("topic_id");
CREATE INDEX IF NOT EXISTS "knowledgebase_topic_actors_actor_id_877d062b" ON "knowledgebase_topic_actors" ("actor_id");
CREATE UNIQUE INDEX "knowledgebase_topic_impacts_topic_id_impact_id_c9cfe9f2_uniq" ON "knowledgebase_topic_impacts" ("topic_id", "impact_id");
CREATE INDEX IF NOT EXISTS "knowledgebase_topic_impacts_topic_id_d750e6ab" ON "knowledgebase_topic_impacts" ("topic_id");
CREATE INDEX IF NOT EXISTS "knowledgebase_topic_impacts_impact_id_7b7ca3b9" ON "knowledgebase_topic_impacts" ("impact_id");
CREATE UNIQUE INDEX "knowledgebase_product_members_from_product_id_to_product_id_9a8ccd2c_uniq" ON "knowledgebase_product_members" ("from_product_id", "to_product_id");
CREATE INDEX IF NOT EXISTS "knowledgebase_product_members_from_product_id_c52d0ac5" ON "knowledgebase_product_members" ("from_product_id");
CREATE INDEX IF NOT EXISTS "knowledgebase_product_members_to_product_id_918c8808" ON "knowledgebase_product_members" ("to_product_id");
CREATE UNIQUE INDEX "knowledgebase_location_members_from_location_id_to_location_id_e45db455_uniq" ON "knowledgebase_location_members" ("from_location_id", "to_location_id");
CREATE INDEX IF NOT EXISTS "knowledgebase_location_members_from_location_id_7302ce95" ON "knowledgebase_location_members" ("from_location_id");
CREATE INDEX IF NOT EXISTS "knowledgebase_location_members_to_location_id_6ed01a55" ON "knowledgebase_location_members" ("to_location_id");
CREATE UNIQUE INDEX "knowledgebase_impact_members_from_impact_id_to_impact_id_a4d850d5_uniq" ON "knowledgebase_impact_members" ("from_impact_id", "to_impact_id");
CREATE INDEX IF NOT EXISTS "knowledgebase_impact_members_from_impact_id_105ca189" ON "knowledgebase_impact_members" ("from_impact_id");
CREATE INDEX IF NOT EXISTS "knowledgebase_impact_members_to_impact_id_8b695957" ON "knowledgebase_impact_members" ("to_impact_id");
CREATE UNIQUE INDEX "knowledgebase_activity_members_from_activity_id_to_activity_id_1eff765f_uniq" ON "knowledgebase_activity_members" ("from_activity_id", "to_activity_id");
CREATE INDEX IF NOT EXISTS "knowledgebase_activity_members_from_activity_id_c9a26e2e" ON "knowledgebase_activity_members" ("from_activity_id");
CREATE INDEX IF NOT EXISTS "knowledgebase_activity_members_to_activity_id_579436d7" ON "knowledgebase_activity_members" ("to_activity_id");
CREATE UNIQUE INDEX "knowledgebase_actor_members_from_actor_id_to_actor_id_e7ed223d_uniq" ON "knowledgebase_actor_members" ("from_actor_id", "to_actor_id");
CREATE INDEX IF NOT EXISTS "knowledgebase_actor_members_from_actor_id_f23e9112" ON "knowledgebase_actor_members" ("from_actor_id");
CREATE INDEX IF NOT EXISTS "knowledgebase_actor_members_to_actor_id_0201cd5c" ON "knowledgebase_actor_members" ("to_actor_id");
CREATE INDEX IF NOT EXISTS "rest_framework_api_key_apikey_created_c61872d9" ON "rest_framework_api_key_apikey" ("created");
CREATE INDEX IF NOT EXISTS "knowledgebase_actor_category_id_9ed600e2" ON "knowledgebase_actor" ("category_id");
CREATE INDEX IF NOT EXISTS "knowledgebase_product_category_id_e08a0e2f" ON "knowledgebase_product" ("category_id");
CREATE INDEX IF NOT EXISTS "account_emailconfirmation_email_address_id_5b7f8c58" ON "account_emailconfirmation" ("email_address_id");
CREATE UNIQUE INDEX "account_emailaddress_user_id_email_987c8728_uniq" ON "account_emailaddress" ("user_id", "email");
CREATE UNIQUE INDEX "unique_verified_email" ON "account_emailaddress" ("email") WHERE "verified";
CREATE INDEX IF NOT EXISTS "account_emailaddress_user_id_2c513194" ON "account_emailaddress" ("user_id");
CREATE INDEX IF NOT EXISTS "account_emailaddress_upper" ON "account_emailaddress" ((UPPER("email")));
CREATE UNIQUE INDEX "socialaccount_socialtoken_app_id_account_id_fca4e0ac_uniq" ON "socialaccount_socialtoken" ("app_id", "account_id");
CREATE INDEX IF NOT EXISTS "socialaccount_socialtoken_account_id_951f210e" ON "socialaccount_socialtoken" ("account_id");
CREATE INDEX IF NOT EXISTS "socialaccount_socialtoken_app_id_636a42d7" ON "socialaccount_socialtoken" ("app_id");
CREATE UNIQUE INDEX "socialaccount_socialaccount_provider_uid_fc810c6e_uniq" ON "socialaccount_socialaccount" ("provider", "uid");
CREATE INDEX IF NOT EXISTS "socialaccount_socialaccount_user_id_8146e70c" ON "socialaccount_socialaccount" ("user_id");
CREATE INDEX IF NOT EXISTS "knowledgebase_location_category_id_c7d20c2e" ON "knowledgebase_location" ("category_id");
CREATE INDEX IF NOT EXISTS "knowledgebase_evidence_document_id_c2f41197" ON "knowledgebase_evidence" ("document_id");
CREATE INDEX IF NOT EXISTS "knowledgebase_evidence_topic_id_0486bccd" ON "knowledgebase_evidence" ("topic_id");
CREATE TABLE IF NOT EXISTS "knowledgebase_topic_actors" ("id" integer NOT NULL PRIMARY KEY AUTOINCREMENT, "topic_id" bigint NOT NULL REFERENCES "knowledgebase_topic" ("id") DEFERRABLE INITIALLY DEFERRED, "actor_id" bigint NOT NULL REFERENCES "knowledgebase_actor" ("id") DEFERRABLE INITIALLY DEFERRED);
INSERT INTO "knowledgebase_topic_actors" VALUES(2,8,13);
INSERT INTO "knowledgebase_topic_actors" VALUES(3,78,67);
INSERT INTO "knowledgebase_topic_actors" VALUES(4,79,67);
INSERT INTO "knowledgebase_topic_actors" VALUES(5,20,27);
INSERT INTO "knowledgebase_topic_actors" VALUES(7,3,7);
INSERT INTO "knowledgebase_topic_actors" VALUES(11,84,76);
INSERT INTO "knowledgebase_topic_actors" VALUES(12,85,78);
INSERT INTO "knowledgebase_topic_actors" VALUES(13,88,84);
INSERT INTO "knowledgebase_topic_actors" VALUES(14,87,82);
INSERT INTO "knowledgebase_topic_actors" VALUES(15,86,80);
INSERT INTO "knowledgebase_topic_actors" VALUES(20,35,38);
INSERT INTO "knowledgebase_topic_actors" VALUES(23,36,38);
INSERT INTO "knowledgebase_topic_actors" VALUES(24,33,7);
INSERT INTO "knowledgebase_topic_actors" VALUES(26,1,4);
INSERT INTO "knowledgebase_topic_actors" VALUES(28,26,35);
INSERT INTO "knowledgebase_topic_actors" VALUES(29,23,33);
INSERT INTO "knowledgebase_topic_actors" VALUES(30,24,34);
INSERT INTO "knowledgebase_topic_actors" VALUES(36,76,65);
INSERT INTO "knowledgebase_topic_actors" VALUES(37,66,56);
INSERT INTO "knowledgebase_topic_actors" VALUES(46,74,63);
INSERT INTO "knowledgebase_topic_actors" VALUES(47,73,62);
INSERT INTO "knowledgebase_topic_actors" VALUES(58,41,41);
INSERT INTO "knowledgebase_topic_actors" VALUES(60,40,42);
INSERT INTO "knowledgebase_topic_actors" VALUES(61,38,41);
INSERT INTO "knowledgebase_topic_actors" VALUES(67,31,7);
INSERT INTO "knowledgebase_topic_actors" VALUES(68,22,7);
INSERT INTO "knowledgebase_topic_actors" VALUES(72,48,46);
INSERT INTO "knowledgebase_topic_actors" VALUES(74,15,21);
INSERT INTO "knowledgebase_topic_actors" VALUES(75,16,22);
INSERT INTO "knowledgebase_topic_actors" VALUES(76,47,45);
INSERT INTO "knowledgebase_topic_actors" VALUES(86,50,51);
INSERT INTO "knowledgebase_topic_actors" VALUES(87,49,51);
INSERT INTO "knowledgebase_topic_actors" VALUES(89,101,92);
INSERT INTO "knowledgebase_topic_actors" VALUES(90,102,92);
INSERT INTO "knowledgebase_topic_actors" VALUES(91,102,93);
INSERT INTO "knowledgebase_topic_actors" VALUES(92,103,92);
INSERT INTO "knowledgebase_topic_actors" VALUES(93,103,94);
INSERT INTO "knowledgebase_topic_actors" VALUES(94,105,97);
INSERT INTO "knowledgebase_topic_actors" VALUES(95,106,98);
INSERT INTO "knowledgebase_topic_actors" VALUES(96,107,98);
INSERT INTO "knowledgebase_topic_actors" VALUES(97,110,98);
INSERT INTO "knowledgebase_topic_actors" VALUES(98,123,98);
INSERT INTO "knowledgebase_topic_actors" VALUES(99,125,98);
INSERT INTO "knowledgebase_topic_actors" VALUES(100,126,27);
INSERT INTO "knowledgebase_topic_actors" VALUES(101,127,124);
INSERT INTO "knowledgebase_topic_actors" VALUES(102,132,134);
INSERT INTO "knowledgebase_topic_actors" VALUES(103,132,135);
INSERT INTO "knowledgebase_topic_actors" VALUES(104,134,139);
INSERT INTO "knowledgebase_topic_actors" VALUES(105,134,141);
INSERT INTO "knowledgebase_topic_actors" VALUES(106,134,143);
INSERT INTO "knowledgebase_topic_actors" VALUES(107,134,145);
INSERT INTO "knowledgebase_topic_actors" VALUES(108,134,146);
INSERT INTO "knowledgebase_topic_actors" VALUES(109,134,147);
INSERT INTO "knowledgebase_topic_actors" VALUES(110,134,148);
INSERT INTO "knowledgebase_topic_actors" VALUES(111,138,150);
INSERT INTO "knowledgebase_topic_actors" VALUES(114,141,153);
INSERT INTO "knowledgebase_topic_actors" VALUES(115,141,154);
INSERT INTO "knowledgebase_topic_actors" VALUES(116,145,157);
INSERT INTO "knowledgebase_topic_actors" VALUES(117,147,15);
INSERT INTO "knowledgebase_topic_actors" VALUES(118,150,160);
INSERT INTO "knowledgebase_topic_actors" VALUES(119,152,160);
INSERT INTO "knowledgebase_topic_actors" VALUES(120,153,164);
INSERT INTO "knowledgebase_topic_actors" VALUES(121,154,150);
INSERT INTO "knowledgebase_topic_actors" VALUES(122,139,75);
INSERT INTO "knowledgebase_topic_actors" VALUES(123,140,75);
INSERT INTO "knowledgebase_topic_actors" VALUES(124,159,169);
INSERT INTO "knowledgebase_topic_actors" VALUES(125,160,169);
INSERT INTO "knowledgebase_topic_actors" VALUES(126,160,68);
INSERT INTO "knowledgebase_topic_actors" VALUES(127,164,172);
INSERT INTO "knowledgebase_topic_actors" VALUES(128,165,173);
INSERT INTO "knowledgebase_topic_actors" VALUES(129,166,175);
INSERT INTO "knowledgebase_topic_actors" VALUES(130,172,179);
INSERT INTO "knowledgebase_topic_actors" VALUES(131,174,15);
INSERT INTO "knowledgebase_topic_actors" VALUES(132,181,181);
INSERT INTO "knowledgebase_topic_actors" VALUES(133,182,182);
INSERT INTO "knowledgebase_topic_actors" VALUES(134,183,90);
INSERT INTO "knowledgebase_topic_actors" VALUES(135,190,99);
INSERT INTO "knowledgebase_topic_actors" VALUES(136,193,185);
INSERT INTO "knowledgebase_topic_actors" VALUES(137,199,188);
CREATE UNIQUE INDEX "auth_group_permissions_group_id_permission_id_0cd325b0_uniq" ON "auth_group_permissions" ("group_id", "permission_id");
CREATE INDEX IF NOT EXISTS "auth_group_permissions_group_id_b120cbf9" ON "auth_group_permissions" ("group_id");
CREATE INDEX IF NOT EXISTS "auth_group_permissions_permission_id_84c5c92e" ON "auth_group_permissions" ("permission_id");
CREATE UNIQUE INDEX "auth_user_groups_user_id_group_id_94350c0c_uniq" ON "auth_user_groups" ("user_id", "group_id");
CREATE INDEX IF NOT EXISTS "auth_user_groups_user_id_6a12ed8b" ON "auth_user_groups" ("user_id");
CREATE INDEX IF NOT EXISTS "auth_user_groups_group_id_97559544" ON "auth_user_groups" ("group_id");
CREATE UNIQUE INDEX "auth_user_user_permissions_user_id_permission_id_14a6b632_uniq" ON "auth_user_user_permissions" ("user_id", "permission_id");
CREATE INDEX IF NOT EXISTS "auth_user_user_permissions_user_id_a95ead1b" ON "auth_user_user_permissions" ("user_id");
CREATE INDEX IF NOT EXISTS "auth_user_user_permissions_permission_id_1fbb5f2c" ON "auth_user_user_permissions" ("permission_id");
CREATE INDEX IF NOT EXISTS "django_admin_log_content_type_id_c4bce8eb" ON "django_admin_log" ("content_type_id");
CREATE INDEX IF NOT EXISTS "django_admin_log_user_id_c564eba6" ON "django_admin_log" ("user_id");
CREATE UNIQUE INDEX "django_content_type_app_label_model_76bd3d3b_uniq" ON "django_content_type" ("app_label", "model");
CREATE UNIQUE INDEX "auth_permission_content_type_id_codename_01ab375a_uniq" ON "auth_permission" ("content_type_id", "codename");
CREATE INDEX IF NOT EXISTS "auth_permission_content_type_id_2f476e4b" ON "auth_permission" ("content_type_id");
CREATE INDEX IF NOT EXISTS "django_session_expire_date_a5c62663" ON "django_session" ("expire_date");
CREATE UNIQUE INDEX "knowledgebase_document_assocs_document_id_actor_id_0dba6674_uniq" ON "knowledgebase_document_assocs" ("document_id", "actor_id");
CREATE INDEX IF NOT EXISTS "knowledgebase_document_assocs_document_id_787a19cd" ON "knowledgebase_document_assocs" ("document_id");
CREATE INDEX IF NOT EXISTS "knowledgebase_document_assocs_actor_id_3ac84104" ON "knowledgebase_document_assocs" ("actor_id");
CREATE UNIQUE INDEX "knowledgebase_topic_products_topic_id_product_id_3f42bd5d_uniq" ON "knowledgebase_topic_products" ("topic_id", "product_id");
CREATE INDEX IF NOT EXISTS "knowledgebase_topic_products_topic_id_f888e9d9" ON "knowledgebase_topic_products" ("topic_id");
CREATE INDEX IF NOT EXISTS "knowledgebase_topic_products_product_id_8629a278" ON "knowledgebase_topic_products" ("product_id");
CREATE UNIQUE INDEX "knowledgebase_topic_locations_topic_id_location_id_f696a750_uniq" ON "knowledgebase_topic_locations" ("topic_id", "location_id");
CREATE INDEX IF NOT EXISTS "knowledgebase_topic_locations_topic_id_6aed79ba" ON "knowledgebase_topic_locations" ("topic_id");
CREATE INDEX IF NOT EXISTS "knowledgebase_topic_locations_location_id_8f9c03b8" ON "knowledgebase_topic_locations" ("location_id");
CREATE UNIQUE INDEX "knowledgebase_topic_activities_topic_id_activity_id_ec4b9f3e_uniq" ON "knowledgebase_topic_activities" ("topic_id", "activity_id");
CREATE INDEX IF NOT EXISTS "knowledgebase_topic_activities_topic_id_9de12ab5" ON "knowledgebase_topic_activities" ("topic_id");
CREATE INDEX IF NOT EXISTS "knowledgebase_topic_activities_activity_id_8baf0b60" ON "knowledgebase_topic_activities" ("activity_id");
CREATE UNIQUE INDEX "knowledgebase_topic_actors_topic_id_actor_id_95b82317_uniq" ON "knowledgebase_topic_actors" ("topic_id", "actor_id");
CREATE INDEX IF NOT EXISTS "knowledgebase_topic_actors_topic_id_8653ede0" ON "knowledgebase_topic_actors" ("topic_id");
CREATE INDEX IF NOT EXISTS "knowledgebase_topic_actors_actor_id_877d062b" ON "knowledgebase_topic_actors" ("actor_id");
CREATE UNIQUE INDEX "knowledgebase_topic_impacts_topic_id_impact_id_c9cfe9f2_uniq" ON "knowledgebase_topic_impacts" ("topic_id", "impact_id");
CREATE INDEX IF NOT EXISTS "knowledgebase_topic_impacts_topic_id_d750e6ab" ON "knowledgebase_topic_impacts" ("topic_id");
CREATE INDEX IF NOT EXISTS "knowledgebase_topic_impacts_impact_id_7b7ca3b9" ON "knowledgebase_topic_impacts" ("impact_id");
CREATE UNIQUE INDEX "knowledgebase_product_members_from_product_id_to_product_id_9a8ccd2c_uniq" ON "knowledgebase_product_members" ("from_product_id", "to_product_id");
CREATE INDEX IF NOT EXISTS "knowledgebase_product_members_from_product_id_c52d0ac5" ON "knowledgebase_product_members" ("from_product_id");
CREATE INDEX IF NOT EXISTS "knowledgebase_product_members_to_product_id_918c8808" ON "knowledgebase_product_members" ("to_product_id");
CREATE UNIQUE INDEX "knowledgebase_location_members_from_location_id_to_location_id_e45db455_uniq" ON "knowledgebase_location_members" ("from_location_id", "to_location_id");
CREATE INDEX IF NOT EXISTS "knowledgebase_location_members_from_location_id_7302ce95" ON "knowledgebase_location_members" ("from_location_id");
CREATE INDEX IF NOT EXISTS "knowledgebase_location_members_to_location_id_6ed01a55" ON "knowledgebase_location_members" ("to_location_id");
CREATE UNIQUE INDEX "knowledgebase_impact_members_from_impact_id_to_impact_id_a4d850d5_uniq" ON "knowledgebase_impact_members" ("from_impact_id", "to_impact_id");
CREATE INDEX IF NOT EXISTS "knowledgebase_impact_members_from_impact_id_105ca189" ON "knowledgebase_impact_members" ("from_impact_id");
CREATE INDEX IF NOT EXISTS "knowledgebase_impact_members_to_impact_id_8b695957" ON "knowledgebase_impact_members" ("to_impact_id");
CREATE UNIQUE INDEX "knowledgebase_activity_members_from_activity_id_to_activity_id_1eff765f_uniq" ON "knowledgebase_activity_members" ("from_activity_id", "to_activity_id");
CREATE INDEX IF NOT EXISTS "knowledgebase_activity_members_from_activity_id_c9a26e2e" ON "knowledgebase_activity_members" ("from_activity_id");
CREATE INDEX IF NOT EXISTS "knowledgebase_activity_members_to_activity_id_579436d7" ON "knowledgebase_activity_members" ("to_activity_id");
CREATE UNIQUE INDEX "knowledgebase_actor_members_from_actor_id_to_actor_id_e7ed223d_uniq" ON "knowledgebase_actor_members" ("from_actor_id", "to_actor_id");
CREATE INDEX IF NOT EXISTS "knowledgebase_actor_members_from_actor_id_f23e9112" ON "knowledgebase_actor_members" ("from_actor_id");
CREATE INDEX IF NOT EXISTS "knowledgebase_actor_members_to_actor_id_0201cd5c" ON "knowledgebase_actor_members" ("to_actor_id");
CREATE INDEX IF NOT EXISTS "rest_framework_api_key_apikey_created_c61872d9" ON "rest_framework_api_key_apikey" ("created");
CREATE INDEX IF NOT EXISTS "knowledgebase_actor_category_id_9ed600e2" ON "knowledgebase_actor" ("category_id");
CREATE INDEX IF NOT EXISTS "knowledgebase_product_category_id_e08a0e2f" ON "knowledgebase_product" ("category_id");
CREATE INDEX IF NOT EXISTS "account_emailconfirmation_email_address_id_5b7f8c58" ON "account_emailconfirmation" ("email_address_id");
CREATE UNIQUE INDEX "account_emailaddress_user_id_email_987c8728_uniq" ON "account_emailaddress" ("user_id", "email");
CREATE UNIQUE INDEX "unique_verified_email" ON "account_emailaddress" ("email") WHERE "verified";
CREATE INDEX IF NOT EXISTS "account_emailaddress_user_id_2c513194" ON "account_emailaddress" ("user_id");
CREATE INDEX IF NOT EXISTS "account_emailaddress_upper" ON "account_emailaddress" ((UPPER("email")));
CREATE UNIQUE INDEX "socialaccount_socialtoken_app_id_account_id_fca4e0ac_uniq" ON "socialaccount_socialtoken" ("app_id", "account_id");
CREATE INDEX IF NOT EXISTS "socialaccount_socialtoken_account_id_951f210e" ON "socialaccount_socialtoken" ("account_id");
CREATE INDEX IF NOT EXISTS "socialaccount_socialtoken_app_id_636a42d7" ON "socialaccount_socialtoken" ("app_id");
CREATE UNIQUE INDEX "socialaccount_socialaccount_provider_uid_fc810c6e_uniq" ON "socialaccount_socialaccount" ("provider", "uid");
CREATE INDEX IF NOT EXISTS "socialaccount_socialaccount_user_id_8146e70c" ON "socialaccount_socialaccount" ("user_id");
CREATE INDEX IF NOT EXISTS "knowledgebase_location_category_id_c7d20c2e" ON "knowledgebase_location" ("category_id");
CREATE INDEX IF NOT EXISTS "knowledgebase_evidence_document_id_c2f41197" ON "knowledgebase_evidence" ("document_id");
CREATE INDEX IF NOT EXISTS "knowledgebase_evidence_topic_id_0486bccd" ON "knowledgebase_evidence" ("topic_id");
CREATE TABLE IF NOT EXISTS "knowledgebase_topic_impacts" ("id" integer NOT NULL PRIMARY KEY AUTOINCREMENT, "topic_id" bigint NOT NULL REFERENCES "knowledgebase_topic" ("id") DEFERRABLE INITIALLY DEFERRED, "impact_id" bigint NOT NULL REFERENCES "knowledgebase_impact" ("id") DEFERRABLE INITIALLY DEFERRED);
INSERT INTO "knowledgebase_topic_impacts" VALUES(2,8,13);
INSERT INTO "knowledgebase_topic_impacts" VALUES(6,10,14);
INSERT INTO "knowledgebase_topic_impacts" VALUES(8,19,15);
INSERT INTO "knowledgebase_topic_impacts" VALUES(11,84,26);
INSERT INTO "knowledgebase_topic_impacts" VALUES(12,85,26);
INSERT INTO "knowledgebase_topic_impacts" VALUES(13,88,26);
INSERT INTO "knowledgebase_topic_impacts" VALUES(14,87,26);
INSERT INTO "knowledgebase_topic_impacts" VALUES(15,86,26);
INSERT INTO "knowledgebase_topic_impacts" VALUES(19,21,17);
INSERT INTO "knowledgebase_topic_impacts" VALUES(23,36,17);
INSERT INTO "knowledgebase_topic_impacts" VALUES(27,25,17);
INSERT INTO "knowledgebase_topic_impacts" VALUES(40,65,1);
INSERT INTO "knowledgebase_topic_impacts" VALUES(42,80,25);
INSERT INTO "knowledgebase_topic_impacts" VALUES(52,37,18);
INSERT INTO "knowledgebase_topic_impacts" VALUES(58,41,19);
INSERT INTO "knowledgebase_topic_impacts" VALUES(60,40,20);
INSERT INTO "knowledgebase_topic_impacts" VALUES(61,38,6);
INSERT INTO "knowledgebase_topic_impacts" VALUES(65,28,17);
INSERT INTO "knowledgebase_topic_impacts" VALUES(70,43,1);
INSERT INTO "knowledgebase_topic_impacts" VALUES(75,16,16);
INSERT INTO "knowledgebase_topic_impacts" VALUES(81,54,17);
INSERT INTO "knowledgebase_topic_impacts" VALUES(82,55,24);
INSERT INTO "knowledgebase_topic_impacts" VALUES(87,49,21);
INSERT INTO "knowledgebase_topic_impacts" VALUES(89,89,1);
INSERT INTO "knowledgebase_topic_impacts" VALUES(90,89,2);
INSERT INTO "knowledgebase_topic_impacts" VALUES(92,89,7);
INSERT INTO "knowledgebase_topic_impacts" VALUES(93,89,32);
INSERT INTO "knowledgebase_topic_impacts" VALUES(94,89,33);
INSERT INTO "knowledgebase_topic_impacts" VALUES(95,89,19);
INSERT INTO "knowledgebase_topic_impacts" VALUES(96,89,27);
INSERT INTO "knowledgebase_topic_impacts" VALUES(97,89,28);
INSERT INTO "knowledgebase_topic_impacts" VALUES(98,89,29);
INSERT INTO "knowledgebase_topic_impacts" VALUES(99,89,30);
INSERT INTO "knowledgebase_topic_impacts" VALUES(100,89,31);
INSERT INTO "knowledgebase_topic_impacts" VALUES(101,90,1);
INSERT INTO "knowledgebase_topic_impacts" VALUES(102,92,1);
INSERT INTO "knowledgebase_topic_impacts" VALUES(103,99,17);
INSERT INTO "knowledgebase_topic_impacts" VALUES(104,99,23);
INSERT INTO "knowledgebase_topic_impacts" VALUES(105,101,34);
INSERT INTO "knowledgebase_topic_impacts" VALUES(106,104,23);
INSERT INTO "knowledgebase_topic_impacts" VALUES(107,104,17);
INSERT INTO "knowledgebase_topic_impacts" VALUES(108,105,23);
INSERT INTO "knowledgebase_topic_impacts" VALUES(109,108,35);
INSERT INTO "knowledgebase_topic_impacts" VALUES(110,109,1);
INSERT INTO "knowledgebase_topic_impacts" VALUES(111,110,2);
INSERT INTO "knowledgebase_topic_impacts" VALUES(112,111,25);
INSERT INTO "knowledgebase_topic_impacts" VALUES(113,112,25);
INSERT INTO "knowledgebase_topic_impacts" VALUES(114,89,26);
INSERT INTO "knowledgebase_topic_impacts" VALUES(115,113,36);
INSERT INTO "knowledgebase_topic_impacts" VALUES(116,114,36);
INSERT INTO "knowledgebase_topic_impacts" VALUES(117,115,36);
INSERT INTO "knowledgebase_topic_impacts" VALUES(118,116,8);
INSERT INTO "knowledgebase_topic_impacts" VALUES(119,117,8);
INSERT INTO "knowledgebase_topic_impacts" VALUES(120,118,8);
INSERT INTO "knowledgebase_topic_impacts" VALUES(121,119,8);
INSERT INTO "knowledgebase_topic_impacts" VALUES(122,120,8);
INSERT INTO "knowledgebase_topic_impacts" VALUES(123,121,8);
INSERT INTO "knowledgebase_topic_impacts" VALUES(124,122,37);
INSERT INTO "knowledgebase_topic_impacts" VALUES(125,123,2);
INSERT INTO "knowledgebase_topic_impacts" VALUES(126,124,2);
INSERT INTO "knowledgebase_topic_impacts" VALUES(127,125,2);
INSERT INTO "knowledgebase_topic_impacts" VALUES(128,126,2);
INSERT INTO "knowledgebase_topic_impacts" VALUES(129,126,12);
INSERT INTO "knowledgebase_topic_impacts" VALUES(130,127,2);
INSERT INTO "knowledgebase_topic_impacts" VALUES(131,128,2);
INSERT INTO "knowledgebase_topic_impacts" VALUES(132,128,38);
INSERT INTO "knowledgebase_topic_impacts" VALUES(133,132,26);
INSERT INTO "knowledgebase_topic_impacts" VALUES(134,133,36);
INSERT INTO "knowledgebase_topic_impacts" VALUES(135,133,37);
INSERT INTO "knowledgebase_topic_impacts" VALUES(136,134,26);
INSERT INTO "knowledgebase_topic_impacts" VALUES(137,134,12);
INSERT INTO "knowledgebase_topic_impacts" VALUES(138,134,37);
INSERT INTO "knowledgebase_topic_impacts" VALUES(139,135,26);
INSERT INTO "knowledgebase_topic_impacts" VALUES(140,147,19);
INSERT INTO "knowledgebase_topic_impacts" VALUES(141,151,2);
INSERT INTO "knowledgebase_topic_impacts" VALUES(142,152,1);
INSERT INTO "knowledgebase_topic_impacts" VALUES(143,153,17);
INSERT INTO "knowledgebase_topic_impacts" VALUES(144,158,17);
INSERT INTO "knowledgebase_topic_impacts" VALUES(145,162,24);
INSERT INTO "knowledgebase_topic_impacts" VALUES(146,167,9);
INSERT INTO "knowledgebase_topic_impacts" VALUES(147,168,9);
INSERT INTO "knowledgebase_topic_impacts" VALUES(148,170,24);
INSERT INTO "knowledgebase_topic_impacts" VALUES(149,170,17);
INSERT INTO "knowledgebase_topic_impacts" VALUES(150,170,23);
INSERT INTO "knowledgebase_topic_impacts" VALUES(151,170,39);
INSERT INTO "knowledgebase_topic_impacts" VALUES(152,172,40);
INSERT INTO "knowledgebase_topic_impacts" VALUES(153,173,41);
INSERT INTO "knowledgebase_topic_impacts" VALUES(154,174,24);
INSERT INTO "knowledgebase_topic_impacts" VALUES(155,176,17);
INSERT INTO "knowledgebase_topic_impacts" VALUES(156,175,17);
INSERT INTO "knowledgebase_topic_impacts" VALUES(157,177,42);
INSERT INTO "knowledgebase_topic_impacts" VALUES(158,178,43);
INSERT INTO "knowledgebase_topic_impacts" VALUES(159,179,26);
INSERT INTO "knowledgebase_topic_impacts" VALUES(160,180,37);
INSERT INTO "knowledgebase_topic_impacts" VALUES(161,182,44);
INSERT INTO "knowledgebase_topic_impacts" VALUES(162,185,7);
INSERT INTO "knowledgebase_topic_impacts" VALUES(163,187,1);
INSERT INTO "knowledgebase_topic_impacts" VALUES(164,187,4);
INSERT INTO "knowledgebase_topic_impacts" VALUES(165,189,24);
INSERT INTO "knowledgebase_topic_impacts" VALUES(166,189,17);
INSERT INTO "knowledgebase_topic_impacts" VALUES(167,193,26);
INSERT INTO "knowledgebase_topic_impacts" VALUES(168,194,17);
INSERT INTO "knowledgebase_topic_impacts" VALUES(169,194,23);
INSERT INTO "knowledgebase_topic_impacts" VALUES(170,195,5);
INSERT INTO "knowledgebase_topic_impacts" VALUES(171,195,29);
INSERT INTO "knowledgebase_topic_impacts" VALUES(172,196,2);
INSERT INTO "knowledgebase_topic_impacts" VALUES(173,197,45);
INSERT INTO "knowledgebase_topic_impacts" VALUES(174,199,46);
INSERT INTO "knowledgebase_topic_impacts" VALUES(175,199,31);
INSERT INTO "knowledgebase_topic_impacts" VALUES(176,200,1);
INSERT INTO "knowledgebase_topic_impacts" VALUES(177,200,2);
INSERT INTO "knowledgebase_topic_impacts" VALUES(178,200,4);
INSERT INTO "knowledgebase_topic_impacts" VALUES(179,200,9);
INSERT INTO "knowledgebase_topic_impacts" VALUES(180,200,12);
INSERT INTO "knowledgebase_topic_impacts" VALUES(181,200,44);
INSERT INTO "knowledgebase_topic_impacts" VALUES(182,200,47);
INSERT INTO "knowledgebase_topic_impacts" VALUES(183,200,48);
CREATE UNIQUE INDEX "auth_group_permissions_group_id_permission_id_0cd325b0_uniq" ON "auth_group_permissions" ("group_id", "permission_id");
CREATE INDEX IF NOT EXISTS "auth_group_permissions_group_id_b120cbf9" ON "auth_group_permissions" ("group_id");
CREATE INDEX IF NOT EXISTS "auth_group_permissions_permission_id_84c5c92e" ON "auth_group_permissions" ("permission_id");
CREATE UNIQUE INDEX "auth_user_groups_user_id_group_id_94350c0c_uniq" ON "auth_user_groups" ("user_id", "group_id");
CREATE INDEX IF NOT EXISTS "auth_user_groups_user_id_6a12ed8b" ON "auth_user_groups" ("user_id");
CREATE INDEX IF NOT EXISTS "auth_user_groups_group_id_97559544" ON "auth_user_groups" ("group_id");
CREATE UNIQUE INDEX "auth_user_user_permissions_user_id_permission_id_14a6b632_uniq" ON "auth_user_user_permissions" ("user_id", "permission_id");
CREATE INDEX IF NOT EXISTS "auth_user_user_permissions_user_id_a95ead1b" ON "auth_user_user_permissions" ("user_id");
CREATE INDEX IF NOT EXISTS "auth_user_user_permissions_permission_id_1fbb5f2c" ON "auth_user_user_permissions" ("permission_id");
CREATE INDEX IF NOT EXISTS "django_admin_log_content_type_id_c4bce8eb" ON "django_admin_log" ("content_type_id");
CREATE INDEX IF NOT EXISTS "django_admin_log_user_id_c564eba6" ON "django_admin_log" ("user_id");
CREATE UNIQUE INDEX "django_content_type_app_label_model_76bd3d3b_uniq" ON "django_content_type" ("app_label", "model");
CREATE UNIQUE INDEX "auth_permission_content_type_id_codename_01ab375a_uniq" ON "auth_permission" ("content_type_id", "codename");
CREATE INDEX IF NOT EXISTS "auth_permission_content_type_id_2f476e4b" ON "auth_permission" ("content_type_id");
CREATE INDEX IF NOT EXISTS "django_session_expire_date_a5c62663" ON "django_session" ("expire_date");
CREATE UNIQUE INDEX "knowledgebase_document_assocs_document_id_actor_id_0dba6674_uniq" ON "knowledgebase_document_assocs" ("document_id", "actor_id");
CREATE INDEX IF NOT EXISTS "knowledgebase_document_assocs_document_id_787a19cd" ON "knowledgebase_document_assocs" ("document_id");
CREATE INDEX IF NOT EXISTS "knowledgebase_document_assocs_actor_id_3ac84104" ON "knowledgebase_document_assocs" ("actor_id");
CREATE UNIQUE INDEX "knowledgebase_topic_products_topic_id_product_id_3f42bd5d_uniq" ON "knowledgebase_topic_products" ("topic_id", "product_id");
CREATE INDEX IF NOT EXISTS "knowledgebase_topic_products_topic_id_f888e9d9" ON "knowledgebase_topic_products" ("topic_id");
CREATE INDEX IF NOT EXISTS "knowledgebase_topic_products_product_id_8629a278" ON "knowledgebase_topic_products" ("product_id");
CREATE UNIQUE INDEX "knowledgebase_topic_locations_topic_id_location_id_f696a750_uniq" ON "knowledgebase_topic_locations" ("topic_id", "location_id");
CREATE INDEX IF NOT EXISTS "knowledgebase_topic_locations_topic_id_6aed79ba" ON "knowledgebase_topic_locations" ("topic_id");
CREATE INDEX IF NOT EXISTS "knowledgebase_topic_locations_location_id_8f9c03b8" ON "knowledgebase_topic_locations" ("location_id");
CREATE UNIQUE INDEX "knowledgebase_topic_activities_topic_id_activity_id_ec4b9f3e_uniq" ON "knowledgebase_topic_activities" ("topic_id", "activity_id");
CREATE INDEX IF NOT EXISTS "knowledgebase_topic_activities_topic_id_9de12ab5" ON "knowledgebase_topic_activities" ("topic_id");
CREATE INDEX IF NOT EXISTS "knowledgebase_topic_activities_activity_id_8baf0b60" ON "knowledgebase_topic_activities" ("activity_id");
CREATE UNIQUE INDEX "knowledgebase_topic_actors_topic_id_actor_id_95b82317_uniq" ON "knowledgebase_topic_actors" ("topic_id", "actor_id");
CREATE INDEX IF NOT EXISTS "knowledgebase_topic_actors_topic_id_8653ede0" ON "knowledgebase_topic_actors" ("topic_id");
CREATE INDEX IF NOT EXISTS "knowledgebase_topic_actors_actor_id_877d062b" ON "knowledgebase_topic_actors" ("actor_id");
CREATE UNIQUE INDEX "knowledgebase_topic_impacts_topic_id_impact_id_c9cfe9f2_uniq" ON "knowledgebase_topic_impacts" ("topic_id", "impact_id");
CREATE INDEX IF NOT EXISTS "knowledgebase_topic_impacts_topic_id_d750e6ab" ON "knowledgebase_topic_impacts" ("topic_id");
CREATE INDEX IF NOT EXISTS "knowledgebase_topic_impacts_impact_id_7b7ca3b9" ON "knowledgebase_topic_impacts" ("impact_id");
CREATE UNIQUE INDEX "knowledgebase_product_members_from_product_id_to_product_id_9a8ccd2c_uniq" ON "knowledgebase_product_members" ("from_product_id", "to_product_id");
CREATE INDEX IF NOT EXISTS "knowledgebase_product_members_from_product_id_c52d0ac5" ON "knowledgebase_product_members" ("from_product_id");
CREATE INDEX IF NOT EXISTS "knowledgebase_product_members_to_product_id_918c8808" ON "knowledgebase_product_members" ("to_product_id");
CREATE UNIQUE INDEX "knowledgebase_location_members_from_location_id_to_location_id_e45db455_uniq" ON "knowledgebase_location_members" ("from_location_id", "to_location_id");
CREATE INDEX IF NOT EXISTS "knowledgebase_location_members_from_location_id_7302ce95" ON "knowledgebase_location_members" ("from_location_id");
CREATE INDEX IF NOT EXISTS "knowledgebase_location_members_to_location_id_6ed01a55" ON "knowledgebase_location_members" ("to_location_id");
CREATE UNIQUE INDEX "knowledgebase_impact_members_from_impact_id_to_impact_id_a4d850d5_uniq" ON "knowledgebase_impact_members" ("from_impact_id", "to_impact_id");
CREATE INDEX IF NOT EXISTS "knowledgebase_impact_members_from_impact_id_105ca189" ON "knowledgebase_impact_members" ("from_impact_id");
CREATE INDEX IF NOT EXISTS "knowledgebase_impact_members_to_impact_id_8b695957" ON "knowledgebase_impact_members" ("to_impact_id");
CREATE UNIQUE INDEX "knowledgebase_activity_members_from_activity_id_to_activity_id_1eff765f_uniq" ON "knowledgebase_activity_members" ("from_activity_id", "to_activity_id");
CREATE INDEX IF NOT EXISTS "knowledgebase_activity_members_from_activity_id_c9a26e2e" ON "knowledgebase_activity_members" ("from_activity_id");
CREATE INDEX IF NOT EXISTS "knowledgebase_activity_members_to_activity_id_579436d7" ON "knowledgebase_activity_members" ("to_activity_id");
CREATE UNIQUE INDEX "knowledgebase_actor_members_from_actor_id_to_actor_id_e7ed223d_uniq" ON "knowledgebase_actor_members" ("from_actor_id", "to_actor_id");
CREATE INDEX IF NOT EXISTS "knowledgebase_actor_members_from_actor_id_f23e9112" ON "knowledgebase_actor_members" ("from_actor_id");
CREATE INDEX IF NOT EXISTS "knowledgebase_actor_members_to_actor_id_0201cd5c" ON "knowledgebase_actor_members" ("to_actor_id");
CREATE INDEX IF NOT EXISTS "rest_framework_api_key_apikey_created_c61872d9" ON "rest_framework_api_key_apikey" ("created");
CREATE INDEX IF NOT EXISTS "knowledgebase_actor_category_id_9ed600e2" ON "knowledgebase_actor" ("category_id");
CREATE INDEX IF NOT EXISTS "knowledgebase_product_category_id_e08a0e2f" ON "knowledgebase_product" ("category_id");
CREATE INDEX IF NOT EXISTS "account_emailconfirmation_email_address_id_5b7f8c58" ON "account_emailconfirmation" ("email_address_id");
CREATE UNIQUE INDEX "account_emailaddress_user_id_email_987c8728_uniq" ON "account_emailaddress" ("user_id", "email");
CREATE UNIQUE INDEX "unique_verified_email" ON "account_emailaddress" ("email") WHERE "verified";
CREATE INDEX IF NOT EXISTS "account_emailaddress_user_id_2c513194" ON "account_emailaddress" ("user_id");
CREATE INDEX IF NOT EXISTS "account_emailaddress_upper" ON "account_emailaddress" ((UPPER("email")));
CREATE UNIQUE INDEX "socialaccount_socialtoken_app_id_account_id_fca4e0ac_uniq" ON "socialaccount_socialtoken" ("app_id", "account_id");
CREATE INDEX IF NOT EXISTS "socialaccount_socialtoken_account_id_951f210e" ON "socialaccount_socialtoken" ("account_id");
CREATE INDEX IF NOT EXISTS "socialaccount_socialtoken_app_id_636a42d7" ON "socialaccount_socialtoken" ("app_id");
CREATE UNIQUE INDEX "socialaccount_socialaccount_provider_uid_fc810c6e_uniq" ON "socialaccount_socialaccount" ("provider", "uid");
CREATE INDEX IF NOT EXISTS "socialaccount_socialaccount_user_id_8146e70c" ON "socialaccount_socialaccount" ("user_id");
CREATE INDEX IF NOT EXISTS "knowledgebase_location_category_id_c7d20c2e" ON "knowledgebase_location" ("category_id");
CREATE INDEX IF NOT EXISTS "knowledgebase_evidence_document_id_c2f41197" ON "knowledgebase_evidence" ("document_id");
CREATE INDEX IF NOT EXISTS "knowledgebase_evidence_topic_id_0486bccd" ON "knowledgebase_evidence" ("topic_id");
CREATE TABLE IF NOT EXISTS "knowledgebase_topic_locations" ("id" integer NOT NULL PRIMARY KEY AUTOINCREMENT, "topic_id" bigint NOT NULL REFERENCES "knowledgebase_topic" ("id") DEFERRABLE INITIALLY DEFERRED, "location_id" bigint NOT NULL REFERENCES "knowledgebase_location" ("id") DEFERRABLE INITIALLY DEFERRED);
INSERT INTO "knowledgebase_topic_locations" VALUES(5,20,8);
INSERT INTO "knowledgebase_topic_locations" VALUES(6,10,10);
INSERT INTO "knowledgebase_topic_locations" VALUES(7,3,1);
INSERT INTO "knowledgebase_topic_locations" VALUES(8,19,11);
INSERT INTO "knowledgebase_topic_locations" VALUES(11,84,35);
INSERT INTO "knowledgebase_topic_locations" VALUES(12,85,35);
INSERT INTO "knowledgebase_topic_locations" VALUES(13,88,35);
INSERT INTO "knowledgebase_topic_locations" VALUES(14,87,35);
INSERT INTO "knowledgebase_topic_locations" VALUES(15,86,35);
INSERT INTO "knowledgebase_topic_locations" VALUES(17,2,2);
INSERT INTO "knowledgebase_topic_locations" VALUES(18,9,8);
INSERT INTO "knowledgebase_topic_locations" VALUES(19,21,8);
INSERT INTO "knowledgebase_topic_locations" VALUES(20,35,20);
INSERT INTO "knowledgebase_topic_locations" VALUES(23,36,20);
INSERT INTO "knowledgebase_topic_locations" VALUES(24,33,20);
INSERT INTO "knowledgebase_topic_locations" VALUES(25,18,1);
INSERT INTO "knowledgebase_topic_locations" VALUES(26,1,1);
INSERT INTO "knowledgebase_topic_locations" VALUES(27,25,17);
INSERT INTO "knowledgebase_topic_locations" VALUES(28,26,17);
INSERT INTO "knowledgebase_topic_locations" VALUES(29,23,17);
INSERT INTO "knowledgebase_topic_locations" VALUES(30,24,17);
INSERT INTO "knowledgebase_topic_locations" VALUES(38,77,34);
INSERT INTO "knowledgebase_topic_locations" VALUES(39,63,30);
INSERT INTO "knowledgebase_topic_locations" VALUES(40,65,30);
INSERT INTO "knowledgebase_topic_locations" VALUES(41,7,7);
INSERT INTO "knowledgebase_topic_locations" VALUES(42,80,7);
INSERT INTO "knowledgebase_topic_locations" VALUES(43,72,11);
INSERT INTO "knowledgebase_topic_locations" VALUES(45,71,31);
INSERT INTO "knowledgebase_topic_locations" VALUES(46,74,33);
INSERT INTO "knowledgebase_topic_locations" VALUES(47,73,33);
INSERT INTO "knowledgebase_topic_locations" VALUES(48,17,14);
INSERT INTO "knowledgebase_topic_locations" VALUES(49,61,28);
INSERT INTO "knowledgebase_topic_locations" VALUES(51,64,29);
INSERT INTO "knowledgebase_topic_locations" VALUES(52,37,21);
INSERT INTO "knowledgebase_topic_locations" VALUES(54,59,22);
INSERT INTO "knowledgebase_topic_locations" VALUES(55,57,26);
INSERT INTO "knowledgebase_topic_locations" VALUES(56,58,25);
INSERT INTO "knowledgebase_topic_locations" VALUES(58,41,6);
INSERT INTO "knowledgebase_topic_locations" VALUES(59,5,6);
INSERT INTO "knowledgebase_topic_locations" VALUES(60,40,6);
INSERT INTO "knowledgebase_topic_locations" VALUES(61,38,6);
INSERT INTO "knowledgebase_topic_locations" VALUES(62,4,4);
INSERT INTO "knowledgebase_topic_locations" VALUES(63,27,19);
INSERT INTO "knowledgebase_topic_locations" VALUES(64,30,19);
INSERT INTO "knowledgebase_topic_locations" VALUES(65,28,19);
INSERT INTO "knowledgebase_topic_locations" VALUES(67,31,19);
INSERT INTO "knowledgebase_topic_locations" VALUES(68,22,15);
INSERT INTO "knowledgebase_topic_locations" VALUES(69,44,23);
INSERT INTO "knowledgebase_topic_locations" VALUES(70,43,23);
INSERT INTO "knowledgebase_topic_locations" VALUES(71,42,22);
INSERT INTO "knowledgebase_topic_locations" VALUES(73,45,13);
INSERT INTO "knowledgebase_topic_locations" VALUES(74,15,13);
INSERT INTO "knowledgebase_topic_locations" VALUES(75,16,13);
INSERT INTO "knowledgebase_topic_locations" VALUES(76,47,24);
INSERT INTO "knowledgebase_topic_locations" VALUES(77,46,12);
INSERT INTO "knowledgebase_topic_locations" VALUES(85,60,27);
INSERT INTO "knowledgebase_topic_locations" VALUES(89,91,7);
INSERT INTO "knowledgebase_topic_locations" VALUES(90,93,3);
INSERT INTO "knowledgebase_topic_locations" VALUES(91,95,37);
INSERT INTO "knowledgebase_topic_locations" VALUES(92,97,19);
INSERT INTO "knowledgebase_topic_locations" VALUES(93,98,39);
INSERT INTO "knowledgebase_topic_locations" VALUES(94,99,41);
INSERT INTO "knowledgebase_topic_locations" VALUES(96,101,42);
INSERT INTO "knowledgebase_topic_locations" VALUES(97,105,44);
INSERT INTO "knowledgebase_topic_locations" VALUES(99,111,47);
INSERT INTO "knowledgebase_topic_locations" VALUES(100,112,48);
INSERT INTO "knowledgebase_topic_locations" VALUES(101,124,8);
INSERT INTO "knowledgebase_topic_locations" VALUES(102,125,49);
INSERT INTO "knowledgebase_topic_locations" VALUES(103,126,50);
INSERT INTO "knowledgebase_topic_locations" VALUES(104,127,50);
INSERT INTO "knowledgebase_topic_locations" VALUES(105,131,51);
INSERT INTO "knowledgebase_topic_locations" VALUES(106,133,40);
INSERT INTO "knowledgebase_topic_locations" VALUES(107,134,52);
INSERT INTO "knowledgebase_topic_locations" VALUES(108,135,52);
INSERT INTO "knowledgebase_topic_locations" VALUES(109,136,52);
INSERT INTO "knowledgebase_topic_locations" VALUES(110,137,52);
INSERT INTO "knowledgebase_topic_locations" VALUES(111,140,36);
INSERT INTO "knowledgebase_topic_locations" VALUES(112,140,7);
INSERT INTO "knowledgebase_topic_locations" VALUES(113,140,19);
INSERT INTO "knowledgebase_topic_locations" VALUES(114,140,53);
INSERT INTO "knowledgebase_topic_locations" VALUES(115,140,31);
INSERT INTO "knowledgebase_topic_locations" VALUES(116,142,19);
INSERT INTO "knowledgebase_topic_locations" VALUES(117,143,54);
INSERT INTO "knowledgebase_topic_locations" VALUES(118,144,54);
INSERT INTO "knowledgebase_topic_locations" VALUES(119,148,9);
INSERT INTO "knowledgebase_topic_locations" VALUES(120,148,30);
INSERT INTO "knowledgebase_topic_locations" VALUES(121,148,55);
INSERT INTO "knowledgebase_topic_locations" VALUES(122,149,56);
INSERT INTO "knowledgebase_topic_locations" VALUES(124,151,8);
INSERT INTO "knowledgebase_topic_locations" VALUES(125,152,57);
INSERT INTO "knowledgebase_topic_locations" VALUES(126,153,58);
INSERT INTO "knowledgebase_topic_locations" VALUES(127,154,56);
INSERT INTO "knowledgebase_topic_locations" VALUES(128,159,59);
INSERT INTO "knowledgebase_topic_locations" VALUES(129,162,60);
INSERT INTO "knowledgebase_topic_locations" VALUES(130,164,62);
INSERT INTO "knowledgebase_topic_locations" VALUES(131,170,65);
INSERT INTO "knowledgebase_topic_locations" VALUES(132,175,3);
INSERT INTO "knowledgebase_topic_locations" VALUES(133,176,2);
INSERT INTO "knowledgebase_topic_locations" VALUES(134,177,36);
INSERT INTO "knowledgebase_topic_locations" VALUES(135,178,61);
INSERT INTO "knowledgebase_topic_locations" VALUES(136,179,66);
INSERT INTO "knowledgebase_topic_locations" VALUES(137,180,40);
INSERT INTO "knowledgebase_topic_locations" VALUES(138,185,67);
INSERT INTO "knowledgebase_topic_locations" VALUES(139,186,68);
INSERT INTO "knowledgebase_topic_locations" VALUES(140,187,7);
INSERT INTO "knowledgebase_topic_locations" VALUES(141,191,19);
INSERT INTO "knowledgebase_topic_locations" VALUES(142,192,69);
INSERT INTO "knowledgebase_topic_locations" VALUES(143,193,70);
INSERT INTO "knowledgebase_topic_locations" VALUES(144,194,3);
INSERT INTO "knowledgebase_topic_locations" VALUES(145,195,36);
INSERT INTO "knowledgebase_topic_locations" VALUES(146,196,71);
INSERT INTO "knowledgebase_topic_locations" VALUES(147,197,61);
INSERT INTO "knowledgebase_topic_locations" VALUES(148,199,72);
INSERT INTO "knowledgebase_topic_locations" VALUES(149,200,74);
CREATE UNIQUE INDEX "auth_group_permissions_group_id_permission_id_0cd325b0_uniq" ON "auth_group_permissions" ("group_id", "permission_id");
CREATE INDEX IF NOT EXISTS "auth_group_permissions_group_id_b120cbf9" ON "auth_group_permissions" ("group_id");
CREATE INDEX IF NOT EXISTS "auth_group_permissions_permission_id_84c5c92e" ON "auth_group_permissions" ("permission_id");
CREATE UNIQUE INDEX "auth_user_groups_user_id_group_id_94350c0c_uniq" ON "auth_user_groups" ("user_id", "group_id");
CREATE INDEX IF NOT EXISTS "auth_user_groups_user_id_6a12ed8b" ON "auth_user_groups" ("user_id");
CREATE INDEX IF NOT EXISTS "auth_user_groups_group_id_97559544" ON "auth_user_groups" ("group_id");
CREATE UNIQUE INDEX "auth_user_user_permissions_user_id_permission_id_14a6b632_uniq" ON "auth_user_user_permissions" ("user_id", "permission_id");
CREATE INDEX IF NOT EXISTS "auth_user_user_permissions_user_id_a95ead1b" ON "auth_user_user_permissions" ("user_id");
CREATE INDEX IF NOT EXISTS "auth_user_user_permissions_permission_id_1fbb5f2c" ON "auth_user_user_permissions" ("permission_id");
CREATE INDEX IF NOT EXISTS "django_admin_log_content_type_id_c4bce8eb" ON "django_admin_log" ("content_type_id");
CREATE INDEX IF NOT EXISTS "django_admin_log_user_id_c564eba6" ON "django_admin_log" ("user_id");
CREATE UNIQUE INDEX "django_content_type_app_label_model_76bd3d3b_uniq" ON "django_content_type" ("app_label", "model");
CREATE UNIQUE INDEX "auth_permission_content_type_id_codename_01ab375a_uniq" ON "auth_permission" ("content_type_id", "codename");
CREATE INDEX IF NOT EXISTS "auth_permission_content_type_id_2f476e4b" ON "auth_permission" ("content_type_id");
CREATE INDEX IF NOT EXISTS "django_session_expire_date_a5c62663" ON "django_session" ("expire_date");
CREATE UNIQUE INDEX "knowledgebase_document_assocs_document_id_actor_id_0dba6674_uniq" ON "knowledgebase_document_assocs" ("document_id", "actor_id");
CREATE INDEX IF NOT EXISTS "knowledgebase_document_assocs_document_id_787a19cd" ON "knowledgebase_document_assocs" ("document_id");
CREATE INDEX IF NOT EXISTS "knowledgebase_document_assocs_actor_id_3ac84104" ON "knowledgebase_document_assocs" ("actor_id");
CREATE UNIQUE INDEX "knowledgebase_topic_products_topic_id_product_id_3f42bd5d_uniq" ON "knowledgebase_topic_products" ("topic_id", "product_id");
CREATE INDEX IF NOT EXISTS "knowledgebase_topic_products_topic_id_f888e9d9" ON "knowledgebase_topic_products" ("topic_id");
CREATE INDEX IF NOT EXISTS "knowledgebase_topic_products_product_id_8629a278" ON "knowledgebase_topic_products" ("product_id");
CREATE UNIQUE INDEX "knowledgebase_topic_locations_topic_id_location_id_f696a750_uniq" ON "knowledgebase_topic_locations" ("topic_id", "location_id");
CREATE INDEX IF NOT EXISTS "knowledgebase_topic_locations_topic_id_6aed79ba" ON "knowledgebase_topic_locations" ("topic_id");
CREATE INDEX IF NOT EXISTS "knowledgebase_topic_locations_location_id_8f9c03b8" ON "knowledgebase_topic_locations" ("location_id");
CREATE UNIQUE INDEX "knowledgebase_topic_activities_topic_id_activity_id_ec4b9f3e_uniq" ON "knowledgebase_topic_activities" ("topic_id", "activity_id");
CREATE INDEX IF NOT EXISTS "knowledgebase_topic_activities_topic_id_9de12ab5" ON "knowledgebase_topic_activities" ("topic_id");
CREATE INDEX IF NOT EXISTS "knowledgebase_topic_activities_activity_id_8baf0b60" ON "knowledgebase_topic_activities" ("activity_id");
CREATE UNIQUE INDEX "knowledgebase_topic_actors_topic_id_actor_id_95b82317_uniq" ON "knowledgebase_topic_actors" ("topic_id", "actor_id");
CREATE INDEX IF NOT EXISTS "knowledgebase_topic_actors_topic_id_8653ede0" ON "knowledgebase_topic_actors" ("topic_id");
CREATE INDEX IF NOT EXISTS "knowledgebase_topic_actors_actor_id_877d062b" ON "knowledgebase_topic_actors" ("actor_id");
CREATE UNIQUE INDEX "knowledgebase_topic_impacts_topic_id_impact_id_c9cfe9f2_uniq" ON "knowledgebase_topic_impacts" ("topic_id", "impact_id");
CREATE INDEX IF NOT EXISTS "knowledgebase_topic_impacts_topic_id_d750e6ab" ON "knowledgebase_topic_impacts" ("topic_id");
CREATE INDEX IF NOT EXISTS "knowledgebase_topic_impacts_impact_id_7b7ca3b9" ON "knowledgebase_topic_impacts" ("impact_id");
CREATE UNIQUE INDEX "knowledgebase_product_members_from_product_id_to_product_id_9a8ccd2c_uniq" ON "knowledgebase_product_members" ("from_product_id", "to_product_id");
CREATE INDEX IF NOT EXISTS "knowledgebase_product_members_from_product_id_c52d0ac5" ON "knowledgebase_product_members" ("from_product_id");
CREATE INDEX IF NOT EXISTS "knowledgebase_product_members_to_product_id_918c8808" ON "knowledgebase_product_members" ("to_product_id");
CREATE UNIQUE INDEX "knowledgebase_location_members_from_location_id_to_location_id_e45db455_uniq" ON "knowledgebase_location_members" ("from_location_id", "to_location_id");
CREATE INDEX IF NOT EXISTS "knowledgebase_location_members_from_location_id_7302ce95" ON "knowledgebase_location_members" ("from_location_id");
CREATE INDEX IF NOT EXISTS "knowledgebase_location_members_to_location_id_6ed01a55" ON "knowledgebase_location_members" ("to_location_id");
CREATE UNIQUE INDEX "knowledgebase_impact_members_from_impact_id_to_impact_id_a4d850d5_uniq" ON "knowledgebase_impact_members" ("from_impact_id", "to_impact_id");
CREATE INDEX IF NOT EXISTS "knowledgebase_impact_members_from_impact_id_105ca189" ON "knowledgebase_impact_members" ("from_impact_id");
CREATE INDEX IF NOT EXISTS "knowledgebase_impact_members_to_impact_id_8b695957" ON "knowledgebase_impact_members" ("to_impact_id");
CREATE UNIQUE INDEX "knowledgebase_activity_members_from_activity_id_to_activity_id_1eff765f_uniq" ON "knowledgebase_activity_members" ("from_activity_id", "to_activity_id");
CREATE INDEX IF NOT EXISTS "knowledgebase_activity_members_from_activity_id_c9a26e2e" ON "knowledgebase_activity_members" ("from_activity_id");
CREATE INDEX IF NOT EXISTS "knowledgebase_activity_members_to_activity_id_579436d7" ON "knowledgebase_activity_members" ("to_activity_id");
CREATE UNIQUE INDEX "knowledgebase_actor_members_from_actor_id_to_actor_id_e7ed223d_uniq" ON "knowledgebase_actor_members" ("from_actor_id", "to_actor_id");
CREATE INDEX IF NOT EXISTS "knowledgebase_actor_members_from_actor_id_f23e9112" ON "knowledgebase_actor_members" ("from_actor_id");
CREATE INDEX IF NOT EXISTS "knowledgebase_actor_members_to_actor_id_0201cd5c" ON "knowledgebase_actor_members" ("to_actor_id");
CREATE INDEX IF NOT EXISTS "rest_framework_api_key_apikey_created_c61872d9" ON "rest_framework_api_key_apikey" ("created");
CREATE INDEX IF NOT EXISTS "knowledgebase_actor_category_id_9ed600e2" ON "knowledgebase_actor" ("category_id");
CREATE INDEX IF NOT EXISTS "knowledgebase_product_category_id_e08a0e2f" ON "knowledgebase_product" ("category_id");
CREATE INDEX IF NOT EXISTS "account_emailconfirmation_email_address_id_5b7f8c58" ON "account_emailconfirmation" ("email_address_id");
CREATE UNIQUE INDEX "account_emailaddress_user_id_email_987c8728_uniq" ON "account_emailaddress" ("user_id", "email");
CREATE UNIQUE INDEX "unique_verified_email" ON "account_emailaddress" ("email") WHERE "verified";
CREATE INDEX IF NOT EXISTS "account_emailaddress_user_id_2c513194" ON "account_emailaddress" ("user_id");
CREATE INDEX IF NOT EXISTS "account_emailaddress_upper" ON "account_emailaddress" ((UPPER("email")));
CREATE UNIQUE INDEX "socialaccount_socialtoken_app_id_account_id_fca4e0ac_uniq" ON "socialaccount_socialtoken" ("app_id", "account_id");
CREATE INDEX IF NOT EXISTS "socialaccount_socialtoken_account_id_951f210e" ON "socialaccount_socialtoken" ("account_id");
CREATE INDEX IF NOT EXISTS "socialaccount_socialtoken_app_id_636a42d7" ON "socialaccount_socialtoken" ("app_id");
CREATE UNIQUE INDEX "socialaccount_socialaccount_provider_uid_fc810c6e_uniq" ON "socialaccount_socialaccount" ("provider", "uid");
CREATE INDEX IF NOT EXISTS "socialaccount_socialaccount_user_id_8146e70c" ON "socialaccount_socialaccount" ("user_id");
CREATE INDEX IF NOT EXISTS "knowledgebase_location_category_id_c7d20c2e" ON "knowledgebase_location" ("category_id");
CREATE INDEX IF NOT EXISTS "knowledgebase_evidence_document_id_c2f41197" ON "knowledgebase_evidence" ("document_id");
CREATE INDEX IF NOT EXISTS "knowledgebase_evidence_topic_id_0486bccd" ON "knowledgebase_evidence" ("topic_id");
CREATE TABLE IF NOT EXISTS "knowledgebase_topic_products" ("id" integer NOT NULL PRIMARY KEY AUTOINCREMENT, "topic_id" bigint NOT NULL REFERENCES "knowledgebase_topic" ("id") DEFERRABLE INITIALLY DEFERRED, "product_id" bigint NOT NULL REFERENCES "knowledgebase_product" ("id") DEFERRABLE INITIALLY DEFERRED);
INSERT INTO "knowledgebase_topic_products" VALUES(10,83,27);
INSERT INTO "knowledgebase_topic_products" VALUES(11,84,28);
INSERT INTO "knowledgebase_topic_products" VALUES(12,85,28);
INSERT INTO "knowledgebase_topic_products" VALUES(13,88,28);
INSERT INTO "knowledgebase_topic_products" VALUES(14,87,28);
INSERT INTO "knowledgebase_topic_products" VALUES(15,86,28);
INSERT INTO "knowledgebase_topic_products" VALUES(17,2,1);
INSERT INTO "knowledgebase_topic_products" VALUES(18,9,1);
INSERT INTO "knowledgebase_topic_products" VALUES(19,21,1);
INSERT INTO "knowledgebase_topic_products" VALUES(20,35,2);
INSERT INTO "knowledgebase_topic_products" VALUES(23,36,2);
INSERT INTO "knowledgebase_topic_products" VALUES(24,33,2);
INSERT INTO "knowledgebase_topic_products" VALUES(25,18,2);
INSERT INTO "knowledgebase_topic_products" VALUES(26,1,2);
INSERT INTO "knowledgebase_topic_products" VALUES(27,25,2);
INSERT INTO "knowledgebase_topic_products" VALUES(28,26,2);
INSERT INTO "knowledgebase_topic_products" VALUES(29,23,2);
INSERT INTO "knowledgebase_topic_products" VALUES(30,24,2);
INSERT INTO "knowledgebase_topic_products" VALUES(32,70,6);
INSERT INTO "knowledgebase_topic_products" VALUES(33,75,6);
INSERT INTO "knowledgebase_topic_products" VALUES(34,67,24);
INSERT INTO "knowledgebase_topic_products" VALUES(35,69,6);
INSERT INTO "knowledgebase_topic_products" VALUES(36,76,24);
INSERT INTO "knowledgebase_topic_products" VALUES(37,66,24);
INSERT INTO "knowledgebase_topic_products" VALUES(38,77,6);
INSERT INTO "knowledgebase_topic_products" VALUES(39,63,6);
INSERT INTO "knowledgebase_topic_products" VALUES(40,65,6);
INSERT INTO "knowledgebase_topic_products" VALUES(41,7,6);
INSERT INTO "knowledgebase_topic_products" VALUES(42,80,6);
INSERT INTO "knowledgebase_topic_products" VALUES(43,72,6);
INSERT INTO "knowledgebase_topic_products" VALUES(45,71,6);
INSERT INTO "knowledgebase_topic_products" VALUES(46,74,6);
INSERT INTO "knowledgebase_topic_products" VALUES(47,73,6);
INSERT INTO "knowledgebase_topic_products" VALUES(48,17,6);
INSERT INTO "knowledgebase_topic_products" VALUES(49,61,6);
INSERT INTO "knowledgebase_topic_products" VALUES(51,64,6);
INSERT INTO "knowledgebase_topic_products" VALUES(52,37,6);
INSERT INTO "knowledgebase_topic_products" VALUES(53,56,21);
INSERT INTO "knowledgebase_topic_products" VALUES(54,59,22);
INSERT INTO "knowledgebase_topic_products" VALUES(55,57,22);
INSERT INTO "knowledgebase_topic_products" VALUES(56,58,22);
INSERT INTO "knowledgebase_topic_products" VALUES(58,41,13);
INSERT INTO "knowledgebase_topic_products" VALUES(59,5,5);
INSERT INTO "knowledgebase_topic_products" VALUES(60,40,5);
INSERT INTO "knowledgebase_topic_products" VALUES(61,38,5);
INSERT INTO "knowledgebase_topic_products" VALUES(62,4,4);
INSERT INTO "knowledgebase_topic_products" VALUES(63,27,12);
INSERT INTO "knowledgebase_topic_products" VALUES(64,30,12);
INSERT INTO "knowledgebase_topic_products" VALUES(65,28,12);
INSERT INTO "knowledgebase_topic_products" VALUES(67,31,12);
INSERT INTO "knowledgebase_topic_products" VALUES(68,22,12);
INSERT INTO "knowledgebase_topic_products" VALUES(69,44,15);
INSERT INTO "knowledgebase_topic_products" VALUES(70,43,15);
INSERT INTO "knowledgebase_topic_products" VALUES(71,42,14);
INSERT INTO "knowledgebase_topic_products" VALUES(72,48,16);
INSERT INTO "knowledgebase_topic_products" VALUES(73,45,10);
INSERT INTO "knowledgebase_topic_products" VALUES(74,15,10);
INSERT INTO "knowledgebase_topic_products" VALUES(75,16,10);
INSERT INTO "knowledgebase_topic_products" VALUES(76,47,10);
INSERT INTO "knowledgebase_topic_products" VALUES(77,46,10);
INSERT INTO "knowledgebase_topic_products" VALUES(79,53,17);
INSERT INTO "knowledgebase_topic_products" VALUES(80,52,17);
INSERT INTO "knowledgebase_topic_products" VALUES(81,54,17);
INSERT INTO "knowledgebase_topic_products" VALUES(82,55,17);
INSERT INTO "knowledgebase_topic_products" VALUES(83,81,25);
INSERT INTO "knowledgebase_topic_products" VALUES(85,60,23);
INSERT INTO "knowledgebase_topic_products" VALUES(86,50,9);
INSERT INTO "knowledgebase_topic_products" VALUES(87,49,9);
INSERT INTO "knowledgebase_topic_products" VALUES(89,82,32);
INSERT INTO "knowledgebase_topic_products" VALUES(90,82,27);
INSERT INTO "knowledgebase_topic_products" VALUES(91,82,29);
INSERT INTO "knowledgebase_topic_products" VALUES(92,82,30);
INSERT INTO "knowledgebase_topic_products" VALUES(93,82,31);
INSERT INTO "knowledgebase_topic_products" VALUES(94,91,28);
INSERT INTO "knowledgebase_topic_products" VALUES(99,93,2);
INSERT INTO "knowledgebase_topic_products" VALUES(100,94,33);
INSERT INTO "knowledgebase_topic_products" VALUES(101,95,29);
INSERT INTO "knowledgebase_topic_products" VALUES(102,96,29);
INSERT INTO "knowledgebase_topic_products" VALUES(103,97,29);
INSERT INTO "knowledgebase_topic_products" VALUES(104,98,34);
INSERT INTO "knowledgebase_topic_products" VALUES(105,99,34);
INSERT INTO "knowledgebase_topic_products" VALUES(106,100,30);
INSERT INTO "knowledgebase_topic_products" VALUES(107,101,2);
INSERT INTO "knowledgebase_topic_products" VALUES(108,102,2);
INSERT INTO "knowledgebase_topic_products" VALUES(110,103,35);
INSERT INTO "knowledgebase_topic_products" VALUES(111,104,36);
INSERT INTO "knowledgebase_topic_products" VALUES(112,104,6);
INSERT INTO "knowledgebase_topic_products" VALUES(113,104,7);
INSERT INTO "knowledgebase_topic_products" VALUES(114,105,6);
INSERT INTO "knowledgebase_topic_products" VALUES(123,19,39);
INSERT INTO "knowledgebase_topic_products" VALUES(124,106,39);
INSERT INTO "knowledgebase_topic_products" VALUES(125,111,39);
INSERT INTO "knowledgebase_topic_products" VALUES(126,112,39);
INSERT INTO "knowledgebase_topic_products" VALUES(127,114,25);
INSERT INTO "knowledgebase_topic_products" VALUES(128,116,41);
INSERT INTO "knowledgebase_topic_products" VALUES(129,117,25);
INSERT INTO "knowledgebase_topic_products" VALUES(130,118,40);
INSERT INTO "knowledgebase_topic_products" VALUES(131,119,2);
INSERT INTO "knowledgebase_topic_products" VALUES(132,120,6);
INSERT INTO "knowledgebase_topic_products" VALUES(133,121,42);
INSERT INTO "knowledgebase_topic_products" VALUES(134,123,43);
INSERT INTO "knowledgebase_topic_products" VALUES(135,129,45);
INSERT INTO "knowledgebase_topic_products" VALUES(136,130,45);
INSERT INTO "knowledgebase_topic_products" VALUES(137,131,45);
INSERT INTO "knowledgebase_topic_products" VALUES(138,132,46);
INSERT INTO "knowledgebase_topic_products" VALUES(139,133,43);
INSERT INTO "knowledgebase_topic_products" VALUES(141,134,47);
INSERT INTO "knowledgebase_topic_products" VALUES(142,135,41);
INSERT INTO "knowledgebase_topic_products" VALUES(143,136,41);
INSERT INTO "knowledgebase_topic_products" VALUES(144,141,24);
INSERT INTO "knowledgebase_topic_products" VALUES(145,142,48);
INSERT INTO "knowledgebase_topic_products" VALUES(146,143,34);
INSERT INTO "knowledgebase_topic_products" VALUES(147,144,30);
INSERT INTO "knowledgebase_topic_products" VALUES(148,146,50);
INSERT INTO "knowledgebase_topic_products" VALUES(149,148,39);
INSERT INTO "knowledgebase_topic_products" VALUES(150,149,29);
INSERT INTO "knowledgebase_topic_products" VALUES(151,150,39);
INSERT INTO "knowledgebase_topic_products" VALUES(152,151,1);
INSERT INTO "knowledgebase_topic_products" VALUES(153,151,49);
INSERT INTO "knowledgebase_topic_products" VALUES(154,151,50);
INSERT INTO "knowledgebase_topic_products" VALUES(155,151,51);
INSERT INTO "knowledgebase_topic_products" VALUES(156,151,52);
INSERT INTO "knowledgebase_topic_products" VALUES(157,152,28);
INSERT INTO "knowledgebase_topic_products" VALUES(158,154,48);
INSERT INTO "knowledgebase_topic_products" VALUES(159,155,55);
INSERT INTO "knowledgebase_topic_products" VALUES(160,156,28);
INSERT INTO "knowledgebase_topic_products" VALUES(161,157,28);
INSERT INTO "knowledgebase_topic_products" VALUES(162,158,50);
INSERT INTO "knowledgebase_topic_products" VALUES(163,159,28);
INSERT INTO "knowledgebase_topic_products" VALUES(164,162,6);
INSERT INTO "knowledgebase_topic_products" VALUES(165,164,39);
INSERT INTO "knowledgebase_topic_products" VALUES(166,165,56);
INSERT INTO "knowledgebase_topic_products" VALUES(167,166,57);
INSERT INTO "knowledgebase_topic_products" VALUES(168,169,5);
INSERT INTO "knowledgebase_topic_products" VALUES(169,170,5);
INSERT INTO "knowledgebase_topic_products" VALUES(170,171,5);
INSERT INTO "knowledgebase_topic_products" VALUES(171,172,39);
INSERT INTO "knowledgebase_topic_products" VALUES(172,175,2);
INSERT INTO "knowledgebase_topic_products" VALUES(173,176,2);
INSERT INTO "knowledgebase_topic_products" VALUES(174,177,58);
INSERT INTO "knowledgebase_topic_products" VALUES(175,177,4);
INSERT INTO "knowledgebase_topic_products" VALUES(176,177,42);
INSERT INTO "knowledgebase_topic_products" VALUES(177,177,7);
INSERT INTO "knowledgebase_topic_products" VALUES(178,178,6);
INSERT INTO "knowledgebase_topic_products" VALUES(179,179,2);
INSERT INTO "knowledgebase_topic_products" VALUES(180,179,6);
INSERT INTO "knowledgebase_topic_products" VALUES(181,186,59);
INSERT INTO "knowledgebase_topic_products" VALUES(182,187,28);
INSERT INTO "knowledgebase_topic_products" VALUES(183,188,50);
INSERT INTO "knowledgebase_topic_products" VALUES(184,188,60);
INSERT INTO "knowledgebase_topic_products" VALUES(185,188,53);
INSERT INTO "knowledgebase_topic_products" VALUES(186,188,54);
INSERT INTO "knowledgebase_topic_products" VALUES(187,189,2);
INSERT INTO "knowledgebase_topic_products" VALUES(188,189,34);
INSERT INTO "knowledgebase_topic_products" VALUES(189,189,36);
INSERT INTO "knowledgebase_topic_products" VALUES(190,189,48);
INSERT INTO "knowledgebase_topic_products" VALUES(191,189,58);
INSERT INTO "knowledgebase_topic_products" VALUES(192,189,28);
INSERT INTO "knowledgebase_topic_products" VALUES(193,189,61);
INSERT INTO "knowledgebase_topic_products" VALUES(194,190,43);
INSERT INTO "knowledgebase_topic_products" VALUES(195,191,48);
INSERT INTO "knowledgebase_topic_products" VALUES(196,192,48);
INSERT INTO "knowledgebase_topic_products" VALUES(197,194,2);
INSERT INTO "knowledgebase_topic_products" VALUES(198,195,58);
INSERT INTO "knowledgebase_topic_products" VALUES(199,195,4);
INSERT INTO "knowledgebase_topic_products" VALUES(200,195,7);
INSERT INTO "knowledgebase_topic_products" VALUES(201,196,41);
INSERT INTO "knowledgebase_topic_products" VALUES(202,197,6);
INSERT INTO "knowledgebase_topic_products" VALUES(203,198,12);
INSERT INTO "knowledgebase_topic_products" VALUES(204,199,2);
INSERT INTO "knowledgebase_topic_products" VALUES(205,199,6);
CREATE UNIQUE INDEX "auth_group_permissions_group_id_permission_id_0cd325b0_uniq" ON "auth_group_permissions" ("group_id", "permission_id");
CREATE INDEX IF NOT EXISTS "auth_group_permissions_group_id_b120cbf9" ON "auth_group_permissions" ("group_id");
CREATE INDEX IF NOT EXISTS "auth_group_permissions_permission_id_84c5c92e" ON "auth_group_permissions" ("permission_id");
CREATE UNIQUE INDEX "auth_user_groups_user_id_group_id_94350c0c_uniq" ON "auth_user_groups" ("user_id", "group_id");
CREATE INDEX IF NOT EXISTS "auth_user_groups_user_id_6a12ed8b" ON "auth_user_groups" ("user_id");
CREATE INDEX IF NOT EXISTS "auth_user_groups_group_id_97559544" ON "auth_user_groups" ("group_id");
CREATE UNIQUE INDEX "auth_user_user_permissions_user_id_permission_id_14a6b632_uniq" ON "auth_user_user_permissions" ("user_id", "permission_id");
CREATE INDEX IF NOT EXISTS "auth_user_user_permissions_user_id_a95ead1b" ON "auth_user_user_permissions" ("user_id");
CREATE INDEX IF NOT EXISTS "auth_user_user_permissions_permission_id_1fbb5f2c" ON "auth_user_user_permissions" ("permission_id");
CREATE INDEX IF NOT EXISTS "django_admin_log_content_type_id_c4bce8eb" ON "django_admin_log" ("content_type_id");
CREATE INDEX IF NOT EXISTS "django_admin_log_user_id_c564eba6" ON "django_admin_log" ("user_id");
CREATE UNIQUE INDEX "django_content_type_app_label_model_76bd3d3b_uniq" ON "django_content_type" ("app_label", "model");
CREATE UNIQUE INDEX "auth_permission_content_type_id_codename_01ab375a_uniq" ON "auth_permission" ("content_type_id", "codename");
CREATE INDEX IF NOT EXISTS "auth_permission_content_type_id_2f476e4b" ON "auth_permission" ("content_type_id");
CREATE INDEX IF NOT EXISTS "django_session_expire_date_a5c62663" ON "django_session" ("expire_date");
CREATE UNIQUE INDEX "knowledgebase_document_assocs_document_id_actor_id_0dba6674_uniq" ON "knowledgebase_document_assocs" ("document_id", "actor_id");
CREATE INDEX IF NOT EXISTS "knowledgebase_document_assocs_document_id_787a19cd" ON "knowledgebase_document_assocs" ("document_id");
CREATE INDEX IF NOT EXISTS "knowledgebase_document_assocs_actor_id_3ac84104" ON "knowledgebase_document_assocs" ("actor_id");
CREATE UNIQUE INDEX "knowledgebase_topic_products_topic_id_product_id_3f42bd5d_uniq" ON "knowledgebase_topic_products" ("topic_id", "product_id");
CREATE INDEX IF NOT EXISTS "knowledgebase_topic_products_topic_id_f888e9d9" ON "knowledgebase_topic_products" ("topic_id");
CREATE INDEX IF NOT EXISTS "knowledgebase_topic_products_product_id_8629a278" ON "knowledgebase_topic_products" ("product_id");
CREATE UNIQUE INDEX "knowledgebase_topic_locations_topic_id_location_id_f696a750_uniq" ON "knowledgebase_topic_locations" ("topic_id", "location_id");
CREATE INDEX IF NOT EXISTS "knowledgebase_topic_locations_topic_id_6aed79ba" ON "knowledgebase_topic_locations" ("topic_id");
CREATE INDEX IF NOT EXISTS "knowledgebase_topic_locations_location_id_8f9c03b8" ON "knowledgebase_topic_locations" ("location_id");
CREATE UNIQUE INDEX "knowledgebase_topic_activities_topic_id_activity_id_ec4b9f3e_uniq" ON "knowledgebase_topic_activities" ("topic_id", "activity_id");
CREATE INDEX IF NOT EXISTS "knowledgebase_topic_activities_topic_id_9de12ab5" ON "knowledgebase_topic_activities" ("topic_id");
CREATE INDEX IF NOT EXISTS "knowledgebase_topic_activities_activity_id_8baf0b60" ON "knowledgebase_topic_activities" ("activity_id");
CREATE UNIQUE INDEX "knowledgebase_topic_actors_topic_id_actor_id_95b82317_uniq" ON "knowledgebase_topic_actors" ("topic_id", "actor_id");
CREATE INDEX IF NOT EXISTS "knowledgebase_topic_actors_topic_id_8653ede0" ON "knowledgebase_topic_actors" ("topic_id");
CREATE INDEX IF NOT EXISTS "knowledgebase_topic_actors_actor_id_877d062b" ON "knowledgebase_topic_actors" ("actor_id");
CREATE UNIQUE INDEX "knowledgebase_topic_impacts_topic_id_impact_id_c9cfe9f2_uniq" ON "knowledgebase_topic_impacts" ("topic_id", "impact_id");
CREATE INDEX IF NOT EXISTS "knowledgebase_topic_impacts_topic_id_d750e6ab" ON "knowledgebase_topic_impacts" ("topic_id");
CREATE INDEX IF NOT EXISTS "knowledgebase_topic_impacts_impact_id_7b7ca3b9" ON "knowledgebase_topic_impacts" ("impact_id");
CREATE UNIQUE INDEX "knowledgebase_product_members_from_product_id_to_product_id_9a8ccd2c_uniq" ON "knowledgebase_product_members" ("from_product_id", "to_product_id");
CREATE INDEX IF NOT EXISTS "knowledgebase_product_members_from_product_id_c52d0ac5" ON "knowledgebase_product_members" ("from_product_id");
CREATE INDEX IF NOT EXISTS "knowledgebase_product_members_to_product_id_918c8808" ON "knowledgebase_product_members" ("to_product_id");
CREATE UNIQUE INDEX "knowledgebase_location_members_from_location_id_to_location_id_e45db455_uniq" ON "knowledgebase_location_members" ("from_location_id", "to_location_id");
CREATE INDEX IF NOT EXISTS "knowledgebase_location_members_from_location_id_7302ce95" ON "knowledgebase_location_members" ("from_location_id");
CREATE INDEX IF NOT EXISTS "knowledgebase_location_members_to_location_id_6ed01a55" ON "knowledgebase_location_members" ("to_location_id");
CREATE UNIQUE INDEX "knowledgebase_impact_members_from_impact_id_to_impact_id_a4d850d5_uniq" ON "knowledgebase_impact_members" ("from_impact_id", "to_impact_id");
CREATE INDEX IF NOT EXISTS "knowledgebase_impact_members_from_impact_id_105ca189" ON "knowledgebase_impact_members" ("from_impact_id");
CREATE INDEX IF NOT EXISTS "knowledgebase_impact_members_to_impact_id_8b695957" ON "knowledgebase_impact_members" ("to_impact_id");
CREATE UNIQUE INDEX "knowledgebase_activity_members_from_activity_id_to_activity_id_1eff765f_uniq" ON "knowledgebase_activity_members" ("from_activity_id", "to_activity_id");
CREATE INDEX IF NOT EXISTS "knowledgebase_activity_members_from_activity_id_c9a26e2e" ON "knowledgebase_activity_members" ("from_activity_id");
CREATE INDEX IF NOT EXISTS "knowledgebase_activity_members_to_activity_id_579436d7" ON "knowledgebase_activity_members" ("to_activity_id");
CREATE UNIQUE INDEX "knowledgebase_actor_members_from_actor_id_to_actor_id_e7ed223d_uniq" ON "knowledgebase_actor_members" ("from_actor_id", "to_actor_id");
CREATE INDEX IF NOT EXISTS "knowledgebase_actor_members_from_actor_id_f23e9112" ON "knowledgebase_actor_members" ("from_actor_id");
CREATE INDEX IF NOT EXISTS "knowledgebase_actor_members_to_actor_id_0201cd5c" ON "knowledgebase_actor_members" ("to_actor_id");
CREATE INDEX IF NOT EXISTS "rest_framework_api_key_apikey_created_c61872d9" ON "rest_framework_api_key_apikey" ("created");
CREATE INDEX IF NOT EXISTS "knowledgebase_actor_category_id_9ed600e2" ON "knowledgebase_actor" ("category_id");
CREATE INDEX IF NOT EXISTS "knowledgebase_product_category_id_e08a0e2f" ON "knowledgebase_product" ("category_id");
CREATE INDEX IF NOT EXISTS "account_emailconfirmation_email_address_id_5b7f8c58" ON "account_emailconfirmation" ("email_address_id");
CREATE UNIQUE INDEX "account_emailaddress_user_id_email_987c8728_uniq" ON "account_emailaddress" ("user_id", "email");
CREATE UNIQUE INDEX "unique_verified_email" ON "account_emailaddress" ("email") WHERE "verified";
CREATE INDEX IF NOT EXISTS "account_emailaddress_user_id_2c513194" ON "account_emailaddress" ("user_id");
CREATE INDEX IF NOT EXISTS "account_emailaddress_upper" ON "account_emailaddress" ((UPPER("email")));
CREATE UNIQUE INDEX "socialaccount_socialtoken_app_id_account_id_fca4e0ac_uniq" ON "socialaccount_socialtoken" ("app_id", "account_id");
CREATE INDEX IF NOT EXISTS "socialaccount_socialtoken_account_id_951f210e" ON "socialaccount_socialtoken" ("account_id");
CREATE INDEX IF NOT EXISTS "socialaccount_socialtoken_app_id_636a42d7" ON "socialaccount_socialtoken" ("app_id");
CREATE UNIQUE INDEX "socialaccount_socialaccount_provider_uid_fc810c6e_uniq" ON "socialaccount_socialaccount" ("provider", "uid");
CREATE INDEX IF NOT EXISTS "socialaccount_socialaccount_user_id_8146e70c" ON "socialaccount_socialaccount" ("user_id");
CREATE INDEX IF NOT EXISTS "knowledgebase_location_category_id_c7d20c2e" ON "knowledgebase_location" ("category_id");
CREATE INDEX IF NOT EXISTS "knowledgebase_evidence_document_id_c2f41197" ON "knowledgebase_evidence" ("document_id");
CREATE INDEX IF NOT EXISTS "knowledgebase_evidence_topic_id_0486bccd" ON "knowledgebase_evidence" ("topic_id");
CREATE TABLE IF NOT EXISTS "rest_framework_api_key_apikey" ("created" datetime NOT NULL, "name" varchar(50) NOT NULL, "revoked" bool NOT NULL, "expiry_date" datetime NULL, "hashed_key" varchar(150) NOT NULL, "prefix" varchar(8) NOT NULL UNIQUE, "id" varchar(150) NOT NULL PRIMARY KEY);
INSERT INTO "rest_framework_api_key_apikey" VALUES('2023-07-05 15:33:42.987048','1234',0,NULL,'pbkdf2_sha256$600000$SXLng0R9EKne8GwaaduIlX$Vvq+ifjlGFeMecGOKZJvyBJKogx3UanZZ+ydUYPpoek=','S9DAgV0c','S9DAgV0c.pbkdf2_sha256$600000$SXLng0R9EKne8GwaaduIlX$Vvq+ifjlGFeMecGOKZJvyBJKogx3UanZZ+ydUYPpoek=');
CREATE UNIQUE INDEX "auth_group_permissions_group_id_permission_id_0cd325b0_uniq" ON "auth_group_permissions" ("group_id", "permission_id");
CREATE INDEX IF NOT EXISTS "auth_group_permissions_group_id_b120cbf9" ON "auth_group_permissions" ("group_id");
CREATE INDEX IF NOT EXISTS "auth_group_permissions_permission_id_84c5c92e" ON "auth_group_permissions" ("permission_id");
CREATE UNIQUE INDEX "auth_user_groups_user_id_group_id_94350c0c_uniq" ON "auth_user_groups" ("user_id", "group_id");
CREATE INDEX IF NOT EXISTS "auth_user_groups_user_id_6a12ed8b" ON "auth_user_groups" ("user_id");
CREATE INDEX IF NOT EXISTS "auth_user_groups_group_id_97559544" ON "auth_user_groups" ("group_id");
CREATE UNIQUE INDEX "auth_user_user_permissions_user_id_permission_id_14a6b632_uniq" ON "auth_user_user_permissions" ("user_id", "permission_id");
CREATE INDEX IF NOT EXISTS "auth_user_user_permissions_user_id_a95ead1b" ON "auth_user_user_permissions" ("user_id");
CREATE INDEX IF NOT EXISTS "auth_user_user_permissions_permission_id_1fbb5f2c" ON "auth_user_user_permissions" ("permission_id");
CREATE INDEX IF NOT EXISTS "django_admin_log_content_type_id_c4bce8eb" ON "django_admin_log" ("content_type_id");
CREATE INDEX IF NOT EXISTS "django_admin_log_user_id_c564eba6" ON "django_admin_log" ("user_id");
CREATE UNIQUE INDEX "django_content_type_app_label_model_76bd3d3b_uniq" ON "django_content_type" ("app_label", "model");
CREATE UNIQUE INDEX "auth_permission_content_type_id_codename_01ab375a_uniq" ON "auth_permission" ("content_type_id", "codename");
CREATE INDEX IF NOT EXISTS "auth_permission_content_type_id_2f476e4b" ON "auth_permission" ("content_type_id");
CREATE INDEX IF NOT EXISTS "django_session_expire_date_a5c62663" ON "django_session" ("expire_date");
CREATE UNIQUE INDEX "knowledgebase_document_assocs_document_id_actor_id_0dba6674_uniq" ON "knowledgebase_document_assocs" ("document_id", "actor_id");
CREATE INDEX IF NOT EXISTS "knowledgebase_document_assocs_document_id_787a19cd" ON "knowledgebase_document_assocs" ("document_id");
CREATE INDEX IF NOT EXISTS "knowledgebase_document_assocs_actor_id_3ac84104" ON "knowledgebase_document_assocs" ("actor_id");
CREATE UNIQUE INDEX "knowledgebase_topic_products_topic_id_product_id_3f42bd5d_uniq" ON "knowledgebase_topic_products" ("topic_id", "product_id");
CREATE INDEX IF NOT EXISTS "knowledgebase_topic_products_topic_id_f888e9d9" ON "knowledgebase_topic_products" ("topic_id");
CREATE INDEX IF NOT EXISTS "knowledgebase_topic_products_product_id_8629a278" ON "knowledgebase_topic_products" ("product_id");
CREATE UNIQUE INDEX "knowledgebase_topic_locations_topic_id_location_id_f696a750_uniq" ON "knowledgebase_topic_locations" ("topic_id", "location_id");
CREATE INDEX IF NOT EXISTS "knowledgebase_topic_locations_topic_id_6aed79ba" ON "knowledgebase_topic_locations" ("topic_id");
CREATE INDEX IF NOT EXISTS "knowledgebase_topic_locations_location_id_8f9c03b8" ON "knowledgebase_topic_locations" ("location_id");
CREATE UNIQUE INDEX "knowledgebase_topic_activities_topic_id_activity_id_ec4b9f3e_uniq" ON "knowledgebase_topic_activities" ("topic_id", "activity_id");
CREATE INDEX IF NOT EXISTS "knowledgebase_topic_activities_topic_id_9de12ab5" ON "knowledgebase_topic_activities" ("topic_id");
CREATE INDEX IF NOT EXISTS "knowledgebase_topic_activities_activity_id_8baf0b60" ON "knowledgebase_topic_activities" ("activity_id");
CREATE UNIQUE INDEX "knowledgebase_topic_actors_topic_id_actor_id_95b82317_uniq" ON "knowledgebase_topic_actors" ("topic_id", "actor_id");
CREATE INDEX IF NOT EXISTS "knowledgebase_topic_actors_topic_id_8653ede0" ON "knowledgebase_topic_actors" ("topic_id");
CREATE INDEX IF NOT EXISTS "knowledgebase_topic_actors_actor_id_877d062b" ON "knowledgebase_topic_actors" ("actor_id");
CREATE UNIQUE INDEX "knowledgebase_topic_impacts_topic_id_impact_id_c9cfe9f2_uniq" ON "knowledgebase_topic_impacts" ("topic_id", "impact_id");
CREATE INDEX IF NOT EXISTS "knowledgebase_topic_impacts_topic_id_d750e6ab" ON "knowledgebase_topic_impacts" ("topic_id");
CREATE INDEX IF NOT EXISTS "knowledgebase_topic_impacts_impact_id_7b7ca3b9" ON "knowledgebase_topic_impacts" ("impact_id");
CREATE UNIQUE INDEX "knowledgebase_product_members_from_product_id_to_product_id_9a8ccd2c_uniq" ON "knowledgebase_product_members" ("from_product_id", "to_product_id");
CREATE INDEX IF NOT EXISTS "knowledgebase_product_members_from_product_id_c52d0ac5" ON "knowledgebase_product_members" ("from_product_id");
CREATE INDEX IF NOT EXISTS "knowledgebase_product_members_to_product_id_918c8808" ON "knowledgebase_product_members" ("to_product_id");
CREATE UNIQUE INDEX "knowledgebase_location_members_from_location_id_to_location_id_e45db455_uniq" ON "knowledgebase_location_members" ("from_location_id", "to_location_id");
CREATE INDEX IF NOT EXISTS "knowledgebase_location_members_from_location_id_7302ce95" ON "knowledgebase_location_members" ("from_location_id");
CREATE INDEX IF NOT EXISTS "knowledgebase_location_members_to_location_id_6ed01a55" ON "knowledgebase_location_members" ("to_location_id");
CREATE UNIQUE INDEX "knowledgebase_impact_members_from_impact_id_to_impact_id_a4d850d5_uniq" ON "knowledgebase_impact_members" ("from_impact_id", "to_impact_id");
CREATE INDEX IF NOT EXISTS "knowledgebase_impact_members_from_impact_id_105ca189" ON "knowledgebase_impact_members" ("from_impact_id");
CREATE INDEX IF NOT EXISTS "knowledgebase_impact_members_to_impact_id_8b695957" ON "knowledgebase_impact_members" ("to_impact_id");
CREATE UNIQUE INDEX "knowledgebase_activity_members_from_activity_id_to_activity_id_1eff765f_uniq" ON "knowledgebase_activity_members" ("from_activity_id", "to_activity_id");
CREATE INDEX IF NOT EXISTS "knowledgebase_activity_members_from_activity_id_c9a26e2e" ON "knowledgebase_activity_members" ("from_activity_id");
CREATE INDEX IF NOT EXISTS "knowledgebase_activity_members_to_activity_id_579436d7" ON "knowledgebase_activity_members" ("to_activity_id");
CREATE UNIQUE INDEX "knowledgebase_actor_members_from_actor_id_to_actor_id_e7ed223d_uniq" ON "knowledgebase_actor_members" ("from_actor_id", "to_actor_id");
CREATE INDEX IF NOT EXISTS "knowledgebase_actor_members_from_actor_id_f23e9112" ON "knowledgebase_actor_members" ("from_actor_id");
CREATE INDEX IF NOT EXISTS "knowledgebase_actor_members_to_actor_id_0201cd5c" ON "knowledgebase_actor_members" ("to_actor_id");
CREATE INDEX IF NOT EXISTS "rest_framework_api_key_apikey_created_c61872d9" ON "rest_framework_api_key_apikey" ("created");
CREATE INDEX IF NOT EXISTS "knowledgebase_actor_category_id_9ed600e2" ON "knowledgebase_actor" ("category_id");
CREATE INDEX IF NOT EXISTS "knowledgebase_product_category_id_e08a0e2f" ON "knowledgebase_product" ("category_id");
CREATE INDEX IF NOT EXISTS "account_emailconfirmation_email_address_id_5b7f8c58" ON "account_emailconfirmation" ("email_address_id");
CREATE UNIQUE INDEX "account_emailaddress_user_id_email_987c8728_uniq" ON "account_emailaddress" ("user_id", "email");
CREATE UNIQUE INDEX "unique_verified_email" ON "account_emailaddress" ("email") WHERE "verified";
CREATE INDEX IF NOT EXISTS "account_emailaddress_user_id_2c513194" ON "account_emailaddress" ("user_id");
CREATE INDEX IF NOT EXISTS "account_emailaddress_upper" ON "account_emailaddress" ((UPPER("email")));
CREATE UNIQUE INDEX "socialaccount_socialtoken_app_id_account_id_fca4e0ac_uniq" ON "socialaccount_socialtoken" ("app_id", "account_id");
CREATE INDEX IF NOT EXISTS "socialaccount_socialtoken_account_id_951f210e" ON "socialaccount_socialtoken" ("account_id");
CREATE INDEX IF NOT EXISTS "socialaccount_socialtoken_app_id_636a42d7" ON "socialaccount_socialtoken" ("app_id");
CREATE UNIQUE INDEX "socialaccount_socialaccount_provider_uid_fc810c6e_uniq" ON "socialaccount_socialaccount" ("provider", "uid");
CREATE INDEX IF NOT EXISTS "socialaccount_socialaccount_user_id_8146e70c" ON "socialaccount_socialaccount" ("user_id");
CREATE INDEX IF NOT EXISTS "knowledgebase_location_category_id_c7d20c2e" ON "knowledgebase_location" ("category_id");
CREATE INDEX IF NOT EXISTS "knowledgebase_evidence_document_id_c2f41197" ON "knowledgebase_evidence" ("document_id");
CREATE INDEX IF NOT EXISTS "knowledgebase_evidence_topic_id_0486bccd" ON "knowledgebase_evidence" ("topic_id");
CREATE TABLE IF NOT EXISTS "socialaccount_socialaccount" ("id" integer NOT NULL PRIMARY KEY AUTOINCREMENT, "provider" varchar(200) NOT NULL, "uid" varchar(191) NOT NULL, "last_login" datetime NOT NULL, "date_joined" datetime NOT NULL, "user_id" integer NOT NULL REFERENCES "auth_user" ("id") DEFERRABLE INITIALLY DEFERRED, "extra_data" text NOT NULL CHECK ((JSON_VALID("extra_data") OR "extra_data" IS NULL)));
CREATE UNIQUE INDEX "auth_group_permissions_group_id_permission_id_0cd325b0_uniq" ON "auth_group_permissions" ("group_id", "permission_id");
CREATE INDEX IF NOT EXISTS "auth_group_permissions_group_id_b120cbf9" ON "auth_group_permissions" ("group_id");
CREATE INDEX IF NOT EXISTS "auth_group_permissions_permission_id_84c5c92e" ON "auth_group_permissions" ("permission_id");
CREATE UNIQUE INDEX "auth_user_groups_user_id_group_id_94350c0c_uniq" ON "auth_user_groups" ("user_id", "group_id");
CREATE INDEX IF NOT EXISTS "auth_user_groups_user_id_6a12ed8b" ON "auth_user_groups" ("user_id");
CREATE INDEX IF NOT EXISTS "auth_user_groups_group_id_97559544" ON "auth_user_groups" ("group_id");
CREATE UNIQUE INDEX "auth_user_user_permissions_user_id_permission_id_14a6b632_uniq" ON "auth_user_user_permissions" ("user_id", "permission_id");
CREATE INDEX IF NOT EXISTS "auth_user_user_permissions_user_id_a95ead1b" ON "auth_user_user_permissions" ("user_id");
CREATE INDEX IF NOT EXISTS "auth_user_user_permissions_permission_id_1fbb5f2c" ON "auth_user_user_permissions" ("permission_id");
CREATE INDEX IF NOT EXISTS "django_admin_log_content_type_id_c4bce8eb" ON "django_admin_log" ("content_type_id");
CREATE INDEX IF NOT EXISTS "django_admin_log_user_id_c564eba6" ON "django_admin_log" ("user_id");
CREATE UNIQUE INDEX "django_content_type_app_label_model_76bd3d3b_uniq" ON "django_content_type" ("app_label", "model");
CREATE UNIQUE INDEX "auth_permission_content_type_id_codename_01ab375a_uniq" ON "auth_permission" ("content_type_id", "codename");
CREATE INDEX IF NOT EXISTS "auth_permission_content_type_id_2f476e4b" ON "auth_permission" ("content_type_id");
CREATE INDEX IF NOT EXISTS "django_session_expire_date_a5c62663" ON "django_session" ("expire_date");
CREATE UNIQUE INDEX "knowledgebase_document_assocs_document_id_actor_id_0dba6674_uniq" ON "knowledgebase_document_assocs" ("document_id", "actor_id");
CREATE INDEX IF NOT EXISTS "knowledgebase_document_assocs_document_id_787a19cd" ON "knowledgebase_document_assocs" ("document_id");
CREATE INDEX IF NOT EXISTS "knowledgebase_document_assocs_actor_id_3ac84104" ON "knowledgebase_document_assocs" ("actor_id");
CREATE UNIQUE INDEX "knowledgebase_topic_products_topic_id_product_id_3f42bd5d_uniq" ON "knowledgebase_topic_products" ("topic_id", "product_id");
CREATE INDEX IF NOT EXISTS "knowledgebase_topic_products_topic_id_f888e9d9" ON "knowledgebase_topic_products" ("topic_id");
CREATE INDEX IF NOT EXISTS "knowledgebase_topic_products_product_id_8629a278" ON "knowledgebase_topic_products" ("product_id");
CREATE UNIQUE INDEX "knowledgebase_topic_locations_topic_id_location_id_f696a750_uniq" ON "knowledgebase_topic_locations" ("topic_id", "location_id");
CREATE INDEX IF NOT EXISTS "knowledgebase_topic_locations_topic_id_6aed79ba" ON "knowledgebase_topic_locations" ("topic_id");
CREATE INDEX IF NOT EXISTS "knowledgebase_topic_locations_location_id_8f9c03b8" ON "knowledgebase_topic_locations" ("location_id");
CREATE UNIQUE INDEX "knowledgebase_topic_activities_topic_id_activity_id_ec4b9f3e_uniq" ON "knowledgebase_topic_activities" ("topic_id", "activity_id");
CREATE INDEX IF NOT EXISTS "knowledgebase_topic_activities_topic_id_9de12ab5" ON "knowledgebase_topic_activities" ("topic_id");
CREATE INDEX IF NOT EXISTS "knowledgebase_topic_activities_activity_id_8baf0b60" ON "knowledgebase_topic_activities" ("activity_id");
CREATE UNIQUE INDEX "knowledgebase_topic_actors_topic_id_actor_id_95b82317_uniq" ON "knowledgebase_topic_actors" ("topic_id", "actor_id");
CREATE INDEX IF NOT EXISTS "knowledgebase_topic_actors_topic_id_8653ede0" ON "knowledgebase_topic_actors" ("topic_id");
CREATE INDEX IF NOT EXISTS "knowledgebase_topic_actors_actor_id_877d062b" ON "knowledgebase_topic_actors" ("actor_id");
CREATE UNIQUE INDEX "knowledgebase_topic_impacts_topic_id_impact_id_c9cfe9f2_uniq" ON "knowledgebase_topic_impacts" ("topic_id", "impact_id");
CREATE INDEX IF NOT EXISTS "knowledgebase_topic_impacts_topic_id_d750e6ab" ON "knowledgebase_topic_impacts" ("topic_id");
CREATE INDEX IF NOT EXISTS "knowledgebase_topic_impacts_impact_id_7b7ca3b9" ON "knowledgebase_topic_impacts" ("impact_id");
CREATE UNIQUE INDEX "knowledgebase_product_members_from_product_id_to_product_id_9a8ccd2c_uniq" ON "knowledgebase_product_members" ("from_product_id", "to_product_id");
CREATE INDEX IF NOT EXISTS "knowledgebase_product_members_from_product_id_c52d0ac5" ON "knowledgebase_product_members" ("from_product_id");
CREATE INDEX IF NOT EXISTS "knowledgebase_product_members_to_product_id_918c8808" ON "knowledgebase_product_members" ("to_product_id");
CREATE UNIQUE INDEX "knowledgebase_location_members_from_location_id_to_location_id_e45db455_uniq" ON "knowledgebase_location_members" ("from_location_id", "to_location_id");
CREATE INDEX IF NOT EXISTS "knowledgebase_location_members_from_location_id_7302ce95" ON "knowledgebase_location_members" ("from_location_id");
CREATE INDEX IF NOT EXISTS "knowledgebase_location_members_to_location_id_6ed01a55" ON "knowledgebase_location_members" ("to_location_id");
CREATE UNIQUE INDEX "knowledgebase_impact_members_from_impact_id_to_impact_id_a4d850d5_uniq" ON "knowledgebase_impact_members" ("from_impact_id", "to_impact_id");
CREATE INDEX IF NOT EXISTS "knowledgebase_impact_members_from_impact_id_105ca189" ON "knowledgebase_impact_members" ("from_impact_id");
CREATE INDEX IF NOT EXISTS "knowledgebase_impact_members_to_impact_id_8b695957" ON "knowledgebase_impact_members" ("to_impact_id");
CREATE UNIQUE INDEX "knowledgebase_activity_members_from_activity_id_to_activity_id_1eff765f_uniq" ON "knowledgebase_activity_members" ("from_activity_id", "to_activity_id");
CREATE INDEX IF NOT EXISTS "knowledgebase_activity_members_from_activity_id_c9a26e2e" ON "knowledgebase_activity_members" ("from_activity_id");
CREATE INDEX IF NOT EXISTS "knowledgebase_activity_members_to_activity_id_579436d7" ON "knowledgebase_activity_members" ("to_activity_id");
CREATE UNIQUE INDEX "knowledgebase_actor_members_from_actor_id_to_actor_id_e7ed223d_uniq" ON "knowledgebase_actor_members" ("from_actor_id", "to_actor_id");
CREATE INDEX IF NOT EXISTS "knowledgebase_actor_members_from_actor_id_f23e9112" ON "knowledgebase_actor_members" ("from_actor_id");
CREATE INDEX IF NOT EXISTS "knowledgebase_actor_members_to_actor_id_0201cd5c" ON "knowledgebase_actor_members" ("to_actor_id");
CREATE INDEX IF NOT EXISTS "rest_framework_api_key_apikey_created_c61872d9" ON "rest_framework_api_key_apikey" ("created");
CREATE INDEX IF NOT EXISTS "knowledgebase_actor_category_id_9ed600e2" ON "knowledgebase_actor" ("category_id");
CREATE INDEX IF NOT EXISTS "knowledgebase_product_category_id_e08a0e2f" ON "knowledgebase_product" ("category_id");
CREATE INDEX IF NOT EXISTS "account_emailconfirmation_email_address_id_5b7f8c58" ON "account_emailconfirmation" ("email_address_id");
CREATE UNIQUE INDEX "account_emailaddress_user_id_email_987c8728_uniq" ON "account_emailaddress" ("user_id", "email");
CREATE UNIQUE INDEX "unique_verified_email" ON "account_emailaddress" ("email") WHERE "verified";
CREATE INDEX IF NOT EXISTS "account_emailaddress_user_id_2c513194" ON "account_emailaddress" ("user_id");
CREATE INDEX IF NOT EXISTS "account_emailaddress_upper" ON "account_emailaddress" ((UPPER("email")));
CREATE UNIQUE INDEX "socialaccount_socialtoken_app_id_account_id_fca4e0ac_uniq" ON "socialaccount_socialtoken" ("app_id", "account_id");
CREATE INDEX IF NOT EXISTS "socialaccount_socialtoken_account_id_951f210e" ON "socialaccount_socialtoken" ("account_id");
CREATE INDEX IF NOT EXISTS "socialaccount_socialtoken_app_id_636a42d7" ON "socialaccount_socialtoken" ("app_id");
CREATE UNIQUE INDEX "socialaccount_socialaccount_provider_uid_fc810c6e_uniq" ON "socialaccount_socialaccount" ("provider", "uid");
CREATE INDEX IF NOT EXISTS "socialaccount_socialaccount_user_id_8146e70c" ON "socialaccount_socialaccount" ("user_id");
CREATE INDEX IF NOT EXISTS "knowledgebase_location_category_id_c7d20c2e" ON "knowledgebase_location" ("category_id");
CREATE INDEX IF NOT EXISTS "knowledgebase_evidence_document_id_c2f41197" ON "knowledgebase_evidence" ("document_id");
CREATE INDEX IF NOT EXISTS "knowledgebase_evidence_topic_id_0486bccd" ON "knowledgebase_evidence" ("topic_id");
CREATE TABLE IF NOT EXISTS "socialaccount_socialapp" ("id" integer NOT NULL PRIMARY KEY AUTOINCREMENT, "provider" varchar(30) NOT NULL, "name" varchar(40) NOT NULL, "client_id" varchar(191) NOT NULL, "secret" varchar(191) NOT NULL, "key" varchar(191) NOT NULL, "provider_id" varchar(200) NOT NULL, "settings" text NOT NULL CHECK ((JSON_VALID("settings") OR "settings" IS NULL)));
INSERT INTO "socialaccount_socialapp" VALUES(1,'nextcloud','Knowledgebase','4iu4QVORr4jDFo1Uh1kpywfya6b1CnWnTEwzdu5SvTJWSZHwuoEBI4cjukhNhn7f','huM4r7SoiPduiPK3C8W1gkFJL56iHSeNwjtCItQqVKYaePjDrEOb0FrIIhMPXSYf','','','{}');
CREATE UNIQUE INDEX "auth_group_permissions_group_id_permission_id_0cd325b0_uniq" ON "auth_group_permissions" ("group_id", "permission_id");
CREATE INDEX IF NOT EXISTS "auth_group_permissions_group_id_b120cbf9" ON "auth_group_permissions" ("group_id");
CREATE INDEX IF NOT EXISTS "auth_group_permissions_permission_id_84c5c92e" ON "auth_group_permissions" ("permission_id");
CREATE UNIQUE INDEX "auth_user_groups_user_id_group_id_94350c0c_uniq" ON "auth_user_groups" ("user_id", "group_id");
CREATE INDEX IF NOT EXISTS "auth_user_groups_user_id_6a12ed8b" ON "auth_user_groups" ("user_id");
CREATE INDEX IF NOT EXISTS "auth_user_groups_group_id_97559544" ON "auth_user_groups" ("group_id");
CREATE UNIQUE INDEX "auth_user_user_permissions_user_id_permission_id_14a6b632_uniq" ON "auth_user_user_permissions" ("user_id", "permission_id");
CREATE INDEX IF NOT EXISTS "auth_user_user_permissions_user_id_a95ead1b" ON "auth_user_user_permissions" ("user_id");
CREATE INDEX IF NOT EXISTS "auth_user_user_permissions_permission_id_1fbb5f2c" ON "auth_user_user_permissions" ("permission_id");
CREATE INDEX IF NOT EXISTS "django_admin_log_content_type_id_c4bce8eb" ON "django_admin_log" ("content_type_id");
CREATE INDEX IF NOT EXISTS "django_admin_log_user_id_c564eba6" ON "django_admin_log" ("user_id");
CREATE UNIQUE INDEX "django_content_type_app_label_model_76bd3d3b_uniq" ON "django_content_type" ("app_label", "model");
CREATE UNIQUE INDEX "auth_permission_content_type_id_codename_01ab375a_uniq" ON "auth_permission" ("content_type_id", "codename");
CREATE INDEX IF NOT EXISTS "auth_permission_content_type_id_2f476e4b" ON "auth_permission" ("content_type_id");
CREATE INDEX IF NOT EXISTS "django_session_expire_date_a5c62663" ON "django_session" ("expire_date");
CREATE UNIQUE INDEX "knowledgebase_document_assocs_document_id_actor_id_0dba6674_uniq" ON "knowledgebase_document_assocs" ("document_id", "actor_id");
CREATE INDEX IF NOT EXISTS "knowledgebase_document_assocs_document_id_787a19cd" ON "knowledgebase_document_assocs" ("document_id");
CREATE INDEX IF NOT EXISTS "knowledgebase_document_assocs_actor_id_3ac84104" ON "knowledgebase_document_assocs" ("actor_id");
CREATE UNIQUE INDEX "knowledgebase_topic_products_topic_id_product_id_3f42bd5d_uniq" ON "knowledgebase_topic_products" ("topic_id", "product_id");
CREATE INDEX IF NOT EXISTS "knowledgebase_topic_products_topic_id_f888e9d9" ON "knowledgebase_topic_products" ("topic_id");
CREATE INDEX IF NOT EXISTS "knowledgebase_topic_products_product_id_8629a278" ON "knowledgebase_topic_products" ("product_id");
CREATE UNIQUE INDEX "knowledgebase_topic_locations_topic_id_location_id_f696a750_uniq" ON "knowledgebase_topic_locations" ("topic_id", "location_id");
CREATE INDEX IF NOT EXISTS "knowledgebase_topic_locations_topic_id_6aed79ba" ON "knowledgebase_topic_locations" ("topic_id");
CREATE INDEX IF NOT EXISTS "knowledgebase_topic_locations_location_id_8f9c03b8" ON "knowledgebase_topic_locations" ("location_id");
CREATE UNIQUE INDEX "knowledgebase_topic_activities_topic_id_activity_id_ec4b9f3e_uniq" ON "knowledgebase_topic_activities" ("topic_id", "activity_id");
CREATE INDEX IF NOT EXISTS "knowledgebase_topic_activities_topic_id_9de12ab5" ON "knowledgebase_topic_activities" ("topic_id");
CREATE INDEX IF NOT EXISTS "knowledgebase_topic_activities_activity_id_8baf0b60" ON "knowledgebase_topic_activities" ("activity_id");
CREATE UNIQUE INDEX "knowledgebase_topic_actors_topic_id_actor_id_95b82317_uniq" ON "knowledgebase_topic_actors" ("topic_id", "actor_id");
CREATE INDEX IF NOT EXISTS "knowledgebase_topic_actors_topic_id_8653ede0" ON "knowledgebase_topic_actors" ("topic_id");
CREATE INDEX IF NOT EXISTS "knowledgebase_topic_actors_actor_id_877d062b" ON "knowledgebase_topic_actors" ("actor_id");
CREATE UNIQUE INDEX "knowledgebase_topic_impacts_topic_id_impact_id_c9cfe9f2_uniq" ON "knowledgebase_topic_impacts" ("topic_id", "impact_id");
CREATE INDEX IF NOT EXISTS "knowledgebase_topic_impacts_topic_id_d750e6ab" ON "knowledgebase_topic_impacts" ("topic_id");
CREATE INDEX IF NOT EXISTS "knowledgebase_topic_impacts_impact_id_7b7ca3b9" ON "knowledgebase_topic_impacts" ("impact_id");
CREATE UNIQUE INDEX "knowledgebase_product_members_from_product_id_to_product_id_9a8ccd2c_uniq" ON "knowledgebase_product_members" ("from_product_id", "to_product_id");
CREATE INDEX IF NOT EXISTS "knowledgebase_product_members_from_product_id_c52d0ac5" ON "knowledgebase_product_members" ("from_product_id");
CREATE INDEX IF NOT EXISTS "knowledgebase_product_members_to_product_id_918c8808" ON "knowledgebase_product_members" ("to_product_id");
CREATE UNIQUE INDEX "knowledgebase_location_members_from_location_id_to_location_id_e45db455_uniq" ON "knowledgebase_location_members" ("from_location_id", "to_location_id");
CREATE INDEX IF NOT EXISTS "knowledgebase_location_members_from_location_id_7302ce95" ON "knowledgebase_location_members" ("from_location_id");
CREATE INDEX IF NOT EXISTS "knowledgebase_location_members_to_location_id_6ed01a55" ON "knowledgebase_location_members" ("to_location_id");
CREATE UNIQUE INDEX "knowledgebase_impact_members_from_impact_id_to_impact_id_a4d850d5_uniq" ON "knowledgebase_impact_members" ("from_impact_id", "to_impact_id");
CREATE INDEX IF NOT EXISTS "knowledgebase_impact_members_from_impact_id_105ca189" ON "knowledgebase_impact_members" ("from_impact_id");
CREATE INDEX IF NOT EXISTS "knowledgebase_impact_members_to_impact_id_8b695957" ON "knowledgebase_impact_members" ("to_impact_id");
CREATE UNIQUE INDEX "knowledgebase_activity_members_from_activity_id_to_activity_id_1eff765f_uniq" ON "knowledgebase_activity_members" ("from_activity_id", "to_activity_id");
CREATE INDEX IF NOT EXISTS "knowledgebase_activity_members_from_activity_id_c9a26e2e" ON "knowledgebase_activity_members" ("from_activity_id");
CREATE INDEX IF NOT EXISTS "knowledgebase_activity_members_to_activity_id_579436d7" ON "knowledgebase_activity_members" ("to_activity_id");
CREATE UNIQUE INDEX "knowledgebase_actor_members_from_actor_id_to_actor_id_e7ed223d_uniq" ON "knowledgebase_actor_members" ("from_actor_id", "to_actor_id");
CREATE INDEX IF NOT EXISTS "knowledgebase_actor_members_from_actor_id_f23e9112" ON "knowledgebase_actor_members" ("from_actor_id");
CREATE INDEX IF NOT EXISTS "knowledgebase_actor_members_to_actor_id_0201cd5c" ON "knowledgebase_actor_members" ("to_actor_id");
CREATE INDEX IF NOT EXISTS "rest_framework_api_key_apikey_created_c61872d9" ON "rest_framework_api_key_apikey" ("created");
CREATE INDEX IF NOT EXISTS "knowledgebase_actor_category_id_9ed600e2" ON "knowledgebase_actor" ("category_id");
CREATE INDEX IF NOT EXISTS "knowledgebase_product_category_id_e08a0e2f" ON "knowledgebase_product" ("category_id");
CREATE INDEX IF NOT EXISTS "account_emailconfirmation_email_address_id_5b7f8c58" ON "account_emailconfirmation" ("email_address_id");
CREATE UNIQUE INDEX "account_emailaddress_user_id_email_987c8728_uniq" ON "account_emailaddress" ("user_id", "email");
CREATE UNIQUE INDEX "unique_verified_email" ON "account_emailaddress" ("email") WHERE "verified";
CREATE INDEX IF NOT EXISTS "account_emailaddress_user_id_2c513194" ON "account_emailaddress" ("user_id");
CREATE INDEX IF NOT EXISTS "account_emailaddress_upper" ON "account_emailaddress" ((UPPER("email")));
CREATE UNIQUE INDEX "socialaccount_socialtoken_app_id_account_id_fca4e0ac_uniq" ON "socialaccount_socialtoken" ("app_id", "account_id");
CREATE INDEX IF NOT EXISTS "socialaccount_socialtoken_account_id_951f210e" ON "socialaccount_socialtoken" ("account_id");
CREATE INDEX IF NOT EXISTS "socialaccount_socialtoken_app_id_636a42d7" ON "socialaccount_socialtoken" ("app_id");
CREATE UNIQUE INDEX "socialaccount_socialaccount_provider_uid_fc810c6e_uniq" ON "socialaccount_socialaccount" ("provider", "uid");
CREATE INDEX IF NOT EXISTS "socialaccount_socialaccount_user_id_8146e70c" ON "socialaccount_socialaccount" ("user_id");
CREATE INDEX IF NOT EXISTS "knowledgebase_location_category_id_c7d20c2e" ON "knowledgebase_location" ("category_id");
CREATE INDEX IF NOT EXISTS "knowledgebase_evidence_document_id_c2f41197" ON "knowledgebase_evidence" ("document_id");
CREATE INDEX IF NOT EXISTS "knowledgebase_evidence_topic_id_0486bccd" ON "knowledgebase_evidence" ("topic_id");
CREATE TABLE IF NOT EXISTS "socialaccount_socialtoken" ("id" integer NOT NULL PRIMARY KEY AUTOINCREMENT, "token" text NOT NULL, "token_secret" text NOT NULL, "expires_at" datetime NULL, "account_id" integer NOT NULL REFERENCES "socialaccount_socialaccount" ("id") DEFERRABLE INITIALLY DEFERRED, "app_id" integer NULL REFERENCES "socialaccount_socialapp" ("id") DEFERRABLE INITIALLY DEFERRED);
CREATE UNIQUE INDEX "auth_group_permissions_group_id_permission_id_0cd325b0_uniq" ON "auth_group_permissions" ("group_id", "permission_id");
CREATE INDEX IF NOT EXISTS "auth_group_permissions_group_id_b120cbf9" ON "auth_group_permissions" ("group_id");
CREATE INDEX IF NOT EXISTS "auth_group_permissions_permission_id_84c5c92e" ON "auth_group_permissions" ("permission_id");
CREATE UNIQUE INDEX "auth_user_groups_user_id_group_id_94350c0c_uniq" ON "auth_user_groups" ("user_id", "group_id");
CREATE INDEX IF NOT EXISTS "auth_user_groups_user_id_6a12ed8b" ON "auth_user_groups" ("user_id");
CREATE INDEX IF NOT EXISTS "auth_user_groups_group_id_97559544" ON "auth_user_groups" ("group_id");
CREATE UNIQUE INDEX "auth_user_user_permissions_user_id_permission_id_14a6b632_uniq" ON "auth_user_user_permissions" ("user_id", "permission_id");
CREATE INDEX IF NOT EXISTS "auth_user_user_permissions_user_id_a95ead1b" ON "auth_user_user_permissions" ("user_id");
CREATE INDEX IF NOT EXISTS "auth_user_user_permissions_permission_id_1fbb5f2c" ON "auth_user_user_permissions" ("permission_id");
CREATE INDEX IF NOT EXISTS "django_admin_log_content_type_id_c4bce8eb" ON "django_admin_log" ("content_type_id");
CREATE INDEX IF NOT EXISTS "django_admin_log_user_id_c564eba6" ON "django_admin_log" ("user_id");
CREATE UNIQUE INDEX "django_content_type_app_label_model_76bd3d3b_uniq" ON "django_content_type" ("app_label", "model");
CREATE UNIQUE INDEX "auth_permission_content_type_id_codename_01ab375a_uniq" ON "auth_permission" ("content_type_id", "codename");
CREATE INDEX IF NOT EXISTS "auth_permission_content_type_id_2f476e4b" ON "auth_permission" ("content_type_id");
CREATE INDEX IF NOT EXISTS "django_session_expire_date_a5c62663" ON "django_session" ("expire_date");
CREATE UNIQUE INDEX "knowledgebase_document_assocs_document_id_actor_id_0dba6674_uniq" ON "knowledgebase_document_assocs" ("document_id", "actor_id");
CREATE INDEX IF NOT EXISTS "knowledgebase_document_assocs_document_id_787a19cd" ON "knowledgebase_document_assocs" ("document_id");
CREATE INDEX IF NOT EXISTS "knowledgebase_document_assocs_actor_id_3ac84104" ON "knowledgebase_document_assocs" ("actor_id");
CREATE UNIQUE INDEX "knowledgebase_topic_products_topic_id_product_id_3f42bd5d_uniq" ON "knowledgebase_topic_products" ("topic_id", "product_id");
CREATE INDEX IF NOT EXISTS "knowledgebase_topic_products_topic_id_f888e9d9" ON "knowledgebase_topic_products" ("topic_id");
CREATE INDEX IF NOT EXISTS "knowledgebase_topic_products_product_id_8629a278" ON "knowledgebase_topic_products" ("product_id");
CREATE UNIQUE INDEX "knowledgebase_topic_locations_topic_id_location_id_f696a750_uniq" ON "knowledgebase_topic_locations" ("topic_id", "location_id");
CREATE INDEX IF NOT EXISTS "knowledgebase_topic_locations_topic_id_6aed79ba" ON "knowledgebase_topic_locations" ("topic_id");
CREATE INDEX IF NOT EXISTS "knowledgebase_topic_locations_location_id_8f9c03b8" ON "knowledgebase_topic_locations" ("location_id");
CREATE UNIQUE INDEX "knowledgebase_topic_activities_topic_id_activity_id_ec4b9f3e_uniq" ON "knowledgebase_topic_activities" ("topic_id", "activity_id");
CREATE INDEX IF NOT EXISTS "knowledgebase_topic_activities_topic_id_9de12ab5" ON "knowledgebase_topic_activities" ("topic_id");
CREATE INDEX IF NOT EXISTS "knowledgebase_topic_activities_activity_id_8baf0b60" ON "knowledgebase_topic_activities" ("activity_id");
CREATE UNIQUE INDEX "knowledgebase_topic_actors_topic_id_actor_id_95b82317_uniq" ON "knowledgebase_topic_actors" ("topic_id", "actor_id");
CREATE INDEX IF NOT EXISTS "knowledgebase_topic_actors_topic_id_8653ede0" ON "knowledgebase_topic_actors" ("topic_id");
CREATE INDEX IF NOT EXISTS "knowledgebase_topic_actors_actor_id_877d062b" ON "knowledgebase_topic_actors" ("actor_id");
CREATE UNIQUE INDEX "knowledgebase_topic_impacts_topic_id_impact_id_c9cfe9f2_uniq" ON "knowledgebase_topic_impacts" ("topic_id", "impact_id");
CREATE INDEX IF NOT EXISTS "knowledgebase_topic_impacts_topic_id_d750e6ab" ON "knowledgebase_topic_impacts" ("topic_id");
CREATE INDEX IF NOT EXISTS "knowledgebase_topic_impacts_impact_id_7b7ca3b9" ON "knowledgebase_topic_impacts" ("impact_id");
CREATE UNIQUE INDEX "knowledgebase_product_members_from_product_id_to_product_id_9a8ccd2c_uniq" ON "knowledgebase_product_members" ("from_product_id", "to_product_id");
CREATE INDEX IF NOT EXISTS "knowledgebase_product_members_from_product_id_c52d0ac5" ON "knowledgebase_product_members" ("from_product_id");
CREATE INDEX IF NOT EXISTS "knowledgebase_product_members_to_product_id_918c8808" ON "knowledgebase_product_members" ("to_product_id");
CREATE UNIQUE INDEX "knowledgebase_location_members_from_location_id_to_location_id_e45db455_uniq" ON "knowledgebase_location_members" ("from_location_id", "to_location_id");
CREATE INDEX IF NOT EXISTS "knowledgebase_location_members_from_location_id_7302ce95" ON "knowledgebase_location_members" ("from_location_id");
CREATE INDEX IF NOT EXISTS "knowledgebase_location_members_to_location_id_6ed01a55" ON "knowledgebase_location_members" ("to_location_id");
CREATE UNIQUE INDEX "knowledgebase_impact_members_from_impact_id_to_impact_id_a4d850d5_uniq" ON "knowledgebase_impact_members" ("from_impact_id", "to_impact_id");
CREATE INDEX IF NOT EXISTS "knowledgebase_impact_members_from_impact_id_105ca189" ON "knowledgebase_impact_members" ("from_impact_id");
CREATE INDEX IF NOT EXISTS "knowledgebase_impact_members_to_impact_id_8b695957" ON "knowledgebase_impact_members" ("to_impact_id");
CREATE UNIQUE INDEX "knowledgebase_activity_members_from_activity_id_to_activity_id_1eff765f_uniq" ON "knowledgebase_activity_members" ("from_activity_id", "to_activity_id");
CREATE INDEX IF NOT EXISTS "knowledgebase_activity_members_from_activity_id_c9a26e2e" ON "knowledgebase_activity_members" ("from_activity_id");
CREATE INDEX IF NOT EXISTS "knowledgebase_activity_members_to_activity_id_579436d7" ON "knowledgebase_activity_members" ("to_activity_id");
CREATE UNIQUE INDEX "knowledgebase_actor_members_from_actor_id_to_actor_id_e7ed223d_uniq" ON "knowledgebase_actor_members" ("from_actor_id", "to_actor_id");
CREATE INDEX IF NOT EXISTS "knowledgebase_actor_members_from_actor_id_f23e9112" ON "knowledgebase_actor_members" ("from_actor_id");
CREATE INDEX IF NOT EXISTS "knowledgebase_actor_members_to_actor_id_0201cd5c" ON "knowledgebase_actor_members" ("to_actor_id");
CREATE INDEX IF NOT EXISTS "rest_framework_api_key_apikey_created_c61872d9" ON "rest_framework_api_key_apikey" ("created");
CREATE INDEX IF NOT EXISTS "knowledgebase_actor_category_id_9ed600e2" ON "knowledgebase_actor" ("category_id");
CREATE INDEX IF NOT EXISTS "knowledgebase_product_category_id_e08a0e2f" ON "knowledgebase_product" ("category_id");
CREATE INDEX IF NOT EXISTS "account_emailconfirmation_email_address_id_5b7f8c58" ON "account_emailconfirmation" ("email_address_id");
CREATE UNIQUE INDEX "account_emailaddress_user_id_email_987c8728_uniq" ON "account_emailaddress" ("user_id", "email");
CREATE UNIQUE INDEX "unique_verified_email" ON "account_emailaddress" ("email") WHERE "verified";
CREATE INDEX IF NOT EXISTS "account_emailaddress_user_id_2c513194" ON "account_emailaddress" ("user_id");
CREATE INDEX IF NOT EXISTS "account_emailaddress_upper" ON "account_emailaddress" ((UPPER("email")));
CREATE UNIQUE INDEX "socialaccount_socialtoken_app_id_account_id_fca4e0ac_uniq" ON "socialaccount_socialtoken" ("app_id", "account_id");
CREATE INDEX IF NOT EXISTS "socialaccount_socialtoken_account_id_951f210e" ON "socialaccount_socialtoken" ("account_id");
CREATE INDEX IF NOT EXISTS "socialaccount_socialtoken_app_id_636a42d7" ON "socialaccount_socialtoken" ("app_id");
CREATE UNIQUE INDEX "socialaccount_socialaccount_provider_uid_fc810c6e_uniq" ON "socialaccount_socialaccount" ("provider", "uid");
CREATE INDEX IF NOT EXISTS "socialaccount_socialaccount_user_id_8146e70c" ON "socialaccount_socialaccount" ("user_id");
CREATE INDEX IF NOT EXISTS "knowledgebase_location_category_id_c7d20c2e" ON "knowledgebase_location" ("category_id");
CREATE INDEX IF NOT EXISTS "knowledgebase_evidence_document_id_c2f41197" ON "knowledgebase_evidence" ("document_id");
CREATE INDEX IF NOT EXISTS "knowledgebase_evidence_topic_id_0486bccd" ON "knowledgebase_evidence" ("topic_id");
